Resp,Death,Employ,Social,pid,Between
0.0,2000.0,8.0,1,1,0
1.0,1600.0,8.0,1,1,0
0.0,2000.0,6.0,1,1,0
1.0,1800.0,6.0,1,1,0
0.0,1200.0,6.0,1,1,0
1.0,1400.0,2.0,1,1,0
0.0,1600.0,12.0,1,1,0
1.0,1400.0,12.0,1,1,0
1.0,1200.0,2.0,1,1,0
1.0,1400.0,6.0,1,1,0
1.0,2000.0,12.0,1,1,0
1.0,2000.0,4.0,1,1,0
1.0,1000.0,6.0,1,1,0
1.0,800.0,2.0,1,1,0
1.0,1200.0,4.0,1,1,0
1.0,1000.0,10.0,1,1,0
1.0,800.0,6.0,1,1,0
0.0,1000.0,8.0,1,1,0
0.0,1400.0,4.0,1,1,0
1.0,1600.0,4.0,1,1,0
1.0,1600.0,2.0,1,1,0
1.0,1800.0,8.0,1,1,0
0.0,1400.0,10.0,1,1,0
0.0,1600.0,6.0,1,1,0
1.0,1800.0,4.0,1,1,0
0.0,1800.0,12.0,1,1,0
0.0,1600.0,10.0,1,1,0
1.0,1000.0,2.0,1,1,0
1.0,1000.0,12.0,1,1,0
1.0,1200.0,8.0,1,1,0
0.0,800.0,10.0,1,1,0
1.0,1400.0,8.0,1,1,0
1.0,1200.0,12.0,1,1,0
1.0,800.0,12.0,1,1,0
0.0,1800.0,2.0,1,1,0
0.0,2000.0,10.0,1,1,0
1.0,800.0,4.0,1,1,0
1.0,1000.0,4.0,1,1,0
1.0,800.0,8.0,1,1,0
1.0,2000.0,2.0,1,1,0
1.0,1200.0,10.0,1,1,0
1.0,1800.0,10.0,1,1,0
1.0,1600.0,4.0,0,1,0
0.0,1600.0,10.0,0,1,0
1.0,1000.0,4.0,0,1,0
1.0,800.0,8.0,0,1,0
1.0,1200.0,10.0,0,1,0
0.0,1800.0,10.0,0,1,0
1.0,1600.0,8.0,0,1,0
0.0,1800.0,4.0,0,1,0
1.0,1000.0,2.0,0,1,0
0.0,1800.0,6.0,0,1,0
1.0,1400.0,6.0,0,1,0
0.0,1000.0,6.0,0,1,0
0.0,1400.0,2.0,0,1,0
1.0,1400.0,12.0,0,1,0
1.0,2000.0,4.0,0,1,0
0.0,1400.0,10.0,0,1,0
1.0,1600.0,6.0,0,1,0
1.0,2000.0,10.0,0,1,0
0.0,1200.0,2.0,0,1,0
1.0,1000.0,10.0,0,1,0
1.0,2000.0,8.0,0,1,0
0.0,1800.0,12.0,0,1,0
0.0,1600.0,12.0,0,1,0
1.0,1400.0,8.0,0,1,0
0.0,1800.0,2.0,0,1,0
1.0,800.0,12.0,0,1,0
1.0,1000.0,8.0,0,1,0
1.0,2000.0,2.0,0,1,0
1.0,2000.0,6.0,0,1,0
0.0,1800.0,8.0,0,1,0
1.0,1200.0,12.0,0,1,0
1.0,1200.0,4.0,0,1,0
1.0,1200.0,8.0,0,1,0
1.0,800.0,4.0,0,1,0
1.0,1000.0,12.0,0,1,0
1.0,1200.0,6.0,0,1,0
1.0,800.0,10.0,0,1,0
1.0,800.0,2.0,0,1,0
1.0,1600.0,2.0,0,1,0
1.0,800.0,6.0,0,1,0
1.0,1400.0,4.0,0,1,0
0.0,2000.0,12.0,0,1,0
1.0,1800.0,12.0,0,2,1
1.0,2000.0,6.0,0,2,1
1.0,800.0,12.0,0,2,1
0.0,1000.0,12.0,0,2,1
1.0,1400.0,10.0,0,2,1
0.0,1000.0,10.0,0,2,1
1.0,800.0,4.0,0,2,1
0.0,2000.0,8.0,0,2,1
1.0,1800.0,10.0,0,2,1
0.0,1600.0,12.0,0,2,1
1.0,1200.0,12.0,0,2,1
0.0,1600.0,6.0,0,2,1
1.0,1800.0,8.0,0,2,1
1.0,1200.0,2.0,0,2,1
1.0,1800.0,6.0,0,2,1
1.0,1200.0,6.0,0,2,1
1.0,1200.0,8.0,0,2,1
0.0,1800.0,4.0,0,2,1
1.0,1600.0,2.0,0,2,1
1.0,800.0,10.0,0,2,1
0.0,1000.0,8.0,0,2,1
0.0,800.0,6.0,0,2,1
1.0,1000.0,4.0,0,2,1
0.0,1000.0,6.0,0,2,1
1.0,1400.0,2.0,0,2,1
1.0,1200.0,4.0,0,2,1
0.0,1400.0,8.0,0,2,1
1.0,2000.0,2.0,0,2,1
0.0,800.0,2.0,0,2,1
1.0,2000.0,12.0,0,2,1
0.0,1200.0,10.0,0,2,1
1.0,1800.0,2.0,0,2,1
1.0,800.0,8.0,0,2,1
0.0,1600.0,8.0,0,2,1
1.0,1400.0,4.0,0,2,1
1.0,1600.0,4.0,0,2,1
0.0,1400.0,12.0,0,2,1
1.0,1000.0,2.0,0,2,1
1.0,1600.0,10.0,0,2,1
0.0,2000.0,10.0,0,2,1
1.0,1400.0,6.0,0,2,1
1.0,2000.0,4.0,0,2,1
1.0,1400.0,10.0,1,2,1
0.0,1000.0,4.0,1,2,1
0.0,1800.0,10.0,1,2,1
0.0,2000.0,12.0,1,2,1
0.0,800.0,4.0,1,2,1
1.0,1600.0,10.0,1,2,1
1.0,2000.0,10.0,1,2,1
1.0,1600.0,2.0,1,2,1
0.0,1000.0,6.0,1,2,1
1.0,1400.0,8.0,1,2,1
0.0,1200.0,10.0,1,2,1
1.0,800.0,12.0,1,2,1
0.0,2000.0,4.0,1,2,1
1.0,1200.0,12.0,1,2,1
1.0,2000.0,2.0,1,2,1
0.0,800.0,10.0,1,2,1
1.0,1400.0,2.0,1,2,1
1.0,1800.0,2.0,1,2,1
0.0,1000.0,2.0,1,2,1
1.0,1000.0,8.0,1,2,1
0.0,1800.0,6.0,1,2,1
1.0,1600.0,12.0,1,2,1
1.0,1600.0,8.0,1,2,1
1.0,1000.0,10.0,1,2,1
0.0,800.0,8.0,1,2,1
0.0,1200.0,4.0,1,2,1
1.0,1200.0,6.0,1,2,1
1.0,1800.0,12.0,1,2,1
1.0,1400.0,6.0,1,2,1
1.0,1400.0,4.0,1,2,1
0.0,1200.0,2.0,1,2,1
1.0,2000.0,8.0,1,2,1
0.0,1800.0,8.0,1,2,1
1.0,800.0,6.0,1,2,1
1.0,2000.0,6.0,1,2,1
1.0,1600.0,4.0,1,2,1
0.0,1400.0,12.0,1,2,1
1.0,1000.0,12.0,1,2,1
0.0,1800.0,4.0,1,2,1
1.0,800.0,2.0,1,2,1
0.0,1600.0,6.0,1,2,1
1.0,1200.0,8.0,1,2,1
1.0,1200.0,6.0,0,3,0
1.0,1200.0,2.0,0,3,0
1.0,800.0,10.0,0,3,0
1.0,1000.0,10.0,0,3,0
1.0,1000.0,4.0,0,3,0
1.0,1600.0,6.0,0,3,0
1.0,1800.0,12.0,0,3,0
1.0,1800.0,2.0,0,3,0
1.0,800.0,2.0,0,3,0
1.0,1000.0,12.0,0,3,0
1.0,1600.0,12.0,0,3,0
1.0,1600.0,2.0,0,3,0
1.0,1400.0,4.0,0,3,0
1.0,1400.0,12.0,0,3,0
1.0,1800.0,4.0,0,3,0
1.0,1000.0,6.0,0,3,0
1.0,1000.0,8.0,0,3,0
1.0,2000.0,10.0,0,3,0
1.0,800.0,12.0,0,3,0
1.0,1800.0,10.0,0,3,0
1.0,1000.0,2.0,0,3,0
1.0,1400.0,6.0,0,3,0
1.0,1600.0,8.0,0,3,0
1.0,1200.0,4.0,0,3,0
1.0,1200.0,8.0,0,3,0
1.0,1400.0,10.0,0,3,0
1.0,2000.0,2.0,0,3,0
1.0,1600.0,4.0,0,3,0
1.0,800.0,4.0,0,3,0
1.0,2000.0,4.0,0,3,0
1.0,1800.0,6.0,0,3,0
1.0,1200.0,10.0,0,3,0
1.0,2000.0,6.0,0,3,0
1.0,2000.0,8.0,0,3,0
1.0,2000.0,12.0,0,3,0
1.0,1200.0,12.0,0,3,0
1.0,1800.0,8.0,0,3,0
1.0,1600.0,10.0,0,3,0
1.0,800.0,8.0,0,3,0
1.0,800.0,6.0,0,3,0
1.0,1400.0,2.0,0,3,0
1.0,1400.0,8.0,0,3,0
1.0,1000.0,12.0,1,3,0
1.0,1400.0,10.0,1,3,0
1.0,1000.0,4.0,1,3,0
1.0,1800.0,6.0,1,3,0
1.0,1600.0,8.0,1,3,0
1.0,1800.0,4.0,1,3,0
1.0,1800.0,10.0,1,3,0
1.0,1000.0,10.0,1,3,0
1.0,1200.0,6.0,1,3,0
1.0,1600.0,2.0,1,3,0
1.0,1800.0,2.0,1,3,0
1.0,2000.0,10.0,1,3,0
1.0,1200.0,12.0,1,3,0
1.0,2000.0,12.0,1,3,0
1.0,1800.0,12.0,1,3,0
1.0,1400.0,12.0,1,3,0
1.0,1600.0,4.0,1,3,0
1.0,1200.0,4.0,1,3,0
1.0,1600.0,6.0,1,3,0
1.0,1200.0,2.0,1,3,0
1.0,1200.0,10.0,1,3,0
1.0,800.0,6.0,1,3,0
1.0,800.0,10.0,1,3,0
1.0,2000.0,8.0,1,3,0
1.0,800.0,12.0,1,3,0
1.0,1400.0,8.0,1,3,0
1.0,1000.0,6.0,1,3,0
1.0,1400.0,4.0,1,3,0
1.0,800.0,4.0,1,3,0
1.0,1200.0,8.0,1,3,0
1.0,1400.0,6.0,1,3,0
1.0,800.0,2.0,1,3,0
1.0,2000.0,6.0,1,3,0
1.0,1600.0,12.0,1,3,0
1.0,1000.0,2.0,1,3,0
1.0,800.0,8.0,1,3,0
1.0,2000.0,4.0,1,3,0
1.0,1600.0,10.0,1,3,0
1.0,2000.0,2.0,1,3,0
1.0,1400.0,2.0,1,3,0
1.0,1800.0,8.0,1,3,0
1.0,1000.0,8.0,1,3,0
1.0,800.0,8.0,1,4,1
1.0,800.0,10.0,1,4,1
1.0,1600.0,8.0,1,4,1
1.0,1800.0,2.0,1,4,1
1.0,1200.0,6.0,1,4,1
1.0,2000.0,10.0,1,4,1
1.0,1000.0,2.0,1,4,1
1.0,1400.0,2.0,1,4,1
1.0,1600.0,10.0,1,4,1
1.0,800.0,12.0,1,4,1
1.0,1600.0,6.0,1,4,1
1.0,2000.0,8.0,1,4,1
1.0,1400.0,4.0,1,4,1
1.0,800.0,4.0,1,4,1
1.0,1200.0,8.0,1,4,1
1.0,1400.0,10.0,1,4,1
1.0,1800.0,12.0,1,4,1
1.0,1000.0,6.0,1,4,1
1.0,2000.0,4.0,1,4,1
1.0,1200.0,2.0,1,4,1
1.0,1000.0,4.0,1,4,1
1.0,2000.0,2.0,1,4,1
1.0,1200.0,12.0,1,4,1
1.0,1200.0,10.0,1,4,1
1.0,1600.0,12.0,1,4,1
1.0,1000.0,12.0,1,4,1
1.0,1200.0,4.0,1,4,1
1.0,1800.0,8.0,1,4,1
1.0,2000.0,6.0,1,4,1
1.0,1800.0,10.0,1,4,1
1.0,1400.0,12.0,1,4,1
1.0,1800.0,4.0,1,4,1
1.0,1400.0,8.0,1,4,1
1.0,1800.0,6.0,1,4,1
1.0,800.0,2.0,1,4,1
1.0,1000.0,8.0,1,4,1
1.0,1600.0,2.0,1,4,1
1.0,800.0,6.0,1,4,1
1.0,1600.0,4.0,1,4,1
1.0,2000.0,12.0,1,4,1
1.0,1400.0,6.0,1,4,1
1.0,1000.0,10.0,1,4,1
1.0,800.0,10.0,0,4,1
1.0,2000.0,8.0,0,4,1
1.0,1600.0,10.0,0,4,1
1.0,800.0,6.0,0,4,1
1.0,1800.0,8.0,0,4,1
1.0,2000.0,2.0,0,4,1
1.0,1000.0,6.0,0,4,1
1.0,1800.0,6.0,0,4,1
1.0,1400.0,4.0,0,4,1
1.0,1000.0,10.0,0,4,1
1.0,1000.0,2.0,0,4,1
1.0,800.0,4.0,0,4,1
1.0,1200.0,10.0,0,4,1
1.0,1600.0,6.0,0,4,1
1.0,800.0,2.0,0,4,1
1.0,1400.0,12.0,0,4,1
1.0,1800.0,2.0,0,4,1
1.0,800.0,8.0,0,4,1
1.0,1600.0,2.0,0,4,1
1.0,1000.0,8.0,0,4,1
1.0,1600.0,8.0,0,4,1
1.0,800.0,12.0,0,4,1
1.0,1000.0,12.0,0,4,1
1.0,2000.0,12.0,0,4,1
1.0,1800.0,4.0,0,4,1
1.0,1400.0,2.0,0,4,1
1.0,1400.0,6.0,0,4,1
1.0,1200.0,4.0,0,4,1
1.0,1200.0,6.0,0,4,1
1.0,2000.0,4.0,0,4,1
1.0,1200.0,2.0,0,4,1
1.0,1200.0,12.0,0,4,1
1.0,2000.0,10.0,0,4,1
1.0,1000.0,4.0,0,4,1
1.0,1400.0,10.0,0,4,1
1.0,1800.0,12.0,0,4,1
1.0,1600.0,12.0,0,4,1
1.0,1600.0,4.0,0,4,1
1.0,1200.0,8.0,0,4,1
1.0,1800.0,10.0,0,4,1
1.0,1400.0,8.0,0,4,1
1.0,2000.0,6.0,0,4,1
1.0,1600.0,8.0,1,5,0
1.0,1200.0,6.0,1,5,0
1.0,1600.0,12.0,1,5,0
1.0,1800.0,8.0,1,5,0
0.0,1400.0,2.0,1,5,0
1.0,800.0,12.0,1,5,0
1.0,1200.0,10.0,1,5,0
0.0,1400.0,4.0,1,5,0
1.0,1000.0,6.0,1,5,0
1.0,1800.0,12.0,1,5,0
0.0,1400.0,10.0,1,5,0
0.0,800.0,2.0,1,5,0
1.0,2000.0,8.0,1,5,0
0.0,1600.0,2.0,1,5,0
1.0,2000.0,2.0,1,5,0
1.0,2000.0,10.0,1,5,0
1.0,1600.0,10.0,1,5,0
0.0,1200.0,4.0,1,5,0
1.0,1200.0,8.0,1,5,0
1.0,800.0,8.0,1,5,0
1.0,1200.0,12.0,1,5,0
0.0,1800.0,6.0,1,5,0
1.0,1400.0,12.0,1,5,0
0.0,1200.0,2.0,1,5,0
1.0,1800.0,10.0,1,5,0
0.0,1800.0,4.0,1,5,0
1.0,1000.0,10.0,1,5,0
1.0,2000.0,12.0,1,5,0
1.0,2000.0,6.0,1,5,0
0.0,1400.0,6.0,1,5,0
0.0,2000.0,4.0,1,5,0
1.0,800.0,4.0,1,5,0
1.0,1000.0,8.0,1,5,0
0.0,1000.0,2.0,1,5,0
1.0,800.0,10.0,1,5,0
0.0,1000.0,4.0,1,5,0
1.0,800.0,6.0,1,5,0
1.0,1400.0,8.0,1,5,0
1.0,1600.0,6.0,1,5,0
1.0,1000.0,12.0,1,5,0
0.0,1600.0,4.0,1,5,0
0.0,1800.0,2.0,1,5,0
1.0,1600.0,6.0,0,5,0
0.0,800.0,4.0,0,5,0
1.0,2000.0,10.0,0,5,0
1.0,800.0,8.0,0,5,0
1.0,800.0,12.0,0,5,0
0.0,1400.0,2.0,0,5,0
0.0,1400.0,4.0,0,5,0
1.0,1000.0,6.0,0,5,0
0.0,1200.0,4.0,0,5,0
1.0,2000.0,4.0,0,5,0
1.0,2000.0,8.0,0,5,0
1.0,2000.0,12.0,0,5,0
1.0,1200.0,10.0,0,5,0
0.0,1800.0,2.0,0,5,0
1.0,1200.0,6.0,0,5,0
1.0,1000.0,8.0,0,5,0
1.0,1600.0,10.0,0,5,0
1.0,1800.0,10.0,0,5,0
1.0,1600.0,12.0,0,5,0
1.0,1400.0,10.0,0,5,0
1.0,1000.0,10.0,0,5,0
0.0,1600.0,4.0,0,5,0
1.0,1800.0,8.0,0,5,0
1.0,1400.0,12.0,0,5,0
0.0,1200.0,2.0,0,5,0
1.0,1400.0,6.0,0,5,0
1.0,1600.0,8.0,0,5,0
0.0,800.0,2.0,0,5,0
1.0,800.0,6.0,0,5,0
1.0,1200.0,12.0,0,5,0
0.0,1000.0,2.0,0,5,0
0.0,1800.0,6.0,0,5,0
1.0,800.0,10.0,0,5,0
1.0,2000.0,6.0,0,5,0
0.0,1600.0,2.0,0,5,0
1.0,1800.0,12.0,0,5,0
1.0,1200.0,8.0,0,5,0
1.0,1400.0,8.0,0,5,0
0.0,1000.0,4.0,0,5,0
0.0,2000.0,2.0,0,5,0
1.0,1000.0,12.0,0,5,0
0.0,1800.0,4.0,0,5,0
1.0,1000.0,4.0,0,6,1
1.0,1000.0,6.0,0,6,1
0.0,1600.0,12.0,0,6,1
1.0,1400.0,2.0,0,6,1
1.0,1800.0,10.0,0,6,1
1.0,1400.0,12.0,0,6,1
1.0,1400.0,8.0,0,6,1
0.0,1800.0,12.0,0,6,1
1.0,1800.0,8.0,0,6,1
1.0,1000.0,8.0,0,6,1
1.0,1000.0,10.0,0,6,1
1.0,1400.0,10.0,0,6,1
1.0,1200.0,8.0,0,6,1
0.0,2000.0,10.0,0,6,1
0.0,800.0,12.0,0,6,1
1.0,1400.0,4.0,0,6,1
1.0,1600.0,2.0,0,6,1
1.0,1200.0,6.0,0,6,1
1.0,1400.0,6.0,0,6,1
0.0,2000.0,4.0,0,6,1
1.0,800.0,6.0,0,6,1
1.0,1600.0,6.0,0,6,1
0.0,2000.0,8.0,0,6,1
1.0,1200.0,2.0,0,6,1
1.0,1000.0,12.0,0,6,1
0.0,1200.0,12.0,0,6,1
1.0,1200.0,4.0,0,6,1
1.0,800.0,4.0,0,6,1
1.0,800.0,8.0,0,6,1
0.0,1200.0,10.0,0,6,1
0.0,1600.0,8.0,0,6,1
1.0,1600.0,4.0,0,6,1
0.0,1600.0,10.0,0,6,1
1.0,1800.0,2.0,0,6,1
1.0,1000.0,2.0,0,6,1
1.0,1800.0,6.0,0,6,1
1.0,1800.0,4.0,0,6,1
1.0,2000.0,6.0,0,6,1
1.0,2000.0,2.0,0,6,1
0.0,800.0,10.0,0,6,1
1.0,800.0,2.0,0,6,1
1.0,2000.0,12.0,0,6,1
1.0,2000.0,2.0,1,6,1
1.0,1400.0,12.0,1,6,1
1.0,2000.0,6.0,1,6,1
1.0,1000.0,6.0,1,6,1
0.0,1600.0,6.0,1,6,1
0.0,1000.0,8.0,1,6,1
0.0,1800.0,12.0,1,6,1
1.0,1200.0,2.0,1,6,1
0.0,1800.0,10.0,1,6,1
0.0,1600.0,10.0,1,6,1
1.0,1600.0,2.0,1,6,1
1.0,1800.0,8.0,1,6,1
1.0,1800.0,2.0,1,6,1
1.0,1200.0,8.0,1,6,1
1.0,1400.0,10.0,1,6,1
1.0,800.0,6.0,1,6,1
1.0,1000.0,12.0,1,6,1
1.0,1400.0,2.0,1,6,1
1.0,800.0,4.0,1,6,1
1.0,1800.0,4.0,1,6,1
1.0,1400.0,6.0,1,6,1
1.0,800.0,10.0,1,6,1
1.0,1000.0,10.0,1,6,1
1.0,1200.0,12.0,1,6,1
1.0,1400.0,8.0,1,6,1
1.0,1000.0,2.0,1,6,1
1.0,800.0,12.0,1,6,1
1.0,1600.0,4.0,1,6,1
1.0,1800.0,6.0,1,6,1
1.0,800.0,2.0,1,6,1
1.0,800.0,8.0,1,6,1
1.0,1600.0,12.0,1,6,1
1.0,1200.0,10.0,1,6,1
1.0,1400.0,4.0,1,6,1
1.0,1000.0,4.0,1,6,1
0.0,2000.0,10.0,1,6,1
1.0,1600.0,8.0,1,6,1
1.0,2000.0,12.0,1,6,1
1.0,2000.0,4.0,1,6,1
1.0,2000.0,8.0,1,6,1
1.0,1200.0,4.0,1,6,1
1.0,1200.0,6.0,1,6,1
1.0,1800.0,4.0,0,7,0
1.0,2000.0,12.0,0,7,0
1.0,1200.0,6.0,0,7,0
1.0,1000.0,2.0,0,7,0
1.0,1000.0,12.0,0,7,0
1.0,1600.0,4.0,0,7,0
1.0,1600.0,8.0,0,7,0
1.0,1400.0,12.0,0,7,0
1.0,1000.0,6.0,0,7,0
1.0,1600.0,12.0,0,7,0
1.0,1800.0,10.0,0,7,0
0.0,800.0,12.0,0,7,0
1.0,1800.0,2.0,0,7,0
1.0,1400.0,10.0,0,7,0
1.0,1400.0,4.0,0,7,0
1.0,1800.0,12.0,0,7,0
1.0,1200.0,12.0,0,7,0
1.0,1200.0,8.0,0,7,0
1.0,1600.0,10.0,0,7,0
1.0,1600.0,6.0,0,7,0
1.0,1600.0,2.0,0,7,0
1.0,2000.0,8.0,0,7,0
1.0,1200.0,10.0,0,7,0
1.0,2000.0,2.0,0,7,0
1.0,2000.0,10.0,0,7,0
1.0,800.0,8.0,0,7,0
1.0,800.0,6.0,0,7,0
1.0,2000.0,4.0,0,7,0
1.0,1800.0,8.0,0,7,0
1.0,2000.0,6.0,0,7,0
1.0,1400.0,2.0,0,7,0
1.0,1400.0,6.0,0,7,0
1.0,1000.0,8.0,0,7,0
1.0,1200.0,4.0,0,7,0
1.0,1400.0,8.0,0,7,0
1.0,1200.0,2.0,0,7,0
1.0,1800.0,6.0,0,7,0
1.0,800.0,10.0,0,7,0
1.0,1000.0,4.0,0,7,0
1.0,800.0,4.0,0,7,0
1.0,800.0,2.0,0,7,0
1.0,1000.0,10.0,0,7,0
1.0,1000.0,8.0,1,7,0
1.0,2000.0,12.0,1,7,0
1.0,1200.0,8.0,1,7,0
1.0,1600.0,12.0,1,7,0
1.0,1200.0,12.0,1,7,0
1.0,1000.0,12.0,1,7,0
1.0,1600.0,2.0,1,7,0
1.0,1400.0,4.0,1,7,0
1.0,800.0,10.0,1,7,0
1.0,1800.0,10.0,1,7,0
1.0,800.0,2.0,1,7,0
1.0,1200.0,2.0,1,7,0
1.0,1000.0,6.0,1,7,0
1.0,1400.0,2.0,1,7,0
1.0,1800.0,12.0,1,7,0
1.0,1000.0,10.0,1,7,0
1.0,2000.0,8.0,1,7,0
1.0,1600.0,10.0,1,7,0
1.0,1600.0,4.0,1,7,0
1.0,1800.0,4.0,1,7,0
1.0,1400.0,12.0,1,7,0
1.0,2000.0,2.0,1,7,0
1.0,1600.0,8.0,1,7,0
1.0,800.0,12.0,1,7,0
1.0,1200.0,6.0,1,7,0
1.0,800.0,8.0,1,7,0
1.0,1200.0,10.0,1,7,0
1.0,1400.0,8.0,1,7,0
1.0,2000.0,4.0,1,7,0
1.0,1600.0,6.0,1,7,0
1.0,1000.0,2.0,1,7,0
1.0,1800.0,2.0,1,7,0
1.0,1200.0,4.0,1,7,0
1.0,2000.0,10.0,1,7,0
1.0,800.0,4.0,1,7,0
1.0,1800.0,6.0,1,7,0
1.0,1800.0,8.0,1,7,0
1.0,800.0,6.0,1,7,0
1.0,1400.0,6.0,1,7,0
1.0,1000.0,4.0,1,7,0
1.0,1400.0,10.0,1,7,0
1.0,2000.0,6.0,1,7,0
1.0,1800.0,6.0,0,8,0
1.0,1400.0,2.0,0,8,0
0.0,1200.0,12.0,0,8,0
1.0,1800.0,2.0,0,8,0
1.0,2000.0,4.0,0,8,0
0.0,1200.0,4.0,0,8,0
0.0,1400.0,6.0,0,8,0
0.0,1800.0,10.0,0,8,0
0.0,800.0,10.0,0,8,0
0.0,1200.0,10.0,0,8,0
1.0,2000.0,6.0,0,8,0
0.0,1000.0,8.0,0,8,0
0.0,1400.0,12.0,0,8,0
0.0,1400.0,10.0,0,8,0
1.0,2000.0,8.0,0,8,0
1.0,1600.0,2.0,0,8,0
1.0,1200.0,2.0,0,8,0
0.0,800.0,12.0,0,8,0
1.0,2000.0,12.0,0,8,0
0.0,1600.0,4.0,0,8,0
0.0,800.0,8.0,0,8,0
0.0,800.0,6.0,0,8,0
1.0,800.0,2.0,0,8,0
0.0,800.0,4.0,0,8,0
1.0,2000.0,10.0,0,8,0
0.0,1200.0,6.0,0,8,0
0.0,1000.0,12.0,0,8,0
0.0,1800.0,8.0,0,8,0
0.0,1600.0,10.0,0,8,0
1.0,1800.0,4.0,0,8,0
0.0,1000.0,10.0,0,8,0
0.0,1000.0,6.0,0,8,0
0.0,1600.0,6.0,0,8,0
0.0,1200.0,8.0,0,8,0
0.0,1000.0,4.0,0,8,0
0.0,1600.0,8.0,0,8,0
1.0,1000.0,2.0,0,8,0
0.0,1800.0,12.0,0,8,0
1.0,2000.0,2.0,0,8,0
0.0,1400.0,8.0,0,8,0
0.0,1400.0,4.0,0,8,0
0.0,1600.0,12.0,0,8,0
1.0,2000.0,12.0,1,8,0
1.0,800.0,4.0,1,8,0
1.0,1200.0,2.0,1,8,0
1.0,2000.0,8.0,1,8,0
1.0,1600.0,2.0,1,8,0
1.0,1600.0,6.0,1,8,0
1.0,1800.0,10.0,1,8,0
0.0,1200.0,12.0,1,8,0
1.0,2000.0,10.0,1,8,0
1.0,2000.0,2.0,1,8,0
1.0,1600.0,4.0,1,8,0
1.0,1200.0,10.0,1,8,0
0.0,1000.0,12.0,1,8,0
1.0,2000.0,4.0,1,8,0
0.0,1600.0,12.0,1,8,0
1.0,1600.0,10.0,1,8,0
1.0,800.0,2.0,1,8,0
1.0,1400.0,8.0,1,8,0
0.0,800.0,12.0,1,8,0
1.0,2000.0,6.0,1,8,0
0.0,800.0,6.0,1,8,0
0.0,800.0,8.0,1,8,0
1.0,1000.0,2.0,1,8,0
1.0,1000.0,6.0,1,8,0
1.0,1000.0,8.0,1,8,0
1.0,1400.0,6.0,1,8,0
1.0,1400.0,4.0,1,8,0
1.0,1800.0,6.0,1,8,0
1.0,1600.0,8.0,1,8,0
1.0,1000.0,4.0,1,8,0
1.0,1800.0,8.0,1,8,0
1.0,1400.0,12.0,1,8,0
1.0,1400.0,10.0,1,8,0
1.0,1800.0,12.0,1,8,0
1.0,1200.0,6.0,1,8,0
1.0,1200.0,8.0,1,8,0
1.0,1000.0,10.0,1,8,0
1.0,1200.0,4.0,1,8,0
1.0,1800.0,2.0,1,8,0
1.0,1800.0,4.0,1,8,0
0.0,800.0,10.0,1,8,0
1.0,1400.0,2.0,1,8,0
1.0,1600.0,8.0,0,9,0
1.0,1400.0,2.0,0,9,0
1.0,1000.0,4.0,0,9,0
1.0,1800.0,12.0,0,9,0
1.0,1800.0,2.0,0,9,0
1.0,1200.0,10.0,0,9,0
1.0,2000.0,12.0,0,9,0
1.0,1200.0,4.0,0,9,0
1.0,1200.0,8.0,0,9,0
1.0,1000.0,12.0,0,9,0
1.0,1000.0,6.0,0,9,0
1.0,1600.0,4.0,0,9,0
1.0,800.0,8.0,0,9,0
1.0,1800.0,10.0,0,9,0
1.0,1800.0,4.0,0,9,0
1.0,1800.0,8.0,0,9,0
1.0,1400.0,12.0,0,9,0
1.0,800.0,6.0,0,9,0
1.0,2000.0,6.0,0,9,0
1.0,2000.0,2.0,0,9,0
1.0,1800.0,6.0,0,9,0
1.0,1400.0,4.0,0,9,0
1.0,1600.0,10.0,0,9,0
1.0,1000.0,10.0,0,9,0
1.0,2000.0,10.0,0,9,0
1.0,1000.0,2.0,0,9,0
1.0,1600.0,12.0,0,9,0
1.0,800.0,2.0,0,9,0
1.0,1600.0,2.0,0,9,0
1.0,1200.0,2.0,0,9,0
1.0,1200.0,12.0,0,9,0
1.0,800.0,10.0,0,9,0
1.0,2000.0,8.0,0,9,0
1.0,1400.0,6.0,0,9,0
1.0,1000.0,8.0,0,9,0
1.0,1200.0,6.0,0,9,0
1.0,800.0,4.0,0,9,0
1.0,1600.0,6.0,0,9,0
1.0,1400.0,8.0,0,9,0
1.0,1400.0,10.0,0,9,0
1.0,2000.0,4.0,0,9,0
1.0,800.0,12.0,0,9,0
1.0,1800.0,8.0,1,9,0
1.0,1600.0,12.0,1,9,0
1.0,2000.0,8.0,1,9,0
1.0,1200.0,8.0,1,9,0
1.0,1000.0,10.0,1,9,0
1.0,800.0,6.0,1,9,0
1.0,1200.0,10.0,1,9,0
1.0,2000.0,4.0,1,9,0
1.0,2000.0,10.0,1,9,0
1.0,1200.0,6.0,1,9,0
1.0,1400.0,12.0,1,9,0
1.0,1400.0,8.0,1,9,0
1.0,1200.0,12.0,1,9,0
1.0,1800.0,2.0,1,9,0
1.0,1000.0,8.0,1,9,0
1.0,1200.0,2.0,1,9,0
1.0,1600.0,8.0,1,9,0
1.0,1800.0,12.0,1,9,0
1.0,1600.0,2.0,1,9,0
1.0,1800.0,6.0,1,9,0
1.0,800.0,10.0,1,9,0
1.0,1200.0,4.0,1,9,0
1.0,1800.0,10.0,1,9,0
1.0,1800.0,4.0,1,9,0
1.0,1400.0,6.0,1,9,0
1.0,800.0,8.0,1,9,0
1.0,1000.0,12.0,1,9,0
1.0,1600.0,4.0,1,9,0
1.0,800.0,4.0,1,9,0
1.0,1000.0,4.0,1,9,0
1.0,2000.0,2.0,1,9,0
1.0,1400.0,2.0,1,9,0
1.0,1000.0,2.0,1,9,0
1.0,1000.0,6.0,1,9,0
1.0,1600.0,6.0,1,9,0
1.0,800.0,12.0,1,9,0
1.0,1600.0,10.0,1,9,0
1.0,2000.0,12.0,1,9,0
1.0,800.0,2.0,1,9,0
1.0,2000.0,6.0,1,9,0
1.0,1400.0,4.0,1,9,0
1.0,1400.0,10.0,1,9,0
1.0,2000.0,10.0,1,10,0
1.0,1200.0,6.0,1,10,0
1.0,1400.0,8.0,1,10,0
1.0,1800.0,8.0,1,10,0
1.0,2000.0,2.0,1,10,0
1.0,800.0,6.0,1,10,0
1.0,2000.0,6.0,1,10,0
1.0,1400.0,10.0,1,10,0
1.0,1600.0,4.0,1,10,0
1.0,1600.0,2.0,1,10,0
1.0,1000.0,10.0,1,10,0
1.0,800.0,8.0,1,10,0
1.0,1400.0,4.0,1,10,0
1.0,800.0,10.0,1,10,0
1.0,1800.0,10.0,1,10,0
1.0,1000.0,2.0,1,10,0
1.0,1000.0,6.0,1,10,0
1.0,1400.0,2.0,1,10,0
1.0,1000.0,12.0,1,10,0
1.0,2000.0,8.0,1,10,0
1.0,1800.0,12.0,1,10,0
1.0,1800.0,2.0,1,10,0
1.0,1800.0,4.0,1,10,0
1.0,1600.0,12.0,1,10,0
1.0,1000.0,4.0,1,10,0
1.0,1200.0,8.0,1,10,0
1.0,2000.0,12.0,1,10,0
1.0,1200.0,12.0,1,10,0
1.0,1400.0,6.0,1,10,0
1.0,1000.0,8.0,1,10,0
1.0,2000.0,4.0,1,10,0
1.0,1200.0,2.0,1,10,0
1.0,800.0,4.0,1,10,0
1.0,1800.0,6.0,1,10,0
1.0,1600.0,6.0,1,10,0
1.0,1200.0,4.0,1,10,0
1.0,800.0,12.0,1,10,0
1.0,1200.0,10.0,1,10,0
1.0,1600.0,8.0,1,10,0
1.0,1400.0,12.0,1,10,0
1.0,800.0,2.0,1,10,0
1.0,1600.0,10.0,1,10,0
1.0,800.0,6.0,0,10,0
1.0,2000.0,2.0,0,10,0
1.0,1400.0,10.0,0,10,0
1.0,1000.0,4.0,0,10,0
1.0,1600.0,4.0,0,10,0
1.0,2000.0,8.0,0,10,0
1.0,1600.0,12.0,0,10,0
1.0,1400.0,4.0,0,10,0
1.0,1000.0,12.0,0,10,0
1.0,1800.0,2.0,0,10,0
1.0,800.0,8.0,0,10,0
1.0,1600.0,2.0,0,10,0
1.0,1400.0,12.0,0,10,0
1.0,2000.0,12.0,0,10,0
1.0,1800.0,10.0,0,10,0
1.0,800.0,10.0,0,10,0
1.0,1200.0,4.0,0,10,0
1.0,800.0,12.0,0,10,0
1.0,1000.0,10.0,0,10,0
1.0,1800.0,12.0,0,10,0
1.0,1600.0,6.0,0,10,0
1.0,1200.0,8.0,0,10,0
1.0,1200.0,12.0,0,10,0
1.0,1200.0,2.0,0,10,0
1.0,1000.0,6.0,0,10,0
1.0,2000.0,10.0,0,10,0
1.0,1200.0,10.0,0,10,0
1.0,1600.0,8.0,0,10,0
1.0,2000.0,6.0,0,10,0
1.0,1800.0,6.0,0,10,0
1.0,800.0,4.0,0,10,0
1.0,1800.0,4.0,0,10,0
1.0,1400.0,6.0,0,10,0
1.0,1200.0,6.0,0,10,0
1.0,1400.0,2.0,0,10,0
1.0,2000.0,4.0,0,10,0
1.0,1000.0,2.0,0,10,0
1.0,1000.0,8.0,0,10,0
1.0,800.0,2.0,0,10,0
1.0,1600.0,10.0,0,10,0
1.0,1400.0,8.0,0,10,0
1.0,1800.0,8.0,0,10,0
0.0,1800.0,6.0,1,11,0
0.0,1000.0,10.0,1,11,0
0.0,1800.0,12.0,1,11,0
0.0,1200.0,4.0,1,11,0
0.0,2000.0,6.0,1,11,0
0.0,1600.0,8.0,1,11,0
0.0,1800.0,10.0,1,11,0
0.0,1000.0,12.0,1,11,0
0.0,1600.0,6.0,1,11,0
0.0,1600.0,12.0,1,11,0
0.0,1800.0,4.0,1,11,0
0.0,1200.0,2.0,1,11,0
0.0,800.0,2.0,1,11,0
0.0,1400.0,8.0,1,11,0
0.0,1600.0,4.0,1,11,0
0.0,2000.0,12.0,1,11,0
0.0,1600.0,2.0,1,11,0
0.0,800.0,10.0,1,11,0
0.0,800.0,4.0,1,11,0
0.0,1800.0,2.0,1,11,0
0.0,1000.0,8.0,1,11,0
0.0,1000.0,6.0,1,11,0
0.0,1400.0,10.0,1,11,0
0.0,1400.0,2.0,1,11,0
0.0,1200.0,10.0,1,11,0
0.0,800.0,12.0,1,11,0
0.0,1000.0,4.0,1,11,0
0.0,1200.0,6.0,1,11,0
0.0,1200.0,12.0,1,11,0
0.0,2000.0,8.0,1,11,0
0.0,800.0,8.0,1,11,0
0.0,1000.0,2.0,1,11,0
0.0,800.0,6.0,1,11,0
0.0,1800.0,8.0,1,11,0
0.0,2000.0,4.0,1,11,0
0.0,1400.0,4.0,1,11,0
0.0,2000.0,10.0,1,11,0
0.0,2000.0,2.0,1,11,0
0.0,1400.0,6.0,1,11,0
0.0,1600.0,10.0,1,11,0
0.0,1400.0,12.0,1,11,0
0.0,1200.0,8.0,1,11,0
0.0,1400.0,2.0,0,11,0
0.0,1000.0,4.0,0,11,0
0.0,800.0,8.0,0,11,0
0.0,1000.0,2.0,0,11,0
0.0,1000.0,10.0,0,11,0
0.0,1200.0,4.0,0,11,0
0.0,2000.0,10.0,0,11,0
0.0,1800.0,4.0,0,11,0
0.0,800.0,4.0,0,11,0
0.0,1400.0,10.0,0,11,0
0.0,1200.0,8.0,0,11,0
0.0,1000.0,6.0,0,11,0
0.0,1800.0,10.0,0,11,0
0.0,1000.0,8.0,0,11,0
0.0,1400.0,12.0,0,11,0
0.0,1800.0,8.0,0,11,0
0.0,1400.0,4.0,0,11,0
0.0,800.0,12.0,0,11,0
0.0,1400.0,6.0,0,11,0
0.0,1600.0,6.0,0,11,0
0.0,1600.0,2.0,0,11,0
0.0,1600.0,4.0,0,11,0
0.0,1800.0,6.0,0,11,0
0.0,1600.0,10.0,0,11,0
0.0,1200.0,10.0,0,11,0
0.0,1800.0,12.0,0,11,0
0.0,800.0,10.0,0,11,0
0.0,1400.0,8.0,0,11,0
0.0,1600.0,8.0,0,11,0
0.0,800.0,6.0,0,11,0
0.0,1200.0,2.0,0,11,0
0.0,1200.0,6.0,0,11,0
0.0,2000.0,2.0,0,11,0
0.0,1200.0,12.0,0,11,0
0.0,2000.0,6.0,0,11,0
0.0,2000.0,8.0,0,11,0
0.0,2000.0,4.0,0,11,0
0.0,1000.0,12.0,0,11,0
0.0,800.0,2.0,0,11,0
0.0,2000.0,12.0,0,11,0
0.0,1800.0,2.0,0,11,0
0.0,1600.0,12.0,0,11,0
1.0,1400.0,12.0,1,12,0
1.0,1400.0,10.0,1,12,0
1.0,1200.0,8.0,1,12,0
1.0,1800.0,8.0,1,12,0
1.0,1800.0,2.0,1,12,0
1.0,1000.0,4.0,1,12,0
1.0,1600.0,4.0,1,12,0
1.0,1200.0,6.0,1,12,0
1.0,2000.0,6.0,1,12,0
1.0,1200.0,4.0,1,12,0
1.0,800.0,6.0,1,12,0
1.0,800.0,8.0,1,12,0
1.0,2000.0,2.0,1,12,0
1.0,1000.0,10.0,1,12,0
1.0,1800.0,12.0,1,12,0
1.0,1600.0,2.0,1,12,0
1.0,1400.0,8.0,1,12,0
1.0,1800.0,6.0,1,12,0
1.0,800.0,4.0,1,12,0
0.0,800.0,10.0,1,12,0
1.0,2000.0,4.0,1,12,0
1.0,1800.0,4.0,1,12,0
1.0,1600.0,12.0,1,12,0
1.0,1400.0,4.0,1,12,0
1.0,2000.0,12.0,1,12,0
1.0,1600.0,10.0,1,12,0
1.0,1200.0,12.0,1,12,0
0.0,800.0,12.0,1,12,0
1.0,1000.0,8.0,1,12,0
1.0,1800.0,10.0,1,12,0
1.0,1600.0,8.0,1,12,0
1.0,1400.0,6.0,1,12,0
1.0,1000.0,12.0,1,12,0
1.0,2000.0,10.0,1,12,0
1.0,2000.0,8.0,1,12,0
1.0,1600.0,6.0,1,12,0
1.0,1200.0,10.0,1,12,0
1.0,1200.0,2.0,1,12,0
1.0,800.0,2.0,1,12,0
1.0,1000.0,6.0,1,12,0
1.0,1400.0,2.0,1,12,0
1.0,1000.0,2.0,1,12,0
0.0,800.0,12.0,0,12,0
1.0,1600.0,8.0,0,12,0
1.0,2000.0,2.0,0,12,0
1.0,2000.0,4.0,0,12,0
1.0,2000.0,10.0,0,12,0
1.0,1200.0,8.0,0,12,0
1.0,1600.0,2.0,0,12,0
1.0,1000.0,2.0,0,12,0
1.0,1200.0,6.0,0,12,0
1.0,800.0,10.0,0,12,0
1.0,1200.0,4.0,0,12,0
1.0,1000.0,10.0,0,12,0
1.0,1000.0,12.0,0,12,0
1.0,1800.0,6.0,0,12,0
1.0,1600.0,6.0,0,12,0
1.0,800.0,8.0,0,12,0
1.0,1800.0,12.0,0,12,0
1.0,1600.0,12.0,0,12,0
1.0,1600.0,4.0,0,12,0
1.0,1800.0,8.0,0,12,0
1.0,800.0,4.0,0,12,0
1.0,1800.0,2.0,0,12,0
1.0,800.0,2.0,0,12,0
1.0,1200.0,10.0,0,12,0
1.0,1400.0,12.0,0,12,0
1.0,1200.0,2.0,0,12,0
1.0,1000.0,6.0,0,12,0
1.0,2000.0,6.0,0,12,0
1.0,1400.0,4.0,0,12,0
1.0,1600.0,10.0,0,12,0
1.0,1800.0,4.0,0,12,0
1.0,1000.0,8.0,0,12,0
1.0,1400.0,8.0,0,12,0
1.0,1800.0,10.0,0,12,0
1.0,1400.0,6.0,0,12,0
1.0,1000.0,4.0,0,12,0
1.0,1400.0,10.0,0,12,0
1.0,2000.0,8.0,0,12,0
1.0,1400.0,2.0,0,12,0
1.0,1200.0,12.0,0,12,0
1.0,2000.0,12.0,0,12,0
1.0,800.0,6.0,0,12,0
1.0,1000.0,12.0,0,13,0
1.0,1400.0,10.0,0,13,0
1.0,1000.0,6.0,0,13,0
1.0,1200.0,6.0,0,13,0
1.0,1000.0,10.0,0,13,0
1.0,1000.0,8.0,0,13,0
1.0,1600.0,8.0,0,13,0
1.0,1400.0,8.0,0,13,0
1.0,1200.0,10.0,0,13,0
1.0,2000.0,12.0,0,13,0
1.0,1600.0,6.0,0,13,0
1.0,1400.0,2.0,0,13,0
1.0,800.0,12.0,0,13,0
1.0,1800.0,2.0,0,13,0
1.0,2000.0,10.0,0,13,0
1.0,800.0,10.0,0,13,0
1.0,1800.0,8.0,0,13,0
1.0,800.0,6.0,0,13,0
1.0,1800.0,4.0,0,13,0
1.0,1800.0,10.0,0,13,0
1.0,2000.0,4.0,0,13,0
1.0,2000.0,6.0,0,13,0
1.0,1200.0,8.0,0,13,0
1.0,1400.0,6.0,0,13,0
1.0,1600.0,12.0,0,13,0
1.0,1600.0,10.0,0,13,0
1.0,1200.0,4.0,0,13,0
1.0,2000.0,2.0,0,13,0
1.0,1200.0,2.0,0,13,0
1.0,1400.0,12.0,0,13,0
1.0,1600.0,4.0,0,13,0
1.0,1000.0,2.0,0,13,0
1.0,1800.0,12.0,0,13,0
1.0,1000.0,4.0,0,13,0
1.0,1400.0,4.0,0,13,0
1.0,800.0,8.0,0,13,0
1.0,800.0,2.0,0,13,0
1.0,800.0,4.0,0,13,0
1.0,1600.0,2.0,0,13,0
1.0,1200.0,12.0,0,13,0
1.0,1800.0,6.0,0,13,0
1.0,2000.0,8.0,0,13,0
1.0,2000.0,6.0,1,13,0
1.0,1400.0,8.0,1,13,0
1.0,1600.0,4.0,1,13,0
1.0,800.0,6.0,1,13,0
1.0,1800.0,4.0,1,13,0
1.0,1000.0,2.0,1,13,0
1.0,1800.0,8.0,1,13,0
1.0,2000.0,10.0,1,13,0
1.0,1400.0,2.0,1,13,0
1.0,1400.0,4.0,1,13,0
1.0,1400.0,6.0,1,13,0
1.0,1600.0,8.0,1,13,0
1.0,1800.0,6.0,1,13,0
1.0,800.0,4.0,1,13,0
1.0,1200.0,4.0,1,13,0
1.0,2000.0,4.0,1,13,0
1.0,1400.0,10.0,1,13,0
1.0,800.0,10.0,1,13,0
1.0,1200.0,10.0,1,13,0
1.0,1000.0,4.0,1,13,0
1.0,2000.0,12.0,1,13,0
1.0,1200.0,2.0,1,13,0
1.0,1200.0,12.0,1,13,0
1.0,1000.0,10.0,1,13,0
1.0,1600.0,10.0,1,13,0
1.0,1800.0,12.0,1,13,0
1.0,2000.0,8.0,1,13,0
1.0,1000.0,6.0,1,13,0
1.0,1600.0,12.0,1,13,0
1.0,1000.0,12.0,1,13,0
1.0,800.0,2.0,1,13,0
1.0,1800.0,10.0,1,13,0
1.0,1800.0,2.0,1,13,0
1.0,2000.0,2.0,1,13,0
1.0,1000.0,8.0,1,13,0
1.0,1200.0,8.0,1,13,0
1.0,1600.0,2.0,1,13,0
1.0,800.0,12.0,1,13,0
1.0,1600.0,6.0,1,13,0
1.0,800.0,8.0,1,13,0
1.0,1400.0,12.0,1,13,0
1.0,1200.0,6.0,1,13,0
1.0,1200.0,10.0,1,14,0
1.0,1000.0,4.0,1,14,0
1.0,1800.0,12.0,1,14,0
1.0,1400.0,2.0,1,14,0
1.0,1600.0,2.0,1,14,0
1.0,2000.0,2.0,1,14,0
1.0,1200.0,4.0,1,14,0
1.0,1600.0,6.0,1,14,0
1.0,800.0,8.0,1,14,0
1.0,1600.0,10.0,1,14,0
1.0,1800.0,2.0,1,14,0
1.0,1400.0,8.0,1,14,0
1.0,1000.0,12.0,1,14,0
1.0,1000.0,8.0,1,14,0
1.0,800.0,2.0,1,14,0
1.0,2000.0,4.0,1,14,0
1.0,1600.0,12.0,1,14,0
1.0,1800.0,4.0,1,14,0
1.0,1600.0,8.0,1,14,0
1.0,1600.0,4.0,1,14,0
1.0,1400.0,12.0,1,14,0
1.0,2000.0,6.0,1,14,0
1.0,1800.0,6.0,1,14,0
1.0,1000.0,2.0,1,14,0
1.0,1800.0,8.0,1,14,0
1.0,2000.0,8.0,1,14,0
1.0,800.0,6.0,1,14,0
1.0,800.0,4.0,1,14,0
1.0,1000.0,10.0,1,14,0
1.0,1400.0,6.0,1,14,0
1.0,1200.0,6.0,1,14,0
1.0,1400.0,4.0,1,14,0
1.0,800.0,12.0,1,14,0
1.0,1400.0,10.0,1,14,0
1.0,1200.0,8.0,1,14,0
1.0,2000.0,10.0,1,14,0
1.0,800.0,10.0,1,14,0
1.0,1800.0,10.0,1,14,0
1.0,2000.0,12.0,1,14,0
1.0,1200.0,2.0,1,14,0
1.0,1200.0,12.0,1,14,0
1.0,1000.0,6.0,1,14,0
1.0,1400.0,12.0,0,14,0
1.0,2000.0,12.0,0,14,0
1.0,1600.0,4.0,0,14,0
1.0,2000.0,10.0,0,14,0
1.0,800.0,8.0,0,14,0
1.0,2000.0,4.0,0,14,0
1.0,2000.0,8.0,0,14,0
1.0,1800.0,8.0,0,14,0
1.0,1400.0,6.0,0,14,0
1.0,1600.0,12.0,0,14,0
1.0,800.0,2.0,0,14,0
1.0,1000.0,10.0,0,14,0
1.0,1200.0,4.0,0,14,0
1.0,2000.0,2.0,0,14,0
1.0,1000.0,12.0,0,14,0
1.0,800.0,6.0,0,14,0
1.0,1800.0,6.0,0,14,0
1.0,1600.0,2.0,0,14,0
1.0,1000.0,6.0,0,14,0
1.0,1400.0,2.0,0,14,0
1.0,1600.0,8.0,0,14,0
1.0,1400.0,10.0,0,14,0
1.0,1200.0,8.0,0,14,0
1.0,1200.0,10.0,0,14,0
1.0,1600.0,10.0,0,14,0
1.0,1600.0,6.0,0,14,0
1.0,1800.0,10.0,0,14,0
1.0,1200.0,6.0,0,14,0
1.0,2000.0,6.0,0,14,0
1.0,800.0,10.0,0,14,0
1.0,1000.0,2.0,0,14,0
1.0,1400.0,4.0,0,14,0
1.0,1000.0,4.0,0,14,0
1.0,1000.0,8.0,0,14,0
1.0,1200.0,2.0,0,14,0
1.0,1800.0,4.0,0,14,0
1.0,1800.0,2.0,0,14,0
1.0,1800.0,12.0,0,14,0
1.0,800.0,12.0,0,14,0
1.0,1400.0,8.0,0,14,0
1.0,1200.0,12.0,0,14,0
1.0,800.0,4.0,0,14,0
0.0,800.0,12.0,0,15,0
1.0,2000.0,4.0,0,15,0
0.0,1400.0,2.0,0,15,0
1.0,1800.0,4.0,0,15,0
0.0,1400.0,12.0,0,15,0
1.0,1400.0,10.0,0,15,0
0.0,1600.0,2.0,0,15,0
1.0,2000.0,8.0,0,15,0
1.0,1800.0,12.0,0,15,0
0.0,1400.0,4.0,0,15,0
0.0,1000.0,12.0,0,15,0
1.0,1400.0,8.0,0,15,0
1.0,1000.0,2.0,0,15,0
0.0,1800.0,2.0,0,15,0
1.0,1200.0,6.0,0,15,0
1.0,1600.0,6.0,0,15,0
0.0,1000.0,6.0,0,15,0
1.0,1200.0,10.0,0,15,0
1.0,2000.0,2.0,0,15,0
0.0,1200.0,12.0,0,15,0
0.0,1600.0,12.0,0,15,0
0.0,1000.0,10.0,0,15,0
1.0,2000.0,6.0,0,15,0
1.0,1800.0,8.0,0,15,0
0.0,800.0,2.0,0,15,0
1.0,1000.0,8.0,0,15,0
0.0,800.0,6.0,0,15,0
0.0,1600.0,10.0,0,15,0
1.0,1000.0,4.0,0,15,0
0.0,2000.0,12.0,0,15,0
1.0,1400.0,6.0,0,15,0
1.0,1200.0,8.0,0,15,0
0.0,1800.0,10.0,0,15,0
0.0,1600.0,4.0,0,15,0
1.0,2000.0,10.0,0,15,0
1.0,1800.0,6.0,0,15,0
1.0,1200.0,2.0,0,15,0
0.0,800.0,8.0,0,15,0
1.0,800.0,4.0,0,15,0
1.0,1600.0,8.0,0,15,0
0.0,800.0,10.0,0,15,0
1.0,1200.0,4.0,0,15,0
1.0,1400.0,6.0,1,15,0
1.0,1800.0,4.0,1,15,0
0.0,1200.0,12.0,1,15,0
1.0,1000.0,2.0,1,15,0
1.0,2000.0,4.0,1,15,0
0.0,1200.0,8.0,1,15,0
1.0,1800.0,6.0,1,15,0
0.0,1400.0,10.0,1,15,0
1.0,2000.0,6.0,1,15,0
0.0,1800.0,2.0,1,15,0
1.0,1400.0,4.0,1,15,0
0.0,1800.0,10.0,1,15,0
1.0,1200.0,2.0,1,15,0
0.0,1600.0,12.0,1,15,0
1.0,1200.0,6.0,1,15,0
0.0,800.0,8.0,1,15,0
0.0,1400.0,12.0,1,15,0
0.0,800.0,10.0,1,15,0
1.0,2000.0,10.0,1,15,0
1.0,1000.0,8.0,1,15,0
1.0,800.0,4.0,1,15,0
1.0,800.0,2.0,1,15,0
1.0,1600.0,10.0,1,15,0
0.0,1400.0,8.0,1,15,0
1.0,1600.0,2.0,1,15,0
0.0,1600.0,8.0,1,15,0
1.0,800.0,12.0,1,15,0
1.0,2000.0,12.0,1,15,0
0.0,1000.0,10.0,1,15,0
0.0,1200.0,4.0,1,15,0
1.0,2000.0,8.0,1,15,0
1.0,1600.0,6.0,1,15,0
1.0,1600.0,4.0,1,15,0
0.0,800.0,6.0,1,15,0
0.0,1800.0,12.0,1,15,0
1.0,1000.0,6.0,1,15,0
1.0,1800.0,8.0,1,15,0
1.0,1200.0,10.0,1,15,0
0.0,1000.0,4.0,1,15,0
1.0,2000.0,2.0,1,15,0
1.0,1400.0,2.0,1,15,0
0.0,1000.0,12.0,1,15,0
1.0,1200.0,6.0,0,16,1
1.0,800.0,2.0,0,16,1
0.0,1000.0,6.0,0,16,1
1.0,1800.0,10.0,0,16,1
0.0,1200.0,12.0,0,16,1
1.0,1000.0,8.0,0,16,1
1.0,1000.0,2.0,0,16,1
0.0,1400.0,10.0,0,16,1
1.0,1200.0,4.0,0,16,1
1.0,1200.0,10.0,0,16,1
0.0,1600.0,4.0,0,16,1
1.0,1000.0,12.0,0,16,1
1.0,1800.0,12.0,0,16,1
0.0,1600.0,12.0,0,16,1
1.0,1600.0,6.0,0,16,1
1.0,2000.0,4.0,0,16,1
0.0,2000.0,12.0,0,16,1
1.0,1200.0,2.0,0,16,1
0.0,800.0,12.0,0,16,1
1.0,1000.0,10.0,0,16,1
0.0,1400.0,2.0,0,16,1
1.0,800.0,6.0,0,16,1
0.0,2000.0,8.0,0,16,1
1.0,800.0,4.0,0,16,1
0.0,1400.0,12.0,0,16,1
1.0,1800.0,6.0,0,16,1
1.0,800.0,8.0,0,16,1
0.0,1000.0,4.0,0,16,1
1.0,2000.0,2.0,0,16,1
1.0,1600.0,8.0,0,16,1
0.0,1400.0,4.0,0,16,1
1.0,1600.0,10.0,0,16,1
1.0,1400.0,8.0,0,16,1
1.0,1800.0,2.0,0,16,1
0.0,2000.0,10.0,0,16,1
1.0,800.0,10.0,0,16,1
0.0,1600.0,2.0,0,16,1
1.0,1800.0,8.0,0,16,1
1.0,1200.0,8.0,0,16,1
0.0,1400.0,6.0,0,16,1
1.0,2000.0,6.0,0,16,1
0.0,1800.0,4.0,0,16,1
0.0,2000.0,4.0,1,16,1
1.0,1600.0,10.0,1,16,1
0.0,800.0,8.0,1,16,1
1.0,2000.0,8.0,1,16,1
0.0,1200.0,6.0,1,16,1
1.0,800.0,2.0,1,16,1
0.0,1400.0,10.0,1,16,1
1.0,1400.0,6.0,1,16,1
1.0,2000.0,10.0,1,16,1
1.0,1200.0,4.0,1,16,1
0.0,1200.0,10.0,1,16,1
1.0,1800.0,10.0,1,16,1
1.0,1400.0,8.0,1,16,1
1.0,1600.0,8.0,1,16,1
0.0,1000.0,8.0,1,16,1
1.0,1800.0,12.0,1,16,1
1.0,800.0,10.0,1,16,1
0.0,1400.0,2.0,1,16,1
1.0,1600.0,2.0,1,16,1
1.0,1000.0,6.0,1,16,1
1.0,1600.0,4.0,1,16,1
0.0,1400.0,4.0,1,16,1
1.0,800.0,4.0,1,16,1
1.0,2000.0,12.0,1,16,1
1.0,1000.0,10.0,1,16,1
0.0,1000.0,4.0,1,16,1
0.0,1200.0,8.0,1,16,1
1.0,1200.0,12.0,1,16,1
0.0,1200.0,2.0,1,16,1
1.0,1800.0,2.0,1,16,1
1.0,1400.0,12.0,1,16,1
0.0,1600.0,12.0,1,16,1
1.0,1800.0,8.0,1,16,1
0.0,2000.0,2.0,1,16,1
0.0,1800.0,6.0,1,16,1
1.0,1000.0,2.0,1,16,1
1.0,2000.0,6.0,1,16,1
1.0,800.0,6.0,1,16,1
1.0,1000.0,12.0,1,16,1
0.0,1600.0,6.0,1,16,1
0.0,1800.0,4.0,1,16,1
1.0,800.0,12.0,1,16,1
1.0,2000.0,4.0,0,17,1
0.0,1600.0,2.0,0,17,1
1.0,2000.0,12.0,0,17,1
0.0,1400.0,12.0,0,17,1
0.0,1000.0,8.0,0,17,1
0.0,1200.0,2.0,0,17,1
1.0,1400.0,6.0,0,17,1
0.0,1200.0,10.0,0,17,1
1.0,1800.0,12.0,0,17,1
1.0,1800.0,4.0,0,17,1
1.0,1600.0,6.0,0,17,1
1.0,1600.0,4.0,0,17,1
1.0,1400.0,4.0,0,17,1
1.0,1600.0,8.0,0,17,1
0.0,1000.0,2.0,0,17,1
0.0,1000.0,10.0,0,17,1
0.0,1000.0,12.0,0,17,1
0.0,1000.0,4.0,0,17,1
0.0,800.0,8.0,0,17,1
0.0,1200.0,8.0,0,17,1
0.0,1400.0,8.0,0,17,1
1.0,2000.0,6.0,0,17,1
0.0,1400.0,10.0,0,17,1
0.0,1200.0,6.0,0,17,1
0.0,1800.0,10.0,0,17,1
1.0,2000.0,2.0,0,17,1
0.0,1200.0,4.0,0,17,1
0.0,1400.0,2.0,0,17,1
0.0,1200.0,12.0,0,17,1
0.0,800.0,4.0,0,17,1
0.0,800.0,12.0,0,17,1
0.0,1600.0,10.0,0,17,1
0.0,1000.0,6.0,0,17,1
0.0,1800.0,6.0,0,17,1
1.0,2000.0,8.0,0,17,1
0.0,800.0,10.0,0,17,1
1.0,1800.0,2.0,0,17,1
1.0,2000.0,10.0,0,17,1
0.0,800.0,6.0,0,17,1
0.0,1800.0,8.0,0,17,1
0.0,800.0,2.0,0,17,1
0.0,1600.0,12.0,0,17,1
1.0,2000.0,10.0,1,17,1
1.0,1800.0,2.0,1,17,1
0.0,1000.0,8.0,1,17,1
0.0,800.0,12.0,1,17,1
0.0,1400.0,12.0,1,17,1
1.0,1800.0,12.0,1,17,1
0.0,1600.0,10.0,1,17,1
1.0,1600.0,4.0,1,17,1
0.0,800.0,6.0,1,17,1
0.0,800.0,2.0,1,17,1
1.0,2000.0,4.0,1,17,1
1.0,1600.0,8.0,1,17,1
1.0,1800.0,10.0,1,17,1
0.0,1400.0,8.0,1,17,1
0.0,800.0,4.0,1,17,1
1.0,2000.0,6.0,1,17,1
1.0,1800.0,8.0,1,17,1
0.0,1600.0,2.0,1,17,1
1.0,2000.0,12.0,1,17,1
0.0,1000.0,2.0,1,17,1
1.0,1200.0,4.0,1,17,1
0.0,1400.0,4.0,1,17,1
0.0,1400.0,2.0,1,17,1
1.0,2000.0,8.0,1,17,1
0.0,800.0,10.0,1,17,1
0.0,800.0,8.0,1,17,1
0.0,1200.0,10.0,1,17,1
0.0,1200.0,8.0,1,17,1
1.0,1600.0,6.0,1,17,1
0.0,1200.0,6.0,1,17,1
0.0,1000.0,12.0,1,17,1
1.0,1800.0,4.0,1,17,1
0.0,1000.0,6.0,1,17,1
0.0,1200.0,2.0,1,17,1
0.0,1000.0,10.0,1,17,1
0.0,1400.0,10.0,1,17,1
0.0,1200.0,12.0,1,17,1
0.0,1600.0,12.0,1,17,1
0.0,1000.0,4.0,1,17,1
1.0,1400.0,6.0,1,17,1
1.0,1800.0,6.0,1,17,1
1.0,2000.0,2.0,1,17,1
1.0,1600.0,2.0,0,18,1
0.0,1400.0,6.0,0,18,1
1.0,800.0,12.0,0,18,1
1.0,1600.0,10.0,0,18,1
0.0,1200.0,2.0,0,18,1
1.0,1800.0,12.0,0,18,1
0.0,1400.0,10.0,0,18,1
0.0,1800.0,10.0,0,18,1
0.0,1000.0,2.0,0,18,1
0.0,1400.0,2.0,0,18,1
1.0,1800.0,2.0,0,18,1
1.0,1600.0,6.0,0,18,1
1.0,800.0,6.0,0,18,1
1.0,800.0,8.0,0,18,1
1.0,2000.0,8.0,0,18,1
0.0,2000.0,12.0,0,18,1
0.0,2000.0,6.0,0,18,1
0.0,1000.0,4.0,0,18,1
1.0,1400.0,12.0,0,18,1
1.0,1600.0,4.0,0,18,1
1.0,2000.0,2.0,0,18,1
1.0,1800.0,8.0,0,18,1
1.0,1600.0,12.0,0,18,1
1.0,1000.0,6.0,0,18,1
1.0,1200.0,12.0,0,18,1
1.0,1600.0,8.0,0,18,1
0.0,1800.0,4.0,0,18,1
1.0,1000.0,12.0,0,18,1
0.0,800.0,2.0,0,18,1
1.0,1000.0,10.0,0,18,1
0.0,2000.0,10.0,0,18,1
1.0,1400.0,4.0,0,18,1
1.0,1200.0,8.0,0,18,1
0.0,800.0,4.0,0,18,1
1.0,1400.0,8.0,0,18,1
1.0,1200.0,4.0,0,18,1
0.0,2000.0,4.0,0,18,1
1.0,1200.0,6.0,0,18,1
1.0,800.0,10.0,0,18,1
1.0,1800.0,6.0,0,18,1
1.0,1000.0,8.0,0,18,1
1.0,1200.0,10.0,0,18,1
1.0,800.0,8.0,1,18,1
0.0,2000.0,12.0,1,18,1
1.0,1800.0,2.0,1,18,1
1.0,1400.0,4.0,1,18,1
1.0,1200.0,12.0,1,18,1
1.0,1000.0,10.0,1,18,1
1.0,1000.0,6.0,1,18,1
1.0,1800.0,4.0,1,18,1
1.0,1200.0,2.0,1,18,1
1.0,1800.0,10.0,1,18,1
1.0,2000.0,6.0,1,18,1
1.0,800.0,12.0,1,18,1
1.0,1800.0,8.0,1,18,1
1.0,1400.0,8.0,1,18,1
1.0,1600.0,12.0,1,18,1
1.0,2000.0,10.0,1,18,1
1.0,1600.0,8.0,1,18,1
0.0,2000.0,2.0,1,18,1
1.0,1400.0,12.0,1,18,1
1.0,1000.0,4.0,1,18,1
1.0,1200.0,4.0,1,18,1
0.0,1200.0,8.0,1,18,1
1.0,800.0,10.0,1,18,1
1.0,1000.0,2.0,1,18,1
1.0,1200.0,10.0,1,18,1
1.0,1200.0,6.0,1,18,1
1.0,800.0,4.0,1,18,1
1.0,800.0,2.0,1,18,1
0.0,1400.0,2.0,1,18,1
1.0,1600.0,2.0,1,18,1
0.0,1000.0,12.0,1,18,1
1.0,2000.0,8.0,1,18,1
1.0,1000.0,8.0,1,18,1
1.0,2000.0,4.0,1,18,1
1.0,1800.0,6.0,1,18,1
1.0,1600.0,6.0,1,18,1
1.0,1800.0,12.0,1,18,1
0.0,1600.0,10.0,1,18,1
1.0,1400.0,6.0,1,18,1
1.0,1600.0,4.0,1,18,1
1.0,1400.0,10.0,1,18,1
1.0,800.0,6.0,1,18,1
1.0,1800.0,2.0,0,19,1
0.0,1600.0,12.0,0,19,1
0.0,1000.0,10.0,0,19,1
0.0,1200.0,10.0,0,19,1
1.0,2000.0,12.0,0,19,1
0.0,1000.0,12.0,0,19,1
1.0,1600.0,4.0,0,19,1
1.0,1400.0,2.0,0,19,1
1.0,1800.0,8.0,0,19,1
1.0,1400.0,4.0,0,19,1
1.0,2000.0,6.0,0,19,1
0.0,1400.0,12.0,0,19,1
1.0,1600.0,6.0,0,19,1
1.0,800.0,6.0,0,19,1
1.0,1200.0,4.0,0,19,1
1.0,1000.0,8.0,0,19,1
0.0,1400.0,10.0,0,19,1
1.0,800.0,4.0,0,19,1
1.0,1800.0,10.0,0,19,1
1.0,2000.0,10.0,0,19,1
1.0,1000.0,4.0,0,19,1
0.0,800.0,10.0,0,19,1
1.0,800.0,8.0,0,19,1
1.0,2000.0,4.0,0,19,1
1.0,1200.0,6.0,0,19,1
1.0,2000.0,2.0,0,19,1
1.0,1600.0,8.0,0,19,1
1.0,800.0,2.0,0,19,1
0.0,1600.0,10.0,0,19,1
1.0,1000.0,2.0,0,19,1
0.0,800.0,12.0,0,19,1
1.0,1800.0,6.0,0,19,1
1.0,1400.0,8.0,0,19,1
1.0,1200.0,2.0,0,19,1
0.0,1800.0,12.0,0,19,1
1.0,2000.0,8.0,0,19,1
1.0,1400.0,6.0,0,19,1
0.0,1200.0,12.0,0,19,1
1.0,1600.0,2.0,0,19,1
1.0,1000.0,6.0,0,19,1
1.0,1200.0,8.0,0,19,1
1.0,1800.0,4.0,0,19,1
1.0,1800.0,8.0,1,19,1
1.0,1600.0,2.0,1,19,1
1.0,800.0,8.0,1,19,1
1.0,800.0,2.0,1,19,1
1.0,2000.0,6.0,1,19,1
1.0,1400.0,6.0,1,19,1
1.0,2000.0,2.0,1,19,1
1.0,1400.0,2.0,1,19,1
0.0,1400.0,10.0,1,19,1
0.0,1800.0,12.0,1,19,1
1.0,1400.0,4.0,1,19,1
1.0,1200.0,8.0,1,19,1
1.0,1000.0,6.0,1,19,1
0.0,1400.0,12.0,1,19,1
1.0,2000.0,8.0,1,19,1
1.0,1200.0,6.0,1,19,1
1.0,1800.0,6.0,1,19,1
0.0,1200.0,12.0,1,19,1
1.0,1200.0,4.0,1,19,1
0.0,1200.0,10.0,1,19,1
1.0,1000.0,8.0,1,19,1
1.0,1800.0,4.0,1,19,1
1.0,1600.0,6.0,1,19,1
1.0,2000.0,4.0,1,19,1
0.0,800.0,10.0,1,19,1
1.0,1000.0,2.0,1,19,1
0.0,1000.0,12.0,1,19,1
1.0,1600.0,4.0,1,19,1
0.0,2000.0,12.0,1,19,1
1.0,1000.0,4.0,1,19,1
1.0,1600.0,8.0,1,19,1
0.0,1600.0,12.0,1,19,1
1.0,2000.0,10.0,1,19,1
1.0,1800.0,2.0,1,19,1
1.0,1600.0,10.0,1,19,1
1.0,1200.0,2.0,1,19,1
1.0,1800.0,10.0,1,19,1
1.0,1400.0,8.0,1,19,1
0.0,1000.0,10.0,1,19,1
1.0,800.0,6.0,1,19,1
0.0,800.0,12.0,1,19,1
1.0,800.0,4.0,1,19,1
0.0,1600.0,12.0,1,20,0
1.0,1400.0,2.0,1,20,0
0.0,1400.0,10.0,1,20,0
0.0,1600.0,8.0,1,20,0
1.0,1800.0,4.0,1,20,0
0.0,1400.0,6.0,1,20,0
0.0,1200.0,12.0,1,20,0
1.0,1200.0,4.0,1,20,0
1.0,2000.0,4.0,1,20,0
0.0,1800.0,8.0,1,20,0
0.0,1200.0,8.0,1,20,0
0.0,1200.0,10.0,1,20,0
0.0,800.0,6.0,1,20,0
0.0,2000.0,12.0,1,20,0
0.0,800.0,10.0,1,20,0
1.0,800.0,2.0,1,20,0
0.0,1800.0,12.0,1,20,0
1.0,800.0,4.0,1,20,0
1.0,1400.0,4.0,1,20,0
0.0,1000.0,12.0,1,20,0
0.0,1000.0,10.0,1,20,0
0.0,1800.0,10.0,1,20,0
0.0,1200.0,6.0,1,20,0
0.0,1400.0,8.0,1,20,0
0.0,1000.0,6.0,1,20,0
0.0,2000.0,10.0,1,20,0
1.0,1800.0,2.0,1,20,0
0.0,1600.0,10.0,1,20,0
1.0,2000.0,6.0,1,20,0
0.0,1400.0,12.0,1,20,0
1.0,1800.0,6.0,1,20,0
1.0,1000.0,2.0,1,20,0
0.0,1000.0,8.0,1,20,0
0.0,1600.0,6.0,1,20,0
0.0,800.0,12.0,1,20,0
0.0,800.0,8.0,1,20,0
0.0,2000.0,8.0,1,20,0
1.0,1000.0,4.0,1,20,0
1.0,2000.0,2.0,1,20,0
1.0,1600.0,4.0,1,20,0
1.0,1600.0,2.0,1,20,0
1.0,1200.0,2.0,1,20,0
0.0,2000.0,12.0,0,20,0
0.0,2000.0,8.0,0,20,0
0.0,1000.0,10.0,0,20,0
0.0,2000.0,10.0,0,20,0
0.0,1400.0,6.0,0,20,0
0.0,1200.0,8.0,0,20,0
0.0,800.0,10.0,0,20,0
0.0,1000.0,6.0,0,20,0
0.0,1200.0,6.0,0,20,0
1.0,1000.0,2.0,0,20,0
1.0,1600.0,4.0,0,20,0
0.0,1800.0,12.0,0,20,0
1.0,1400.0,4.0,0,20,0
1.0,1000.0,4.0,0,20,0
1.0,1200.0,2.0,0,20,0
0.0,1200.0,10.0,0,20,0
0.0,800.0,12.0,0,20,0
1.0,1200.0,4.0,0,20,0
0.0,1200.0,12.0,0,20,0
0.0,1800.0,6.0,0,20,0
0.0,1600.0,10.0,0,20,0
1.0,1800.0,2.0,0,20,0
1.0,2000.0,4.0,0,20,0
0.0,1600.0,12.0,0,20,0
1.0,1400.0,2.0,0,20,0
0.0,1600.0,6.0,0,20,0
0.0,800.0,8.0,0,20,0
0.0,1800.0,10.0,0,20,0
0.0,1400.0,12.0,0,20,0
1.0,1600.0,2.0,0,20,0
1.0,800.0,4.0,0,20,0
0.0,1000.0,12.0,0,20,0
1.0,800.0,2.0,0,20,0
0.0,1600.0,8.0,0,20,0
1.0,800.0,6.0,0,20,0
0.0,1400.0,10.0,0,20,0
0.0,1400.0,8.0,0,20,0
1.0,2000.0,2.0,0,20,0
0.0,1000.0,8.0,0,20,0
0.0,1800.0,8.0,0,20,0
1.0,1800.0,4.0,0,20,0
0.0,2000.0,6.0,0,20,0
1.0,2000.0,10.0,1,21,1
0.0,800.0,12.0,1,21,1
0.0,1000.0,12.0,1,21,1
1.0,1200.0,8.0,1,21,1
1.0,1000.0,6.0,1,21,1
0.0,800.0,10.0,1,21,1
1.0,1200.0,10.0,1,21,1
1.0,1200.0,2.0,1,21,1
0.0,1400.0,12.0,1,21,1
1.0,2000.0,12.0,1,21,1
1.0,800.0,4.0,1,21,1
0.0,800.0,6.0,1,21,1
1.0,1600.0,2.0,1,21,1
1.0,1600.0,12.0,1,21,1
1.0,1000.0,2.0,1,21,1
0.0,1000.0,10.0,1,21,1
1.0,1600.0,4.0,1,21,1
1.0,1600.0,8.0,1,21,1
1.0,2000.0,8.0,1,21,1
1.0,1400.0,6.0,1,21,1
0.0,1800.0,12.0,1,21,1
0.0,1200.0,12.0,1,21,1
0.0,800.0,2.0,1,21,1
1.0,1600.0,6.0,1,21,1
1.0,1400.0,2.0,1,21,1
1.0,1800.0,10.0,1,21,1
1.0,1800.0,4.0,1,21,1
1.0,1000.0,8.0,1,21,1
1.0,1200.0,6.0,1,21,1
1.0,2000.0,6.0,1,21,1
1.0,1800.0,6.0,1,21,1
1.0,1200.0,4.0,1,21,1
1.0,1400.0,8.0,1,21,1
1.0,2000.0,2.0,1,21,1
1.0,1000.0,4.0,1,21,1
1.0,2000.0,4.0,1,21,1
0.0,1600.0,10.0,1,21,1
0.0,800.0,8.0,1,21,1
1.0,1800.0,2.0,1,21,1
1.0,1800.0,8.0,1,21,1
1.0,1400.0,4.0,1,21,1
1.0,1400.0,10.0,1,21,1
0.0,1200.0,4.0,0,21,1
0.0,1600.0,8.0,0,21,1
0.0,1200.0,6.0,0,21,1
0.0,2000.0,6.0,0,21,1
0.0,800.0,4.0,0,21,1
0.0,1600.0,2.0,0,21,1
0.0,1800.0,8.0,0,21,1
0.0,2000.0,4.0,0,21,1
0.0,1200.0,12.0,0,21,1
0.0,1200.0,10.0,0,21,1
0.0,1400.0,8.0,0,21,1
0.0,1600.0,10.0,0,21,1
1.0,2000.0,2.0,0,21,1
0.0,800.0,2.0,0,21,1
0.0,1600.0,12.0,0,21,1
0.0,1800.0,6.0,0,21,1
0.0,1400.0,2.0,0,21,1
0.0,1000.0,2.0,0,21,1
0.0,1800.0,10.0,0,21,1
0.0,1200.0,8.0,0,21,1
0.0,1400.0,4.0,0,21,1
0.0,1000.0,10.0,0,21,1
0.0,1800.0,12.0,0,21,1
0.0,2000.0,8.0,0,21,1
0.0,1600.0,4.0,0,21,1
0.0,1400.0,12.0,0,21,1
0.0,800.0,6.0,0,21,1
0.0,1200.0,2.0,0,21,1
0.0,2000.0,10.0,0,21,1
0.0,1000.0,6.0,0,21,1
0.0,1400.0,6.0,0,21,1
0.0,1000.0,8.0,0,21,1
0.0,800.0,10.0,0,21,1
0.0,800.0,8.0,0,21,1
0.0,2000.0,12.0,0,21,1
0.0,1000.0,12.0,0,21,1
0.0,1800.0,4.0,0,21,1
0.0,1800.0,2.0,0,21,1
0.0,1400.0,10.0,0,21,1
0.0,800.0,12.0,0,21,1
0.0,1000.0,4.0,0,21,1
0.0,1600.0,6.0,0,21,1
1.0,1000.0,2.0,0,22,0
1.0,1000.0,12.0,0,22,0
1.0,1200.0,2.0,0,22,0
1.0,800.0,6.0,0,22,0
0.0,1400.0,2.0,0,22,0
1.0,1400.0,8.0,0,22,0
1.0,1000.0,6.0,0,22,0
0.0,1400.0,6.0,0,22,0
1.0,1400.0,4.0,0,22,0
0.0,1800.0,4.0,0,22,0
1.0,1200.0,10.0,0,22,0
0.0,800.0,10.0,0,22,0
1.0,1600.0,12.0,0,22,0
1.0,2000.0,6.0,0,22,0
1.0,1200.0,12.0,0,22,0
0.0,2000.0,10.0,0,22,0
1.0,800.0,8.0,0,22,0
0.0,1200.0,8.0,0,22,0
1.0,1600.0,6.0,0,22,0
0.0,1000.0,4.0,0,22,0
1.0,2000.0,4.0,0,22,0
0.0,1600.0,8.0,0,22,0
1.0,1000.0,8.0,0,22,0
1.0,1200.0,4.0,0,22,0
0.0,1800.0,10.0,0,22,0
1.0,1600.0,2.0,0,22,0
1.0,1800.0,12.0,0,22,0
0.0,1200.0,6.0,0,22,0
1.0,1800.0,8.0,0,22,0
1.0,2000.0,12.0,0,22,0
1.0,1600.0,4.0,0,22,0
0.0,2000.0,2.0,0,22,0
0.0,1400.0,12.0,0,22,0
1.0,1600.0,10.0,0,22,0
1.0,800.0,12.0,0,22,0
1.0,1400.0,10.0,0,22,0
0.0,1000.0,10.0,0,22,0
1.0,800.0,2.0,0,22,0
1.0,2000.0,8.0,0,22,0
0.0,800.0,4.0,0,22,0
0.0,1800.0,2.0,0,22,0
1.0,1800.0,6.0,0,22,0
1.0,1400.0,4.0,1,22,0
0.0,2000.0,4.0,1,22,0
1.0,1200.0,2.0,1,22,0
1.0,1200.0,8.0,1,22,0
0.0,1600.0,2.0,1,22,0
1.0,1800.0,12.0,1,22,0
0.0,1200.0,6.0,1,22,0
0.0,800.0,12.0,1,22,0
1.0,800.0,2.0,1,22,0
1.0,1800.0,2.0,1,22,0
0.0,2000.0,10.0,1,22,0
1.0,1600.0,6.0,1,22,0
1.0,2000.0,12.0,1,22,0
0.0,2000.0,8.0,1,22,0
1.0,1800.0,4.0,1,22,0
0.0,2000.0,6.0,1,22,0
1.0,1600.0,8.0,1,22,0
0.0,1000.0,2.0,1,22,0
1.0,1800.0,8.0,1,22,0
1.0,800.0,8.0,1,22,0
1.0,800.0,10.0,1,22,0
1.0,1400.0,8.0,1,22,0
0.0,1200.0,4.0,1,22,0
1.0,1400.0,2.0,1,22,0
1.0,1800.0,6.0,1,22,0
0.0,1600.0,12.0,1,22,0
1.0,1400.0,10.0,1,22,0
0.0,1200.0,10.0,1,22,0
0.0,800.0,4.0,1,22,0
1.0,1400.0,12.0,1,22,0
1.0,1000.0,12.0,1,22,0
1.0,1600.0,10.0,1,22,0
1.0,1000.0,4.0,1,22,0
1.0,1600.0,4.0,1,22,0
0.0,800.0,6.0,1,22,0
0.0,1800.0,10.0,1,22,0
1.0,1000.0,10.0,1,22,0
1.0,1000.0,8.0,1,22,0
0.0,1200.0,12.0,1,22,0
1.0,1400.0,6.0,1,22,0
1.0,2000.0,2.0,1,22,0
1.0,1000.0,6.0,1,22,0
1.0,1000.0,10.0,1,23,1
0.0,2000.0,12.0,1,23,1
1.0,1600.0,12.0,1,23,1
1.0,1000.0,4.0,1,23,1
1.0,1800.0,8.0,1,23,1
0.0,2000.0,6.0,1,23,1
1.0,2000.0,8.0,1,23,1
1.0,2000.0,10.0,1,23,1
0.0,1600.0,10.0,1,23,1
1.0,1000.0,12.0,1,23,1
1.0,1800.0,6.0,1,23,1
0.0,1400.0,10.0,1,23,1
1.0,1800.0,12.0,1,23,1
1.0,1000.0,6.0,1,23,1
0.0,800.0,4.0,1,23,1
0.0,1600.0,6.0,1,23,1
1.0,1800.0,10.0,1,23,1
0.0,1800.0,4.0,1,23,1
1.0,800.0,12.0,1,23,1
0.0,1400.0,4.0,1,23,1
1.0,1400.0,12.0,1,23,1
0.0,800.0,6.0,1,23,1
1.0,1000.0,2.0,1,23,1
0.0,1200.0,12.0,1,23,1
0.0,800.0,10.0,1,23,1
1.0,800.0,2.0,1,23,1
1.0,1400.0,8.0,1,23,1
0.0,1000.0,8.0,1,23,1
1.0,1200.0,10.0,1,23,1
1.0,1200.0,8.0,1,23,1
0.0,2000.0,2.0,1,23,1
1.0,1200.0,4.0,1,23,1
0.0,800.0,8.0,1,23,1
1.0,1200.0,2.0,1,23,1
1.0,1600.0,8.0,1,23,1
0.0,1200.0,6.0,1,23,1
1.0,1600.0,4.0,1,23,1
1.0,1800.0,2.0,1,23,1
0.0,1400.0,6.0,1,23,1
1.0,1400.0,2.0,1,23,1
1.0,1600.0,2.0,1,23,1
0.0,2000.0,4.0,1,23,1
1.0,1000.0,12.0,0,23,1
0.0,800.0,2.0,0,23,1
1.0,1400.0,8.0,0,23,1
1.0,800.0,6.0,0,23,1
0.0,1600.0,2.0,0,23,1
0.0,1000.0,10.0,0,23,1
1.0,1800.0,2.0,0,23,1
1.0,1400.0,2.0,0,23,1
0.0,1200.0,12.0,0,23,1
1.0,1800.0,10.0,0,23,1
0.0,1200.0,6.0,0,23,1
1.0,1000.0,6.0,0,23,1
0.0,1600.0,8.0,0,23,1
1.0,1800.0,8.0,0,23,1
1.0,1800.0,4.0,0,23,1
1.0,800.0,4.0,0,23,1
0.0,1800.0,6.0,0,23,1
0.0,2000.0,2.0,0,23,1
1.0,1000.0,4.0,0,23,1
0.0,1400.0,4.0,0,23,1
1.0,800.0,12.0,0,23,1
0.0,1600.0,12.0,0,23,1
1.0,1200.0,4.0,0,23,1
1.0,800.0,8.0,0,23,1
0.0,2000.0,10.0,0,23,1
1.0,1600.0,6.0,0,23,1
0.0,2000.0,4.0,0,23,1
1.0,1400.0,12.0,0,23,1
1.0,2000.0,8.0,0,23,1
0.0,1400.0,10.0,0,23,1
1.0,1400.0,6.0,0,23,1
0.0,1600.0,10.0,0,23,1
1.0,1200.0,2.0,0,23,1
1.0,800.0,10.0,0,23,1
1.0,2000.0,6.0,0,23,1
1.0,1600.0,4.0,0,23,1
1.0,1200.0,8.0,0,23,1
0.0,1200.0,10.0,0,23,1
1.0,1800.0,12.0,0,23,1
1.0,1000.0,2.0,0,23,1
0.0,2000.0,12.0,0,23,1
1.0,1000.0,8.0,0,23,1
1.0,800.0,4.0,1,24,0
0.0,800.0,12.0,1,24,0
1.0,800.0,10.0,1,24,0
1.0,1200.0,4.0,1,24,0
0.0,2000.0,4.0,1,24,0
1.0,1600.0,12.0,1,24,0
1.0,1200.0,8.0,1,24,0
0.0,1200.0,6.0,1,24,0
1.0,1600.0,6.0,1,24,0
1.0,1200.0,2.0,1,24,0
0.0,1800.0,12.0,1,24,0
1.0,1000.0,8.0,1,24,0
1.0,2000.0,8.0,1,24,0
0.0,2000.0,10.0,1,24,0
1.0,1800.0,8.0,1,24,0
1.0,800.0,6.0,1,24,0
0.0,1800.0,10.0,1,24,0
1.0,1000.0,2.0,1,24,0
1.0,1000.0,12.0,1,24,0
1.0,1200.0,10.0,1,24,0
0.0,2000.0,12.0,1,24,0
1.0,1400.0,4.0,1,24,0
1.0,1000.0,4.0,1,24,0
1.0,1400.0,6.0,1,24,0
0.0,800.0,2.0,1,24,0
0.0,1600.0,8.0,1,24,0
0.0,1800.0,6.0,1,24,0
1.0,2000.0,6.0,1,24,0
1.0,1800.0,4.0,1,24,0
0.0,1600.0,4.0,1,24,0
0.0,1600.0,10.0,1,24,0
1.0,1000.0,10.0,1,24,0
0.0,1400.0,8.0,1,24,0
0.0,1800.0,2.0,1,24,0
0.0,800.0,8.0,1,24,0
1.0,1400.0,10.0,1,24,0
0.0,1000.0,6.0,1,24,0
1.0,1600.0,2.0,1,24,0
1.0,1400.0,2.0,1,24,0
0.0,1200.0,12.0,1,24,0
1.0,1400.0,12.0,1,24,0
1.0,2000.0,2.0,1,24,0
1.0,1000.0,2.0,0,24,0
0.0,800.0,8.0,0,24,0
0.0,800.0,10.0,0,24,0
1.0,2000.0,10.0,0,24,0
1.0,1600.0,4.0,0,24,0
1.0,2000.0,8.0,0,24,0
1.0,1800.0,8.0,0,24,0
1.0,1000.0,8.0,0,24,0
0.0,1600.0,12.0,0,24,0
1.0,1400.0,8.0,0,24,0
0.0,2000.0,4.0,0,24,0
1.0,1800.0,12.0,0,24,0
1.0,1400.0,6.0,0,24,0
1.0,1600.0,8.0,0,24,0
0.0,1200.0,8.0,0,24,0
1.0,1000.0,10.0,0,24,0
1.0,1800.0,4.0,0,24,0
1.0,1600.0,6.0,0,24,0
0.0,1800.0,2.0,0,24,0
1.0,800.0,12.0,0,24,0
1.0,1600.0,2.0,0,24,0
1.0,1000.0,12.0,0,24,0
0.0,1400.0,2.0,0,24,0
1.0,1200.0,6.0,0,24,0
0.0,800.0,2.0,0,24,0
1.0,1400.0,10.0,0,24,0
1.0,2000.0,2.0,0,24,0
0.0,1400.0,4.0,0,24,0
1.0,1800.0,10.0,0,24,0
0.0,1200.0,2.0,0,24,0
1.0,800.0,4.0,0,24,0
0.0,1200.0,4.0,0,24,0
1.0,1400.0,12.0,0,24,0
0.0,1200.0,12.0,0,24,0
0.0,1800.0,6.0,0,24,0
1.0,2000.0,12.0,0,24,0
1.0,1000.0,4.0,0,24,0
0.0,2000.0,6.0,0,24,0
1.0,1600.0,10.0,0,24,0
1.0,800.0,6.0,0,24,0
0.0,1200.0,10.0,0,24,0
1.0,1000.0,6.0,0,24,0
1.0,2000.0,8.0,0,25,0
1.0,2000.0,6.0,0,25,0
0.0,800.0,4.0,0,25,0
1.0,800.0,2.0,0,25,0
1.0,800.0,12.0,0,25,0
1.0,800.0,6.0,0,25,0
1.0,1400.0,6.0,0,25,0
1.0,1000.0,12.0,0,25,0
1.0,1600.0,10.0,0,25,0
1.0,2000.0,10.0,0,25,0
1.0,1400.0,12.0,0,25,0
1.0,1600.0,6.0,0,25,0
0.0,1000.0,2.0,0,25,0
1.0,800.0,10.0,0,25,0
1.0,1200.0,4.0,0,25,0
1.0,1800.0,8.0,0,25,0
0.0,2000.0,2.0,0,25,0
0.0,1600.0,2.0,0,25,0
1.0,1600.0,12.0,0,25,0
0.0,1400.0,2.0,0,25,0
1.0,1000.0,6.0,0,25,0
0.0,1800.0,2.0,0,25,0
1.0,1200.0,10.0,0,25,0
1.0,1400.0,10.0,0,25,0
1.0,1800.0,12.0,0,25,0
1.0,1800.0,10.0,0,25,0
1.0,1800.0,4.0,0,25,0
0.0,2000.0,4.0,0,25,0
1.0,1000.0,10.0,0,25,0
0.0,1400.0,4.0,0,25,0
1.0,1600.0,8.0,0,25,0
0.0,1600.0,4.0,0,25,0
1.0,1400.0,8.0,0,25,0
0.0,1200.0,2.0,0,25,0
1.0,1800.0,6.0,0,25,0
0.0,1000.0,4.0,0,25,0
1.0,1000.0,8.0,0,25,0
1.0,1200.0,12.0,0,25,0
1.0,800.0,8.0,0,25,0
1.0,1200.0,8.0,0,25,0
1.0,2000.0,12.0,0,25,0
1.0,1200.0,6.0,0,25,0
0.0,1400.0,4.0,1,25,0
1.0,1600.0,8.0,1,25,0
1.0,1800.0,6.0,1,25,0
1.0,1800.0,8.0,1,25,0
1.0,1400.0,6.0,1,25,0
1.0,800.0,10.0,1,25,0
1.0,1400.0,8.0,1,25,0
1.0,2000.0,10.0,1,25,0
0.0,1000.0,4.0,1,25,0
0.0,1000.0,2.0,1,25,0
0.0,1800.0,2.0,1,25,0
1.0,1400.0,12.0,1,25,0
1.0,800.0,6.0,1,25,0
1.0,800.0,12.0,1,25,0
0.0,800.0,2.0,1,25,0
1.0,1000.0,10.0,1,25,0
0.0,1800.0,4.0,1,25,0
1.0,2000.0,6.0,1,25,0
1.0,1000.0,8.0,1,25,0
0.0,1200.0,2.0,1,25,0
0.0,2000.0,4.0,1,25,0
0.0,800.0,4.0,1,25,0
0.0,1400.0,2.0,1,25,0
1.0,1600.0,6.0,1,25,0
1.0,1200.0,8.0,1,25,0
1.0,1800.0,12.0,1,25,0
1.0,1800.0,10.0,1,25,0
1.0,1200.0,12.0,1,25,0
1.0,1000.0,6.0,1,25,0
0.0,1600.0,4.0,1,25,0
1.0,1600.0,12.0,1,25,0
1.0,1200.0,6.0,1,25,0
1.0,1600.0,10.0,1,25,0
1.0,1400.0,10.0,1,25,0
0.0,1600.0,2.0,1,25,0
0.0,2000.0,2.0,1,25,0
0.0,1200.0,4.0,1,25,0
1.0,800.0,8.0,1,25,0
1.0,1200.0,10.0,1,25,0
1.0,2000.0,8.0,1,25,0
1.0,1000.0,12.0,1,25,0
1.0,2000.0,12.0,1,25,0
1.0,1800.0,10.0,1,26,1
1.0,1000.0,4.0,1,26,1
1.0,800.0,8.0,1,26,1
1.0,1200.0,4.0,1,26,1
1.0,800.0,10.0,1,26,1
1.0,1800.0,4.0,1,26,1
1.0,1000.0,6.0,1,26,1
1.0,800.0,2.0,1,26,1
1.0,1600.0,12.0,1,26,1
1.0,1400.0,10.0,1,26,1
1.0,1600.0,6.0,1,26,1
1.0,800.0,12.0,1,26,1
1.0,1800.0,2.0,1,26,1
1.0,1400.0,6.0,1,26,1
1.0,1600.0,4.0,1,26,1
1.0,1600.0,8.0,1,26,1
1.0,1600.0,2.0,1,26,1
1.0,2000.0,2.0,1,26,1
1.0,1200.0,12.0,1,26,1
1.0,2000.0,4.0,1,26,1
1.0,1200.0,6.0,1,26,1
1.0,1200.0,2.0,1,26,1
1.0,1400.0,12.0,1,26,1
1.0,1000.0,12.0,1,26,1
1.0,1800.0,12.0,1,26,1
1.0,2000.0,10.0,1,26,1
1.0,1000.0,8.0,1,26,1
1.0,800.0,4.0,1,26,1
1.0,1000.0,2.0,1,26,1
1.0,1800.0,6.0,1,26,1
1.0,1200.0,8.0,1,26,1
1.0,1600.0,10.0,1,26,1
1.0,2000.0,12.0,1,26,1
1.0,800.0,6.0,1,26,1
1.0,1000.0,10.0,1,26,1
1.0,1400.0,8.0,1,26,1
1.0,1800.0,8.0,1,26,1
1.0,1400.0,2.0,1,26,1
1.0,1200.0,10.0,1,26,1
1.0,1400.0,4.0,1,26,1
1.0,2000.0,6.0,1,26,1
1.0,2000.0,8.0,1,26,1
1.0,1200.0,12.0,0,26,1
1.0,1400.0,4.0,0,26,1
1.0,1800.0,10.0,0,26,1
1.0,1400.0,6.0,0,26,1
1.0,800.0,6.0,0,26,1
0.0,1000.0,8.0,0,26,1
1.0,2000.0,8.0,0,26,1
1.0,1600.0,2.0,0,26,1
1.0,1200.0,6.0,0,26,1
0.0,1000.0,10.0,0,26,1
0.0,1400.0,10.0,0,26,1
1.0,2000.0,6.0,0,26,1
1.0,1800.0,6.0,0,26,1
1.0,2000.0,12.0,0,26,1
0.0,1000.0,12.0,0,26,1
1.0,1600.0,12.0,0,26,1
1.0,1200.0,2.0,0,26,1
1.0,800.0,4.0,0,26,1
1.0,1800.0,2.0,0,26,1
1.0,1000.0,2.0,0,26,1
1.0,1800.0,12.0,0,26,1
0.0,800.0,10.0,0,26,1
1.0,1000.0,4.0,0,26,1
0.0,1400.0,12.0,0,26,1
1.0,2000.0,10.0,0,26,1
1.0,1600.0,8.0,0,26,1
0.0,800.0,12.0,0,26,1
0.0,1200.0,10.0,0,26,1
1.0,1600.0,10.0,0,26,1
1.0,2000.0,4.0,0,26,1
1.0,1600.0,4.0,0,26,1
1.0,1000.0,6.0,0,26,1
1.0,1800.0,4.0,0,26,1
1.0,1200.0,8.0,0,26,1
1.0,1800.0,8.0,0,26,1
0.0,800.0,8.0,0,26,1
1.0,1600.0,6.0,0,26,1
1.0,1400.0,8.0,0,26,1
1.0,1200.0,4.0,0,26,1
1.0,2000.0,2.0,0,26,1
1.0,800.0,2.0,0,26,1
1.0,1400.0,2.0,0,26,1
0.0,1400.0,6.0,0,27,0
0.0,1200.0,12.0,0,27,0
1.0,1800.0,2.0,0,27,0
1.0,1000.0,2.0,0,27,0
1.0,1400.0,8.0,0,27,0
1.0,1200.0,2.0,0,27,0
0.0,800.0,4.0,0,27,0
1.0,1600.0,6.0,0,27,0
1.0,1200.0,4.0,0,27,0
0.0,800.0,12.0,0,27,0
1.0,2000.0,2.0,0,27,0
0.0,800.0,8.0,0,27,0
1.0,2000.0,4.0,0,27,0
1.0,1200.0,6.0,0,27,0
0.0,1000.0,10.0,0,27,0
0.0,800.0,10.0,0,27,0
0.0,1800.0,12.0,0,27,0
1.0,1600.0,4.0,0,27,0
1.0,2000.0,12.0,0,27,0
0.0,1200.0,10.0,0,27,0
1.0,1000.0,6.0,0,27,0
0.0,1600.0,12.0,0,27,0
1.0,1400.0,4.0,0,27,0
1.0,1800.0,8.0,0,27,0
1.0,1000.0,4.0,0,27,0
1.0,1800.0,10.0,0,27,0
0.0,2000.0,10.0,0,27,0
1.0,800.0,2.0,0,27,0
1.0,2000.0,6.0,0,27,0
1.0,1600.0,10.0,0,27,0
1.0,1400.0,2.0,0,27,0
1.0,1000.0,8.0,0,27,0
1.0,1800.0,6.0,0,27,0
1.0,1200.0,8.0,0,27,0
0.0,1000.0,12.0,0,27,0
1.0,1600.0,8.0,0,27,0
1.0,2000.0,8.0,0,27,0
0.0,1400.0,10.0,0,27,0
1.0,1800.0,4.0,0,27,0
0.0,1400.0,12.0,0,27,0
0.0,800.0,6.0,0,27,0
1.0,1600.0,2.0,0,27,0
1.0,2000.0,6.0,1,27,0
1.0,1400.0,12.0,1,27,0
1.0,1200.0,6.0,1,27,0
1.0,2000.0,4.0,1,27,0
1.0,800.0,4.0,1,27,0
1.0,1200.0,12.0,1,27,0
1.0,800.0,2.0,1,27,0
1.0,2000.0,10.0,1,27,0
1.0,1400.0,6.0,1,27,0
1.0,1200.0,2.0,1,27,0
1.0,1800.0,6.0,1,27,0
1.0,1000.0,12.0,1,27,0
1.0,1200.0,4.0,1,27,0
0.0,800.0,10.0,1,27,0
1.0,1600.0,6.0,1,27,0
1.0,1200.0,8.0,1,27,0
1.0,1600.0,4.0,1,27,0
1.0,1800.0,12.0,1,27,0
1.0,2000.0,2.0,1,27,0
1.0,2000.0,12.0,1,27,0
1.0,1600.0,2.0,1,27,0
1.0,1000.0,6.0,1,27,0
1.0,1000.0,8.0,1,27,0
1.0,1400.0,2.0,1,27,0
1.0,2000.0,8.0,1,27,0
1.0,1000.0,4.0,1,27,0
0.0,800.0,12.0,1,27,0
1.0,1600.0,12.0,1,27,0
1.0,1600.0,10.0,1,27,0
1.0,1000.0,10.0,1,27,0
0.0,800.0,6.0,1,27,0
1.0,1600.0,8.0,1,27,0
1.0,800.0,8.0,1,27,0
1.0,1400.0,4.0,1,27,0
1.0,1400.0,8.0,1,27,0
1.0,1800.0,2.0,1,27,0
1.0,1400.0,10.0,1,27,0
1.0,1800.0,4.0,1,27,0
1.0,1800.0,10.0,1,27,0
1.0,1200.0,10.0,1,27,0
1.0,1000.0,2.0,1,27,0
1.0,1800.0,8.0,1,27,0
1.0,1800.0,12.0,1,28,1
1.0,2000.0,2.0,1,28,1
0.0,1200.0,4.0,1,28,1
0.0,1800.0,2.0,1,28,1
1.0,1800.0,10.0,1,28,1
1.0,1000.0,12.0,1,28,1
1.0,1400.0,10.0,1,28,1
1.0,1000.0,4.0,1,28,1
1.0,1600.0,2.0,1,28,1
0.0,2000.0,8.0,1,28,1
0.0,1000.0,8.0,1,28,1
0.0,1600.0,8.0,1,28,1
1.0,1400.0,8.0,1,28,1
1.0,1800.0,4.0,1,28,1
1.0,800.0,8.0,1,28,1
0.0,1800.0,6.0,1,28,1
0.0,1600.0,4.0,1,28,1
0.0,800.0,2.0,1,28,1
1.0,1000.0,6.0,1,28,1
1.0,1400.0,12.0,1,28,1
1.0,2000.0,6.0,1,28,1
1.0,1400.0,2.0,1,28,1
1.0,2000.0,12.0,1,28,1
1.0,1200.0,12.0,1,28,1
0.0,800.0,6.0,1,28,1
1.0,1400.0,6.0,1,28,1
1.0,800.0,12.0,1,28,1
1.0,1200.0,8.0,1,28,1
0.0,1200.0,2.0,1,28,1
1.0,1000.0,2.0,1,28,1
1.0,1000.0,10.0,1,28,1
1.0,800.0,10.0,1,28,1
1.0,800.0,4.0,1,28,1
1.0,1600.0,6.0,1,28,1
1.0,1400.0,4.0,1,28,1
1.0,2000.0,10.0,1,28,1
1.0,1600.0,10.0,1,28,1
0.0,1200.0,10.0,1,28,1
1.0,1600.0,12.0,1,28,1
1.0,1200.0,6.0,1,28,1
1.0,1800.0,8.0,1,28,1
1.0,2000.0,4.0,1,28,1
1.0,1400.0,12.0,0,28,1
1.0,1200.0,10.0,0,28,1
1.0,1800.0,10.0,0,28,1
1.0,1400.0,2.0,0,28,1
1.0,1000.0,6.0,0,28,1
1.0,2000.0,6.0,0,28,1
0.0,2000.0,10.0,0,28,1
1.0,1400.0,8.0,0,28,1
1.0,1200.0,8.0,0,28,1
1.0,1400.0,6.0,0,28,1
1.0,1800.0,8.0,0,28,1
1.0,800.0,6.0,0,28,1
0.0,2000.0,8.0,0,28,1
1.0,1600.0,4.0,0,28,1
1.0,800.0,12.0,0,28,1
1.0,1600.0,2.0,0,28,1
1.0,800.0,2.0,0,28,1
1.0,1000.0,8.0,0,28,1
0.0,800.0,4.0,0,28,1
0.0,1000.0,2.0,0,28,1
0.0,1200.0,6.0,0,28,1
0.0,2000.0,12.0,0,28,1
0.0,1800.0,12.0,0,28,1
0.0,2000.0,2.0,0,28,1
0.0,1600.0,12.0,0,28,1
0.0,1400.0,4.0,0,28,1
0.0,1000.0,10.0,0,28,1
0.0,800.0,10.0,0,28,1
1.0,1600.0,10.0,0,28,1
0.0,1400.0,10.0,0,28,1
0.0,1200.0,2.0,0,28,1
0.0,1800.0,4.0,0,28,1
1.0,2000.0,4.0,0,28,1
1.0,800.0,8.0,0,28,1
0.0,1200.0,4.0,0,28,1
0.0,1000.0,4.0,0,28,1
0.0,1600.0,6.0,0,28,1
0.0,1800.0,6.0,0,28,1
0.0,1200.0,12.0,0,28,1
0.0,1000.0,12.0,0,28,1
0.0,1800.0,2.0,0,28,1
1.0,1600.0,8.0,0,28,1
1.0,2000.0,4.0,0,29,0
1.0,1000.0,4.0,0,29,0
1.0,2000.0,10.0,0,29,0
0.0,1800.0,4.0,0,29,0
1.0,1200.0,8.0,0,29,0
0.0,1400.0,10.0,0,29,0
1.0,1400.0,4.0,0,29,0
1.0,1200.0,2.0,0,29,0
0.0,1200.0,10.0,0,29,0
1.0,1600.0,12.0,0,29,0
0.0,800.0,4.0,0,29,0
0.0,2000.0,2.0,0,29,0
1.0,1400.0,8.0,0,29,0
0.0,1400.0,12.0,0,29,0
1.0,1600.0,8.0,0,29,0
1.0,1200.0,12.0,0,29,0
0.0,1000.0,8.0,0,29,0
0.0,2000.0,6.0,0,29,0
1.0,1800.0,2.0,0,29,0
0.0,1600.0,6.0,0,29,0
1.0,800.0,10.0,0,29,0
0.0,1400.0,2.0,0,29,0
1.0,1600.0,10.0,0,29,0
0.0,1200.0,6.0,0,29,0
0.0,800.0,6.0,0,29,0
1.0,1000.0,10.0,0,29,0
0.0,1800.0,10.0,0,29,0
1.0,2000.0,8.0,0,29,0
0.0,1800.0,6.0,0,29,0
0.0,1000.0,6.0,0,29,0
1.0,1800.0,12.0,0,29,0
0.0,1200.0,4.0,0,29,0
1.0,1400.0,6.0,0,29,0
1.0,800.0,12.0,0,29,0
0.0,1000.0,2.0,0,29,0
1.0,1600.0,2.0,0,29,0
1.0,1600.0,4.0,0,29,0
0.0,1000.0,12.0,0,29,0
0.0,1800.0,8.0,0,29,0
1.0,800.0,2.0,0,29,0
0.0,2000.0,12.0,0,29,0
1.0,800.0,8.0,0,29,0
1.0,2000.0,6.0,1,29,0
0.0,1000.0,2.0,1,29,0
1.0,2000.0,10.0,1,29,0
0.0,800.0,12.0,1,29,0
1.0,1000.0,6.0,1,29,0
1.0,1200.0,4.0,1,29,0
0.0,1000.0,12.0,1,29,0
0.0,1400.0,2.0,1,29,0
1.0,1600.0,8.0,1,29,0
1.0,2000.0,12.0,1,29,0
0.0,1000.0,8.0,1,29,0
1.0,1800.0,6.0,1,29,0
0.0,1000.0,10.0,1,29,0
1.0,1400.0,8.0,1,29,0
0.0,1800.0,8.0,1,29,0
1.0,1400.0,12.0,1,29,0
0.0,1600.0,10.0,1,29,0
1.0,2000.0,4.0,1,29,0
1.0,2000.0,2.0,1,29,0
0.0,1600.0,6.0,1,29,0
1.0,1600.0,2.0,1,29,0
1.0,1200.0,6.0,1,29,0
0.0,1800.0,10.0,1,29,0
1.0,1800.0,2.0,1,29,0
1.0,2000.0,8.0,1,29,0
0.0,800.0,10.0,1,29,0
1.0,800.0,2.0,1,29,0
0.0,800.0,8.0,1,29,0
1.0,800.0,4.0,1,29,0
0.0,1800.0,4.0,1,29,0
0.0,1400.0,10.0,1,29,0
1.0,1400.0,6.0,1,29,0
1.0,1400.0,4.0,1,29,0
0.0,800.0,6.0,1,29,0
0.0,1800.0,12.0,1,29,0
1.0,1200.0,2.0,1,29,0
1.0,1600.0,12.0,1,29,0
0.0,1000.0,4.0,1,29,0
1.0,1200.0,10.0,1,29,0
0.0,1200.0,8.0,1,29,0
0.0,1600.0,4.0,1,29,0
1.0,1200.0,12.0,1,29,0
1.0,1000.0,2.0,1,30,1
1.0,1600.0,4.0,1,30,1
1.0,1600.0,12.0,1,30,1
1.0,1600.0,8.0,1,30,1
1.0,800.0,12.0,1,30,1
1.0,1400.0,6.0,1,30,1
1.0,1600.0,2.0,1,30,1
1.0,2000.0,6.0,1,30,1
1.0,1000.0,10.0,1,30,1
1.0,1400.0,2.0,1,30,1
1.0,1200.0,2.0,1,30,1
1.0,1800.0,4.0,1,30,1
1.0,2000.0,4.0,1,30,1
1.0,1800.0,8.0,1,30,1
1.0,1200.0,4.0,1,30,1
1.0,800.0,10.0,1,30,1
1.0,1200.0,10.0,1,30,1
1.0,800.0,2.0,1,30,1
1.0,1200.0,12.0,1,30,1
1.0,1000.0,6.0,1,30,1
1.0,1400.0,12.0,1,30,1
1.0,1000.0,8.0,1,30,1
1.0,1800.0,2.0,1,30,1
1.0,1800.0,10.0,1,30,1
1.0,800.0,8.0,1,30,1
1.0,2000.0,2.0,1,30,1
1.0,800.0,6.0,1,30,1
1.0,1600.0,6.0,1,30,1
1.0,800.0,4.0,1,30,1
1.0,1000.0,12.0,1,30,1
1.0,1200.0,6.0,1,30,1
1.0,2000.0,8.0,1,30,1
1.0,1000.0,4.0,1,30,1
1.0,2000.0,12.0,1,30,1
1.0,1400.0,4.0,1,30,1
1.0,1800.0,6.0,1,30,1
1.0,1800.0,12.0,1,30,1
1.0,2000.0,10.0,1,30,1
1.0,1200.0,8.0,1,30,1
1.0,1600.0,10.0,1,30,1
1.0,1400.0,10.0,1,30,1
1.0,1400.0,8.0,1,30,1
1.0,1800.0,2.0,0,30,1
1.0,2000.0,12.0,0,30,1
1.0,2000.0,6.0,0,30,1
1.0,1000.0,2.0,0,30,1
1.0,800.0,10.0,0,30,1
1.0,800.0,6.0,0,30,1
1.0,2000.0,10.0,0,30,1
1.0,1200.0,8.0,0,30,1
1.0,800.0,4.0,0,30,1
1.0,1400.0,8.0,0,30,1
1.0,800.0,2.0,0,30,1
1.0,1200.0,6.0,0,30,1
1.0,1000.0,4.0,0,30,1
1.0,1400.0,6.0,0,30,1
1.0,1800.0,8.0,0,30,1
1.0,1800.0,6.0,0,30,1
1.0,1600.0,8.0,0,30,1
1.0,1400.0,2.0,0,30,1
0.0,800.0,12.0,0,30,1
1.0,1000.0,6.0,0,30,1
1.0,1600.0,4.0,0,30,1
1.0,2000.0,2.0,0,30,1
1.0,1200.0,10.0,0,30,1
1.0,2000.0,4.0,0,30,1
1.0,1400.0,10.0,0,30,1
1.0,1600.0,2.0,0,30,1
1.0,1600.0,6.0,0,30,1
1.0,1600.0,10.0,0,30,1
1.0,1400.0,4.0,0,30,1
1.0,1200.0,4.0,0,30,1
1.0,1200.0,12.0,0,30,1
1.0,1000.0,10.0,0,30,1
1.0,1200.0,2.0,0,30,1
1.0,1800.0,10.0,0,30,1
1.0,1000.0,8.0,0,30,1
1.0,1600.0,12.0,0,30,1
1.0,800.0,8.0,0,30,1
1.0,1800.0,4.0,0,30,1
1.0,2000.0,8.0,0,30,1
1.0,1800.0,12.0,0,30,1
1.0,1000.0,12.0,0,30,1
1.0,1400.0,12.0,0,30,1
1.0,1800.0,6.0,0,31,0
1.0,2000.0,4.0,0,31,0
1.0,1000.0,10.0,0,31,0
1.0,1000.0,12.0,0,31,0
0.0,1200.0,2.0,0,31,0
1.0,1400.0,8.0,0,31,0
1.0,1600.0,8.0,0,31,0
1.0,1000.0,8.0,0,31,0
1.0,1200.0,10.0,0,31,0
1.0,1600.0,10.0,0,31,0
1.0,800.0,6.0,0,31,0
1.0,1800.0,10.0,0,31,0
1.0,1600.0,6.0,0,31,0
0.0,1000.0,2.0,0,31,0
1.0,800.0,12.0,0,31,0
0.0,800.0,4.0,0,31,0
0.0,2000.0,2.0,0,31,0
1.0,2000.0,12.0,0,31,0
1.0,2000.0,10.0,0,31,0
0.0,1400.0,4.0,0,31,0
0.0,1400.0,2.0,0,31,0
1.0,1000.0,6.0,0,31,0
0.0,1600.0,4.0,0,31,0
1.0,1200.0,6.0,0,31,0
1.0,1800.0,8.0,0,31,0
1.0,1200.0,8.0,0,31,0
1.0,1400.0,6.0,0,31,0
1.0,1400.0,12.0,0,31,0
1.0,1200.0,12.0,0,31,0
1.0,2000.0,8.0,0,31,0
1.0,1400.0,10.0,0,31,0
0.0,1200.0,4.0,0,31,0
0.0,800.0,2.0,0,31,0
1.0,800.0,10.0,0,31,0
0.0,1000.0,4.0,0,31,0
1.0,2000.0,6.0,0,31,0
1.0,1600.0,12.0,0,31,0
0.0,1600.0,2.0,0,31,0
0.0,1800.0,2.0,0,31,0
1.0,800.0,8.0,0,31,0
1.0,1800.0,12.0,0,31,0
0.0,1800.0,4.0,0,31,0
1.0,1600.0,8.0,1,31,0
0.0,1000.0,4.0,1,31,0
0.0,1800.0,2.0,1,31,0
0.0,1000.0,2.0,1,31,0
1.0,1000.0,10.0,1,31,0
0.0,1200.0,2.0,1,31,0
1.0,800.0,8.0,1,31,0
1.0,800.0,12.0,1,31,0
0.0,2000.0,4.0,1,31,0
1.0,800.0,10.0,1,31,0
1.0,1400.0,8.0,1,31,0
1.0,1600.0,10.0,1,31,0
0.0,1800.0,4.0,1,31,0
1.0,1800.0,6.0,1,31,0
1.0,2000.0,6.0,1,31,0
0.0,1400.0,4.0,1,31,0
1.0,1000.0,8.0,1,31,0
1.0,2000.0,10.0,1,31,0
1.0,1400.0,12.0,1,31,0
1.0,1800.0,12.0,1,31,0
1.0,2000.0,8.0,1,31,0
0.0,2000.0,2.0,1,31,0
1.0,1400.0,6.0,1,31,0
1.0,1200.0,6.0,1,31,0
1.0,800.0,6.0,1,31,0
1.0,1800.0,8.0,1,31,0
1.0,1200.0,12.0,1,31,0
0.0,1400.0,2.0,1,31,0
0.0,1600.0,2.0,1,31,0
1.0,1600.0,6.0,1,31,0
1.0,1000.0,12.0,1,31,0
1.0,1200.0,8.0,1,31,0
1.0,1600.0,12.0,1,31,0
1.0,1400.0,10.0,1,31,0
1.0,1200.0,4.0,1,31,0
0.0,800.0,4.0,1,31,0
1.0,1800.0,10.0,1,31,0
0.0,800.0,2.0,1,31,0
1.0,1000.0,6.0,1,31,0
1.0,1200.0,10.0,1,31,0
0.0,1600.0,4.0,1,31,0
1.0,2000.0,12.0,1,31,0
1.0,1600.0,2.0,0,32,0
1.0,1800.0,10.0,0,32,0
1.0,1400.0,10.0,0,32,0
1.0,1400.0,8.0,0,32,0
0.0,1000.0,10.0,0,32,0
0.0,800.0,8.0,0,32,0
1.0,1400.0,2.0,0,32,0
0.0,1600.0,12.0,0,32,0
1.0,1000.0,2.0,0,32,0
1.0,2000.0,12.0,0,32,0
0.0,1200.0,6.0,0,32,0
0.0,800.0,10.0,0,32,0
1.0,1600.0,6.0,0,32,0
1.0,1600.0,10.0,0,32,0
1.0,1800.0,2.0,0,32,0
1.0,2000.0,8.0,0,32,0
0.0,800.0,4.0,0,32,0
1.0,2000.0,6.0,0,32,0
0.0,1600.0,8.0,0,32,0
1.0,1800.0,4.0,0,32,0
0.0,1000.0,6.0,0,32,0
1.0,2000.0,2.0,0,32,0
0.0,1400.0,6.0,0,32,0
1.0,800.0,2.0,0,32,0
1.0,1200.0,2.0,0,32,0
1.0,1800.0,12.0,0,32,0
0.0,1000.0,12.0,0,32,0
0.0,1200.0,8.0,0,32,0
1.0,1800.0,8.0,0,32,0
0.0,800.0,6.0,0,32,0
0.0,1000.0,4.0,0,32,0
0.0,1200.0,12.0,0,32,0
1.0,2000.0,4.0,0,32,0
1.0,1200.0,4.0,0,32,0
1.0,1800.0,6.0,0,32,0
1.0,2000.0,10.0,0,32,0
0.0,1400.0,12.0,0,32,0
0.0,1200.0,10.0,0,32,0
0.0,1000.0,8.0,0,32,0
1.0,1400.0,4.0,0,32,0
0.0,800.0,12.0,0,32,0
1.0,1600.0,4.0,0,32,0
0.0,1000.0,10.0,1,32,0
0.0,1800.0,8.0,1,32,0
0.0,1400.0,2.0,1,32,0
0.0,1800.0,2.0,1,32,0
0.0,1600.0,2.0,1,32,0
0.0,800.0,4.0,1,32,0
0.0,1200.0,12.0,1,32,0
0.0,1600.0,8.0,1,32,0
0.0,1000.0,12.0,1,32,0
0.0,2000.0,6.0,1,32,0
0.0,1600.0,4.0,1,32,0
0.0,1000.0,2.0,1,32,0
0.0,1200.0,4.0,1,32,0
0.0,1400.0,8.0,1,32,0
0.0,1200.0,10.0,1,32,0
0.0,1800.0,12.0,1,32,0
0.0,800.0,12.0,1,32,0
0.0,800.0,2.0,1,32,0
0.0,2000.0,8.0,1,32,0
0.0,1200.0,6.0,1,32,0
0.0,1000.0,4.0,1,32,0
0.0,1600.0,10.0,1,32,0
0.0,1200.0,2.0,1,32,0
0.0,1800.0,4.0,1,32,0
0.0,2000.0,12.0,1,32,0
0.0,800.0,8.0,1,32,0
0.0,1400.0,12.0,1,32,0
0.0,1600.0,12.0,1,32,0
0.0,1000.0,8.0,1,32,0
0.0,1000.0,6.0,1,32,0
0.0,2000.0,10.0,1,32,0
0.0,1400.0,6.0,1,32,0
0.0,800.0,6.0,1,32,0
1.0,2000.0,2.0,1,32,0
0.0,1200.0,8.0,1,32,0
0.0,1400.0,10.0,1,32,0
0.0,1600.0,6.0,1,32,0
0.0,1400.0,4.0,1,32,0
0.0,1800.0,6.0,1,32,0
0.0,2000.0,4.0,1,32,0
0.0,1800.0,10.0,1,32,0
0.0,800.0,10.0,1,32,0
0.0,1400.0,12.0,0,33,0
1.0,800.0,4.0,0,33,0
1.0,1600.0,2.0,0,33,0
0.0,1800.0,12.0,0,33,0
0.0,1400.0,6.0,0,33,0
0.0,1000.0,10.0,0,33,0
0.0,800.0,10.0,0,33,0
1.0,1000.0,4.0,0,33,0
1.0,1400.0,2.0,0,33,0
0.0,1400.0,8.0,0,33,0
1.0,1200.0,4.0,0,33,0
0.0,1600.0,12.0,0,33,0
1.0,2000.0,2.0,0,33,0
0.0,1200.0,8.0,0,33,0
0.0,2000.0,10.0,0,33,0
0.0,1200.0,6.0,0,33,0
0.0,1200.0,12.0,0,33,0
1.0,2000.0,4.0,0,33,0
0.0,1000.0,8.0,0,33,0
0.0,2000.0,8.0,0,33,0
0.0,1000.0,12.0,0,33,0
0.0,2000.0,12.0,0,33,0
0.0,1800.0,8.0,0,33,0
1.0,1600.0,4.0,0,33,0
1.0,1800.0,4.0,0,33,0
0.0,1200.0,10.0,0,33,0
0.0,1600.0,6.0,0,33,0
0.0,1400.0,10.0,0,33,0
0.0,1600.0,10.0,0,33,0
0.0,1800.0,10.0,0,33,0
0.0,1000.0,6.0,0,33,0
1.0,1400.0,4.0,0,33,0
0.0,2000.0,6.0,0,33,0
1.0,1200.0,2.0,0,33,0
0.0,800.0,12.0,0,33,0
1.0,1000.0,2.0,0,33,0
0.0,1600.0,8.0,0,33,0
0.0,1800.0,6.0,0,33,0
0.0,800.0,6.0,0,33,0
1.0,800.0,2.0,0,33,0
0.0,800.0,8.0,0,33,0
1.0,1800.0,2.0,0,33,0
0.0,1800.0,6.0,1,33,0
0.0,1000.0,6.0,1,33,0
0.0,1600.0,12.0,1,33,0
1.0,1600.0,2.0,1,33,0
0.0,1400.0,12.0,1,33,0
1.0,800.0,4.0,1,33,0
0.0,1200.0,10.0,1,33,0
0.0,1200.0,6.0,1,33,0
0.0,1000.0,10.0,1,33,0
1.0,1000.0,2.0,1,33,0
0.0,2000.0,12.0,1,33,0
0.0,1600.0,8.0,1,33,0
0.0,2000.0,10.0,1,33,0
1.0,1400.0,2.0,1,33,0
1.0,1600.0,4.0,1,33,0
1.0,1200.0,4.0,1,33,0
0.0,800.0,10.0,1,33,0
1.0,1400.0,4.0,1,33,0
0.0,1400.0,10.0,1,33,0
0.0,1000.0,12.0,1,33,0
1.0,1800.0,2.0,1,33,0
1.0,2000.0,4.0,1,33,0
0.0,2000.0,8.0,1,33,0
0.0,1800.0,8.0,1,33,0
1.0,1800.0,4.0,1,33,0
1.0,1000.0,4.0,1,33,0
0.0,1600.0,10.0,1,33,0
0.0,1000.0,8.0,1,33,0
0.0,1200.0,8.0,1,33,0
0.0,800.0,8.0,1,33,0
1.0,1200.0,2.0,1,33,0
0.0,1800.0,10.0,1,33,0
1.0,800.0,2.0,1,33,0
1.0,2000.0,2.0,1,33,0
0.0,1400.0,8.0,1,33,0
0.0,1800.0,12.0,1,33,0
0.0,800.0,12.0,1,33,0
0.0,800.0,6.0,1,33,0
0.0,2000.0,6.0,1,33,0
0.0,1400.0,6.0,1,33,0
0.0,1200.0,12.0,1,33,0
0.0,1600.0,6.0,1,33,0
1.0,1600.0,10.0,1,34,1
1.0,1800.0,2.0,1,34,1
1.0,1600.0,8.0,1,34,1
1.0,1800.0,8.0,1,34,1
1.0,1000.0,2.0,1,34,1
1.0,1800.0,6.0,1,34,1
1.0,1000.0,6.0,1,34,1
1.0,800.0,4.0,1,34,1
1.0,1000.0,8.0,1,34,1
1.0,2000.0,6.0,1,34,1
1.0,2000.0,12.0,1,34,1
1.0,1800.0,12.0,1,34,1
1.0,1600.0,2.0,1,34,1
1.0,800.0,10.0,1,34,1
0.0,1000.0,10.0,1,34,1
0.0,1200.0,12.0,1,34,1
1.0,2000.0,8.0,1,34,1
1.0,1600.0,6.0,1,34,1
0.0,1600.0,12.0,1,34,1
1.0,1200.0,4.0,1,34,1
1.0,1600.0,4.0,1,34,1
1.0,2000.0,2.0,1,34,1
1.0,1400.0,2.0,1,34,1
1.0,1800.0,4.0,1,34,1
1.0,2000.0,4.0,1,34,1
1.0,800.0,6.0,1,34,1
1.0,1000.0,4.0,1,34,1
1.0,1400.0,4.0,1,34,1
1.0,1000.0,12.0,1,34,1
1.0,800.0,8.0,1,34,1
1.0,1200.0,6.0,1,34,1
1.0,800.0,12.0,1,34,1
1.0,1200.0,8.0,1,34,1
1.0,800.0,2.0,1,34,1
1.0,1200.0,10.0,1,34,1
1.0,2000.0,10.0,1,34,1
0.0,1800.0,10.0,1,34,1
1.0,1200.0,2.0,1,34,1
1.0,1400.0,6.0,1,34,1
1.0,1400.0,12.0,1,34,1
1.0,1400.0,8.0,1,34,1
1.0,1400.0,10.0,1,34,1
1.0,2000.0,8.0,0,34,1
1.0,2000.0,10.0,0,34,1
1.0,800.0,8.0,0,34,1
1.0,1200.0,10.0,0,34,1
1.0,1600.0,6.0,0,34,1
1.0,1600.0,12.0,0,34,1
1.0,800.0,4.0,0,34,1
1.0,2000.0,6.0,0,34,1
1.0,1800.0,8.0,0,34,1
1.0,1000.0,2.0,0,34,1
1.0,1400.0,2.0,0,34,1
1.0,1400.0,12.0,0,34,1
1.0,1200.0,2.0,0,34,1
1.0,2000.0,2.0,0,34,1
1.0,1800.0,2.0,0,34,1
1.0,1200.0,12.0,0,34,1
1.0,1600.0,10.0,0,34,1
1.0,1800.0,10.0,0,34,1
1.0,800.0,12.0,0,34,1
1.0,800.0,10.0,0,34,1
1.0,1800.0,12.0,0,34,1
1.0,1800.0,6.0,0,34,1
1.0,1400.0,6.0,0,34,1
1.0,1400.0,10.0,0,34,1
1.0,1000.0,4.0,0,34,1
1.0,2000.0,12.0,0,34,1
1.0,1200.0,8.0,0,34,1
1.0,2000.0,4.0,0,34,1
1.0,1400.0,4.0,0,34,1
1.0,1400.0,8.0,0,34,1
1.0,1800.0,4.0,0,34,1
1.0,800.0,2.0,0,34,1
1.0,1600.0,8.0,0,34,1
1.0,1000.0,6.0,0,34,1
1.0,1600.0,4.0,0,34,1
1.0,800.0,6.0,0,34,1
1.0,1200.0,6.0,0,34,1
0.0,1200.0,4.0,0,34,1
0.0,1000.0,8.0,0,34,1
0.0,1600.0,2.0,0,34,1
1.0,1000.0,12.0,0,34,1
0.0,1000.0,10.0,0,34,1
0.0,2000.0,6.0,0,35,0
0.0,800.0,4.0,0,35,0
0.0,1400.0,2.0,0,35,0
0.0,1800.0,12.0,0,35,0
0.0,1600.0,10.0,0,35,0
0.0,1200.0,6.0,0,35,0
0.0,1200.0,8.0,0,35,0
0.0,1800.0,2.0,0,35,0
0.0,1000.0,12.0,0,35,0
0.0,1400.0,12.0,0,35,0
0.0,1000.0,4.0,0,35,0
0.0,1200.0,12.0,0,35,0
0.0,800.0,10.0,0,35,0
0.0,1800.0,8.0,0,35,0
0.0,2000.0,12.0,0,35,0
0.0,2000.0,8.0,0,35,0
0.0,1600.0,8.0,0,35,0
0.0,1600.0,6.0,0,35,0
0.0,800.0,6.0,0,35,0
0.0,1000.0,8.0,0,35,0
0.0,800.0,8.0,0,35,0
0.0,2000.0,4.0,0,35,0
0.0,1200.0,2.0,0,35,0
0.0,1400.0,4.0,0,35,0
0.0,800.0,12.0,0,35,0
0.0,1600.0,4.0,0,35,0
0.0,1200.0,4.0,0,35,0
0.0,1000.0,6.0,0,35,0
0.0,1000.0,10.0,0,35,0
0.0,1400.0,6.0,0,35,0
0.0,1600.0,12.0,0,35,0
0.0,2000.0,2.0,0,35,0
0.0,1600.0,2.0,0,35,0
0.0,1000.0,2.0,0,35,0
0.0,800.0,2.0,0,35,0
0.0,1200.0,10.0,0,35,0
0.0,1800.0,4.0,0,35,0
0.0,1400.0,10.0,0,35,0
0.0,2000.0,10.0,0,35,0
0.0,1800.0,6.0,0,35,0
0.0,1400.0,8.0,0,35,0
0.0,1800.0,10.0,0,35,0
1.0,2000.0,6.0,1,35,0
1.0,1600.0,10.0,1,35,0
1.0,1600.0,4.0,1,35,0
1.0,1000.0,8.0,1,35,0
1.0,800.0,10.0,1,35,0
1.0,1800.0,4.0,1,35,0
1.0,1400.0,12.0,1,35,0
1.0,2000.0,4.0,1,35,0
1.0,1600.0,12.0,1,35,0
1.0,800.0,6.0,1,35,0
0.0,1200.0,12.0,1,35,0
0.0,1200.0,2.0,1,35,0
1.0,2000.0,12.0,1,35,0
1.0,1800.0,10.0,1,35,0
1.0,1400.0,8.0,1,35,0
0.0,1800.0,2.0,1,35,0
0.0,1800.0,8.0,1,35,0
0.0,1400.0,6.0,1,35,0
0.0,1000.0,6.0,1,35,0
0.0,1600.0,6.0,1,35,0
1.0,1200.0,4.0,1,35,0
0.0,2000.0,8.0,1,35,0
0.0,1400.0,4.0,1,35,0
1.0,2000.0,10.0,1,35,0
0.0,1000.0,2.0,1,35,0
0.0,1200.0,6.0,1,35,0
1.0,1000.0,12.0,1,35,0
1.0,800.0,12.0,1,35,0
0.0,800.0,4.0,1,35,0
1.0,1800.0,6.0,1,35,0
1.0,1000.0,4.0,1,35,0
1.0,1000.0,10.0,1,35,0
0.0,800.0,2.0,1,35,0
1.0,1400.0,10.0,1,35,0
0.0,1400.0,2.0,1,35,0
1.0,800.0,8.0,1,35,0
0.0,1200.0,10.0,1,35,0
0.0,1800.0,12.0,1,35,0
1.0,1200.0,8.0,1,35,0
0.0,2000.0,2.0,1,35,0
0.0,1600.0,2.0,1,35,0
1.0,1600.0,8.0,1,35,0
1.0,1800.0,10.0,1,36,1
1.0,1000.0,2.0,1,36,1
0.0,1400.0,10.0,1,36,1
1.0,2000.0,6.0,1,36,1
1.0,1600.0,2.0,1,36,1
1.0,1800.0,4.0,1,36,1
1.0,1600.0,12.0,1,36,1
1.0,1600.0,8.0,1,36,1
0.0,1200.0,4.0,1,36,1
1.0,1600.0,10.0,1,36,1
0.0,1000.0,12.0,1,36,1
0.0,800.0,10.0,1,36,1
0.0,800.0,8.0,1,36,1
0.0,800.0,4.0,1,36,1
1.0,2000.0,12.0,1,36,1
0.0,1000.0,6.0,1,36,1
1.0,1600.0,4.0,1,36,1
1.0,1800.0,2.0,1,36,1
1.0,2000.0,10.0,1,36,1
1.0,2000.0,4.0,1,36,1
0.0,800.0,12.0,1,36,1
1.0,2000.0,2.0,1,36,1
0.0,1400.0,2.0,1,36,1
1.0,1800.0,6.0,1,36,1
0.0,1000.0,8.0,1,36,1
0.0,1400.0,8.0,1,36,1
0.0,1200.0,12.0,1,36,1
1.0,1600.0,6.0,1,36,1
0.0,1400.0,4.0,1,36,1
0.0,1400.0,6.0,1,36,1
0.0,1200.0,6.0,1,36,1
0.0,1200.0,8.0,1,36,1
1.0,1800.0,8.0,1,36,1
1.0,2000.0,8.0,1,36,1
0.0,800.0,6.0,1,36,1
0.0,1400.0,12.0,1,36,1
0.0,1000.0,4.0,1,36,1
1.0,1800.0,12.0,1,36,1
0.0,1000.0,10.0,1,36,1
0.0,800.0,2.0,1,36,1
0.0,1200.0,10.0,1,36,1
0.0,1200.0,2.0,1,36,1
1.0,1800.0,6.0,0,36,1
1.0,1600.0,8.0,0,36,1
1.0,1600.0,4.0,0,36,1
0.0,800.0,12.0,0,36,1
0.0,800.0,8.0,0,36,1
1.0,2000.0,12.0,0,36,1
1.0,2000.0,8.0,0,36,1
0.0,1400.0,6.0,0,36,1
0.0,1400.0,2.0,0,36,1
0.0,1000.0,4.0,0,36,1
0.0,1000.0,12.0,0,36,1
0.0,1000.0,10.0,0,36,1
1.0,1800.0,2.0,0,36,1
0.0,1200.0,8.0,0,36,1
1.0,1800.0,12.0,0,36,1
0.0,1200.0,6.0,0,36,1
0.0,1200.0,12.0,0,36,1
0.0,800.0,4.0,0,36,1
0.0,1200.0,10.0,0,36,1
1.0,1800.0,10.0,0,36,1
0.0,1000.0,8.0,0,36,1
1.0,2000.0,6.0,0,36,1
0.0,800.0,2.0,0,36,1
0.0,800.0,10.0,0,36,1
0.0,1400.0,4.0,0,36,1
0.0,1200.0,4.0,0,36,1
0.0,1000.0,2.0,0,36,1
1.0,2000.0,2.0,0,36,1
1.0,1600.0,10.0,0,36,1
0.0,1400.0,8.0,0,36,1
0.0,800.0,6.0,0,36,1
1.0,1800.0,4.0,0,36,1
0.0,1400.0,12.0,0,36,1
0.0,1400.0,10.0,0,36,1
1.0,2000.0,4.0,0,36,1
1.0,2000.0,10.0,0,36,1
1.0,1800.0,8.0,0,36,1
0.0,1200.0,2.0,0,36,1
0.0,1000.0,6.0,0,36,1
1.0,1600.0,12.0,0,36,1
1.0,1600.0,2.0,0,36,1
1.0,1600.0,6.0,0,36,1
1.0,1200.0,6.0,0,37,1
0.0,1000.0,10.0,0,37,1
0.0,1600.0,10.0,0,37,1
0.0,1600.0,4.0,0,37,1
0.0,2000.0,2.0,0,37,1
0.0,1000.0,12.0,0,37,1
1.0,1000.0,8.0,0,37,1
0.0,800.0,10.0,0,37,1
1.0,1200.0,2.0,0,37,1
1.0,1800.0,2.0,0,37,1
1.0,1400.0,2.0,0,37,1
0.0,1800.0,12.0,0,37,1
0.0,2000.0,12.0,0,37,1
0.0,1400.0,12.0,0,37,1
0.0,1800.0,4.0,0,37,1
0.0,1800.0,6.0,0,37,1
1.0,1600.0,2.0,0,37,1
1.0,800.0,8.0,0,37,1
1.0,1400.0,8.0,0,37,1
1.0,1400.0,6.0,0,37,1
1.0,1600.0,6.0,0,37,1
0.0,2000.0,6.0,0,37,1
1.0,800.0,2.0,0,37,1
0.0,1200.0,10.0,0,37,1
0.0,1800.0,10.0,0,37,1
1.0,1200.0,8.0,0,37,1
1.0,1000.0,4.0,0,37,1
1.0,1000.0,2.0,0,37,1
1.0,1200.0,4.0,0,37,1
1.0,1600.0,8.0,0,37,1
1.0,1200.0,12.0,0,37,1
1.0,800.0,4.0,0,37,1
1.0,800.0,6.0,0,37,1
0.0,1800.0,8.0,0,37,1
0.0,2000.0,8.0,0,37,1
0.0,1400.0,10.0,0,37,1
0.0,2000.0,10.0,0,37,1
1.0,1400.0,4.0,0,37,1
1.0,1000.0,6.0,0,37,1
0.0,800.0,12.0,0,37,1
0.0,1600.0,12.0,0,37,1
0.0,2000.0,4.0,0,37,1
0.0,1200.0,12.0,1,37,1
0.0,2000.0,8.0,1,37,1
1.0,1400.0,10.0,1,37,1
1.0,1600.0,6.0,1,37,1
0.0,1200.0,10.0,1,37,1
1.0,1200.0,6.0,1,37,1
1.0,800.0,2.0,1,37,1
0.0,1400.0,12.0,1,37,1
0.0,800.0,12.0,1,37,1
1.0,1400.0,8.0,1,37,1
1.0,1200.0,4.0,1,37,1
1.0,1400.0,6.0,1,37,1
1.0,1000.0,8.0,1,37,1
1.0,1800.0,8.0,1,37,1
0.0,1800.0,12.0,1,37,1
1.0,800.0,4.0,1,37,1
1.0,2000.0,2.0,1,37,1
1.0,1800.0,2.0,1,37,1
1.0,1400.0,2.0,1,37,1
0.0,1600.0,12.0,1,37,1
1.0,1800.0,4.0,1,37,1
1.0,1000.0,4.0,1,37,1
0.0,1600.0,10.0,1,37,1
1.0,1600.0,2.0,1,37,1
0.0,1000.0,10.0,1,37,1
1.0,1600.0,4.0,1,37,1
0.0,2000.0,6.0,1,37,1
1.0,800.0,8.0,1,37,1
1.0,2000.0,4.0,1,37,1
1.0,1000.0,2.0,1,37,1
0.0,800.0,10.0,1,37,1
1.0,1200.0,2.0,1,37,1
1.0,1000.0,6.0,1,37,1
1.0,1400.0,4.0,1,37,1
1.0,800.0,6.0,1,37,1
1.0,1800.0,6.0,1,37,1
1.0,1600.0,8.0,1,37,1
0.0,2000.0,10.0,1,37,1
1.0,1800.0,10.0,1,37,1
1.0,1000.0,12.0,1,37,1
1.0,1200.0,8.0,1,37,1
0.0,2000.0,12.0,1,37,1
1.0,1000.0,10.0,1,38,0
1.0,1400.0,8.0,1,38,0
1.0,800.0,12.0,1,38,0
1.0,2000.0,10.0,1,38,0
1.0,1600.0,2.0,1,38,0
1.0,1800.0,10.0,1,38,0
1.0,1800.0,6.0,1,38,0
1.0,1000.0,12.0,1,38,0
1.0,2000.0,2.0,1,38,0
1.0,1000.0,2.0,1,38,0
1.0,1800.0,2.0,1,38,0
1.0,1200.0,10.0,1,38,0
1.0,1200.0,12.0,1,38,0
1.0,1400.0,4.0,1,38,0
1.0,800.0,6.0,1,38,0
1.0,1200.0,4.0,1,38,0
1.0,1200.0,2.0,1,38,0
1.0,1600.0,10.0,1,38,0
1.0,1400.0,2.0,1,38,0
1.0,2000.0,8.0,1,38,0
1.0,1600.0,6.0,1,38,0
1.0,1400.0,6.0,1,38,0
1.0,800.0,2.0,1,38,0
1.0,1200.0,6.0,1,38,0
1.0,2000.0,4.0,1,38,0
1.0,1800.0,8.0,1,38,0
1.0,1000.0,4.0,1,38,0
1.0,1400.0,10.0,1,38,0
1.0,1600.0,12.0,1,38,0
1.0,800.0,8.0,1,38,0
1.0,800.0,4.0,1,38,0
1.0,800.0,10.0,1,38,0
1.0,1600.0,8.0,1,38,0
1.0,2000.0,6.0,1,38,0
1.0,1000.0,6.0,1,38,0
1.0,2000.0,12.0,1,38,0
1.0,1600.0,4.0,1,38,0
1.0,1800.0,12.0,1,38,0
1.0,1800.0,4.0,1,38,0
1.0,1400.0,12.0,1,38,0
1.0,1000.0,8.0,1,38,0
1.0,1200.0,8.0,1,38,0
0.0,2000.0,6.0,0,38,0
1.0,1600.0,2.0,0,38,0
0.0,1000.0,4.0,0,38,0
0.0,1000.0,8.0,0,38,0
1.0,1800.0,2.0,0,38,0
0.0,1600.0,8.0,0,38,0
0.0,800.0,10.0,0,38,0
0.0,1400.0,6.0,0,38,0
1.0,1400.0,2.0,0,38,0
0.0,1000.0,6.0,0,38,0
0.0,1200.0,12.0,0,38,0
1.0,1000.0,2.0,0,38,0
1.0,1800.0,4.0,0,38,0
1.0,2000.0,4.0,0,38,0
0.0,1000.0,12.0,0,38,0
0.0,1200.0,6.0,0,38,0
1.0,800.0,4.0,0,38,0
0.0,1600.0,6.0,0,38,0
0.0,1400.0,10.0,0,38,0
1.0,2000.0,8.0,0,38,0
0.0,1200.0,10.0,0,38,0
0.0,800.0,12.0,0,38,0
0.0,800.0,8.0,0,38,0
0.0,1400.0,8.0,0,38,0
1.0,2000.0,10.0,0,38,0
0.0,1000.0,10.0,0,38,0
1.0,2000.0,12.0,0,38,0
1.0,1800.0,6.0,0,38,0
1.0,1600.0,4.0,0,38,0
1.0,800.0,2.0,0,38,0
1.0,1200.0,2.0,0,38,0
0.0,1800.0,12.0,0,38,0
0.0,1200.0,8.0,0,38,0
0.0,1600.0,12.0,0,38,0
1.0,1200.0,4.0,0,38,0
1.0,1800.0,8.0,0,38,0
0.0,1600.0,10.0,0,38,0
1.0,2000.0,2.0,0,38,0
1.0,800.0,6.0,0,38,0
1.0,1400.0,4.0,0,38,0
0.0,1400.0,12.0,0,38,0
1.0,1800.0,10.0,0,38,0
1.0,1600.0,2.0,1,39,0
1.0,1800.0,4.0,1,39,0
1.0,1000.0,12.0,1,39,0
1.0,1200.0,2.0,1,39,0
1.0,1600.0,12.0,1,39,0
1.0,1600.0,8.0,1,39,0
1.0,1200.0,12.0,1,39,0
1.0,800.0,6.0,1,39,0
1.0,2000.0,8.0,1,39,0
1.0,2000.0,4.0,1,39,0
1.0,1000.0,2.0,1,39,0
1.0,1000.0,4.0,1,39,0
1.0,1200.0,10.0,1,39,0
1.0,1000.0,6.0,1,39,0
1.0,1400.0,8.0,1,39,0
1.0,800.0,12.0,1,39,0
1.0,2000.0,10.0,1,39,0
1.0,1400.0,6.0,1,39,0
1.0,800.0,10.0,1,39,0
1.0,1200.0,8.0,1,39,0
1.0,1400.0,4.0,1,39,0
1.0,1800.0,12.0,1,39,0
1.0,1800.0,6.0,1,39,0
1.0,1600.0,4.0,1,39,0
1.0,2000.0,6.0,1,39,0
1.0,1800.0,10.0,1,39,0
1.0,1400.0,12.0,1,39,0
1.0,1800.0,2.0,1,39,0
1.0,2000.0,12.0,1,39,0
1.0,1000.0,8.0,1,39,0
1.0,800.0,8.0,1,39,0
1.0,1800.0,8.0,1,39,0
1.0,1400.0,10.0,1,39,0
1.0,1000.0,10.0,1,39,0
1.0,1400.0,2.0,1,39,0
1.0,800.0,4.0,1,39,0
1.0,2000.0,2.0,1,39,0
1.0,1200.0,6.0,1,39,0
1.0,1600.0,10.0,1,39,0
1.0,1600.0,6.0,1,39,0
1.0,1200.0,4.0,1,39,0
1.0,800.0,2.0,1,39,0
1.0,1400.0,8.0,0,39,0
1.0,2000.0,12.0,0,39,0
1.0,800.0,10.0,0,39,0
1.0,1400.0,6.0,0,39,0
1.0,1600.0,4.0,0,39,0
1.0,2000.0,4.0,0,39,0
1.0,1600.0,6.0,0,39,0
1.0,1600.0,2.0,0,39,0
1.0,1400.0,10.0,0,39,0
1.0,800.0,2.0,0,39,0
1.0,1600.0,8.0,0,39,0
1.0,1600.0,10.0,0,39,0
1.0,1800.0,6.0,0,39,0
1.0,1800.0,2.0,0,39,0
1.0,1000.0,6.0,0,39,0
1.0,1800.0,4.0,0,39,0
1.0,1200.0,10.0,0,39,0
1.0,1800.0,12.0,0,39,0
1.0,2000.0,8.0,0,39,0
1.0,1200.0,4.0,0,39,0
1.0,1000.0,10.0,0,39,0
1.0,1600.0,12.0,0,39,0
1.0,1800.0,10.0,0,39,0
1.0,2000.0,6.0,0,39,0
1.0,1200.0,8.0,0,39,0
1.0,1200.0,12.0,0,39,0
1.0,1400.0,4.0,0,39,0
1.0,1200.0,6.0,0,39,0
1.0,1200.0,2.0,0,39,0
1.0,1800.0,8.0,0,39,0
1.0,800.0,12.0,0,39,0
1.0,1000.0,2.0,0,39,0
1.0,2000.0,10.0,0,39,0
1.0,2000.0,2.0,0,39,0
1.0,1000.0,8.0,0,39,0
1.0,800.0,6.0,0,39,0
1.0,800.0,4.0,0,39,0
1.0,1400.0,2.0,0,39,0
1.0,1000.0,12.0,0,39,0
1.0,800.0,8.0,0,39,0
1.0,1000.0,4.0,0,39,0
1.0,1400.0,12.0,0,39,0
1.0,1000.0,2.0,0,40,1
1.0,1000.0,8.0,0,40,1
1.0,800.0,6.0,0,40,1
1.0,1600.0,12.0,0,40,1
0.0,1400.0,4.0,0,40,1
0.0,1800.0,2.0,0,40,1
1.0,800.0,4.0,0,40,1
1.0,1800.0,6.0,0,40,1
0.0,1600.0,6.0,0,40,1
1.0,1400.0,12.0,0,40,1
1.0,800.0,8.0,0,40,1
1.0,1200.0,12.0,0,40,1
1.0,1200.0,10.0,0,40,1
1.0,2000.0,12.0,0,40,1
0.0,1000.0,4.0,0,40,1
1.0,2000.0,8.0,0,40,1
1.0,1400.0,8.0,0,40,1
0.0,2000.0,4.0,0,40,1
1.0,1000.0,6.0,0,40,1
1.0,1800.0,12.0,0,40,1
1.0,1200.0,6.0,0,40,1
0.0,800.0,2.0,0,40,1
1.0,2000.0,6.0,0,40,1
0.0,1200.0,4.0,0,40,1
0.0,1800.0,4.0,0,40,1
1.0,2000.0,10.0,0,40,1
1.0,800.0,12.0,0,40,1
1.0,1400.0,10.0,0,40,1
1.0,1000.0,10.0,0,40,1
1.0,1600.0,10.0,0,40,1
1.0,1600.0,8.0,0,40,1
0.0,1200.0,2.0,0,40,1
0.0,2000.0,2.0,0,40,1
1.0,800.0,10.0,0,40,1
1.0,1800.0,10.0,0,40,1
1.0,1000.0,12.0,0,40,1
1.0,1200.0,8.0,0,40,1
0.0,1400.0,2.0,0,40,1
1.0,1400.0,6.0,0,40,1
0.0,1600.0,4.0,0,40,1
1.0,1800.0,8.0,0,40,1
1.0,1600.0,2.0,0,40,1
1.0,1000.0,8.0,1,40,1
1.0,800.0,6.0,1,40,1
1.0,1800.0,10.0,1,40,1
1.0,1400.0,12.0,1,40,1
1.0,800.0,2.0,1,40,1
1.0,1600.0,10.0,1,40,1
1.0,1200.0,6.0,1,40,1
1.0,1200.0,10.0,1,40,1
1.0,1400.0,10.0,1,40,1
0.0,1000.0,4.0,1,40,1
1.0,1200.0,8.0,1,40,1
1.0,800.0,10.0,1,40,1
1.0,1200.0,12.0,1,40,1
1.0,2000.0,8.0,1,40,1
0.0,800.0,4.0,1,40,1
0.0,1800.0,2.0,1,40,1
1.0,1000.0,6.0,1,40,1
1.0,1000.0,10.0,1,40,1
0.0,1400.0,2.0,1,40,1
1.0,1000.0,12.0,1,40,1
1.0,800.0,8.0,1,40,1
1.0,1800.0,8.0,1,40,1
1.0,2000.0,10.0,1,40,1
0.0,1600.0,2.0,1,40,1
1.0,2000.0,6.0,1,40,1
1.0,1600.0,8.0,1,40,1
1.0,1800.0,6.0,1,40,1
1.0,1400.0,6.0,1,40,1
1.0,800.0,12.0,1,40,1
1.0,1600.0,6.0,1,40,1
0.0,1200.0,4.0,1,40,1
0.0,1600.0,4.0,1,40,1
0.0,2000.0,2.0,1,40,1
0.0,1800.0,4.0,1,40,1
1.0,1400.0,8.0,1,40,1
0.0,1200.0,2.0,1,40,1
1.0,2000.0,12.0,1,40,1
0.0,2000.0,4.0,1,40,1
0.0,1400.0,4.0,1,40,1
0.0,1000.0,2.0,1,40,1
1.0,1600.0,12.0,1,40,1
1.0,1800.0,12.0,1,40,1
0.0,1000.0,10.0,1,41,0
1.0,800.0,6.0,1,41,0
1.0,2000.0,2.0,1,41,0
0.0,1200.0,10.0,1,41,0
1.0,1400.0,8.0,1,41,0
1.0,1800.0,4.0,1,41,0
1.0,1000.0,2.0,1,41,0
0.0,1000.0,8.0,1,41,0
1.0,2000.0,12.0,1,41,0
1.0,2000.0,10.0,1,41,0
0.0,1400.0,10.0,1,41,0
1.0,1600.0,2.0,1,41,0
0.0,1400.0,12.0,1,41,0
1.0,2000.0,6.0,1,41,0
0.0,800.0,10.0,1,41,0
1.0,800.0,2.0,1,41,0
1.0,1600.0,4.0,1,41,0
1.0,1600.0,10.0,1,41,0
1.0,1800.0,8.0,1,41,0
1.0,1400.0,4.0,1,41,0
1.0,1000.0,6.0,1,41,0
0.0,800.0,8.0,1,41,0
1.0,1400.0,2.0,1,41,0
1.0,1200.0,8.0,1,41,0
1.0,1600.0,8.0,1,41,0
0.0,800.0,4.0,1,41,0
1.0,2000.0,4.0,1,41,0
0.0,1600.0,12.0,1,41,0
1.0,1200.0,6.0,1,41,0
1.0,1200.0,2.0,1,41,0
0.0,1200.0,12.0,1,41,0
1.0,1800.0,12.0,1,41,0
1.0,1800.0,6.0,1,41,0
1.0,2000.0,8.0,1,41,0
0.0,800.0,12.0,1,41,0
1.0,1600.0,6.0,1,41,0
1.0,1000.0,4.0,1,41,0
1.0,1400.0,6.0,1,41,0
1.0,1200.0,4.0,1,41,0
1.0,1800.0,10.0,1,41,0
0.0,1000.0,12.0,1,41,0
1.0,1800.0,2.0,1,41,0
1.0,1000.0,2.0,0,41,0
1.0,1400.0,4.0,0,41,0
0.0,1400.0,12.0,0,41,0
1.0,1800.0,6.0,0,41,0
0.0,1400.0,8.0,0,41,0
0.0,1800.0,10.0,0,41,0
0.0,1600.0,12.0,0,41,0
1.0,1000.0,4.0,0,41,0
0.0,1000.0,10.0,0,41,0
1.0,1200.0,2.0,0,41,0
0.0,2000.0,10.0,0,41,0
1.0,1800.0,4.0,0,41,0
0.0,1800.0,8.0,0,41,0
1.0,2000.0,6.0,0,41,0
0.0,2000.0,8.0,0,41,0
0.0,1000.0,6.0,0,41,0
1.0,1800.0,2.0,0,41,0
0.0,1000.0,12.0,0,41,0
1.0,1600.0,2.0,0,41,0
0.0,800.0,12.0,0,41,0
0.0,1400.0,10.0,0,41,0
0.0,1200.0,12.0,0,41,0
0.0,1200.0,6.0,0,41,0
0.0,1600.0,8.0,0,41,0
0.0,1600.0,10.0,0,41,0
0.0,1800.0,12.0,0,41,0
0.0,800.0,6.0,0,41,0
1.0,1600.0,4.0,0,41,0
0.0,800.0,8.0,0,41,0
1.0,2000.0,2.0,0,41,0
0.0,1200.0,10.0,0,41,0
0.0,2000.0,12.0,0,41,0
1.0,1400.0,2.0,0,41,0
0.0,1200.0,8.0,0,41,0
0.0,1000.0,8.0,0,41,0
0.0,1600.0,6.0,0,41,0
1.0,2000.0,4.0,0,41,0
0.0,800.0,4.0,0,41,0
0.0,800.0,10.0,0,41,0
1.0,800.0,2.0,0,41,0
0.0,1400.0,6.0,0,41,0
1.0,1200.0,4.0,0,41,0
1.0,800.0,8.0,0,42,0
0.0,1000.0,4.0,0,42,0
1.0,1200.0,8.0,0,42,0
1.0,1000.0,12.0,0,42,0
1.0,1400.0,6.0,0,42,0
0.0,1600.0,4.0,0,42,0
1.0,1800.0,6.0,0,42,0
0.0,800.0,6.0,0,42,0
1.0,1000.0,10.0,0,42,0
1.0,1800.0,4.0,0,42,0
1.0,1400.0,4.0,0,42,0
1.0,2000.0,10.0,0,42,0
0.0,1200.0,10.0,0,42,0
1.0,1600.0,12.0,0,42,0
0.0,800.0,2.0,0,42,0
1.0,1800.0,12.0,0,42,0
0.0,2000.0,8.0,0,42,0
1.0,2000.0,12.0,0,42,0
0.0,1600.0,10.0,0,42,0
1.0,1200.0,2.0,0,42,0
1.0,1400.0,10.0,0,42,0
0.0,1200.0,12.0,0,42,0
1.0,1000.0,2.0,0,42,0
1.0,1400.0,8.0,0,42,0
0.0,1600.0,6.0,0,42,0
0.0,1200.0,6.0,0,42,0
1.0,1800.0,10.0,0,42,0
1.0,1400.0,2.0,0,42,0
0.0,1800.0,8.0,0,42,0
0.0,1600.0,8.0,0,42,0
1.0,800.0,4.0,0,42,0
0.0,1600.0,2.0,0,42,0
1.0,1000.0,6.0,0,42,0
0.0,2000.0,2.0,0,42,0
1.0,800.0,12.0,0,42,0
1.0,2000.0,6.0,0,42,0
1.0,1800.0,2.0,0,42,0
1.0,1200.0,4.0,0,42,0
1.0,800.0,10.0,0,42,0
1.0,2000.0,4.0,0,42,0
1.0,1400.0,12.0,0,42,0
0.0,1000.0,8.0,0,42,0
1.0,1800.0,2.0,1,42,0
1.0,1600.0,2.0,1,42,0
1.0,1000.0,6.0,1,42,0
1.0,2000.0,12.0,1,42,0
0.0,1600.0,10.0,1,42,0
1.0,1400.0,2.0,1,42,0
1.0,2000.0,2.0,1,42,0
0.0,1600.0,6.0,1,42,0
1.0,800.0,10.0,1,42,0
0.0,1800.0,4.0,1,42,0
1.0,1600.0,8.0,1,42,0
1.0,1800.0,8.0,1,42,0
1.0,1200.0,12.0,1,42,0
1.0,1400.0,12.0,1,42,0
0.0,1800.0,12.0,1,42,0
1.0,1200.0,4.0,1,42,0
1.0,1000.0,10.0,1,42,0
1.0,1800.0,10.0,1,42,0
0.0,1400.0,10.0,1,42,0
1.0,1000.0,4.0,1,42,0
1.0,1200.0,6.0,1,42,0
1.0,800.0,12.0,1,42,0
1.0,800.0,2.0,1,42,0
1.0,800.0,6.0,1,42,0
1.0,1200.0,10.0,1,42,0
1.0,800.0,8.0,1,42,0
1.0,2000.0,4.0,1,42,0
1.0,1600.0,12.0,1,42,0
1.0,1400.0,6.0,1,42,0
1.0,1800.0,6.0,1,42,0
1.0,1400.0,4.0,1,42,0
1.0,800.0,4.0,1,42,0
1.0,1600.0,4.0,1,42,0
1.0,1200.0,8.0,1,42,0
1.0,1000.0,2.0,1,42,0
1.0,1000.0,12.0,1,42,0
1.0,1000.0,8.0,1,42,0
0.0,2000.0,8.0,1,42,0
1.0,2000.0,10.0,1,42,0
1.0,2000.0,6.0,1,42,0
1.0,1400.0,8.0,1,42,0
1.0,1200.0,2.0,1,42,0
0.0,1000.0,8.0,1,43,1
1.0,1200.0,2.0,1,43,1
0.0,1400.0,6.0,1,43,1
1.0,1000.0,6.0,1,43,1
1.0,1400.0,10.0,1,43,1
1.0,1600.0,10.0,1,43,1
0.0,1200.0,6.0,1,43,1
1.0,800.0,8.0,1,43,1
0.0,1600.0,6.0,1,43,1
1.0,1800.0,10.0,1,43,1
0.0,1800.0,12.0,1,43,1
1.0,1400.0,4.0,1,43,1
1.0,800.0,10.0,1,43,1
1.0,1400.0,12.0,1,43,1
0.0,1600.0,4.0,1,43,1
1.0,1000.0,12.0,1,43,1
0.0,800.0,4.0,1,43,1
1.0,2000.0,12.0,1,43,1
1.0,2000.0,4.0,1,43,1
1.0,2000.0,2.0,1,43,1
0.0,2000.0,10.0,1,43,1
0.0,1200.0,8.0,1,43,1
1.0,1800.0,8.0,1,43,1
1.0,1200.0,12.0,1,43,1
1.0,1600.0,12.0,1,43,1
1.0,1600.0,8.0,1,43,1
0.0,1400.0,2.0,1,43,1
1.0,800.0,6.0,1,43,1
1.0,2000.0,8.0,1,43,1
0.0,1200.0,4.0,1,43,1
1.0,1000.0,10.0,1,43,1
1.0,1800.0,4.0,1,43,1
1.0,1400.0,8.0,1,43,1
0.0,1800.0,2.0,1,43,1
1.0,1200.0,10.0,1,43,1
1.0,800.0,12.0,1,43,1
1.0,1000.0,2.0,1,43,1
1.0,1000.0,4.0,1,43,1
1.0,2000.0,6.0,1,43,1
1.0,1800.0,6.0,1,43,1
1.0,1600.0,2.0,1,43,1
1.0,800.0,2.0,1,43,1
1.0,1400.0,2.0,0,43,1
0.0,1000.0,6.0,0,43,1
1.0,800.0,4.0,0,43,1
0.0,1600.0,2.0,0,43,1
1.0,800.0,12.0,0,43,1
1.0,2000.0,2.0,0,43,1
1.0,1800.0,6.0,0,43,1
0.0,800.0,10.0,0,43,1
1.0,1000.0,8.0,0,43,1
0.0,1600.0,4.0,0,43,1
1.0,1000.0,2.0,0,43,1
0.0,1400.0,12.0,0,43,1
1.0,1000.0,4.0,0,43,1
1.0,2000.0,10.0,0,43,1
0.0,1200.0,8.0,0,43,1
1.0,1600.0,6.0,0,43,1
1.0,2000.0,12.0,0,43,1
1.0,2000.0,4.0,0,43,1
1.0,1600.0,8.0,0,43,1
1.0,800.0,8.0,0,43,1
1.0,1200.0,4.0,0,43,1
1.0,2000.0,8.0,0,43,1
1.0,1200.0,2.0,0,43,1
1.0,1600.0,12.0,0,43,1
0.0,1400.0,4.0,0,43,1
1.0,1800.0,12.0,0,43,1
1.0,1800.0,8.0,0,43,1
1.0,1200.0,6.0,0,43,1
0.0,1400.0,8.0,0,43,1
1.0,800.0,6.0,0,43,1
1.0,1200.0,10.0,0,43,1
0.0,1800.0,2.0,0,43,1
1.0,800.0,2.0,0,43,1
1.0,1600.0,10.0,0,43,1
0.0,1200.0,12.0,0,43,1
1.0,2000.0,6.0,0,43,1
1.0,1400.0,10.0,0,43,1
0.0,1800.0,4.0,0,43,1
1.0,1400.0,6.0,0,43,1
0.0,1000.0,12.0,0,43,1
1.0,1800.0,10.0,0,43,1
0.0,1000.0,10.0,0,43,1
1.0,800.0,8.0,1,44,1
1.0,1000.0,2.0,1,44,1
1.0,800.0,4.0,1,44,1
1.0,800.0,12.0,1,44,1
1.0,1200.0,4.0,1,44,1
1.0,1400.0,4.0,1,44,1
1.0,1600.0,12.0,1,44,1
1.0,1800.0,4.0,1,44,1
1.0,1000.0,10.0,1,44,1
1.0,1800.0,12.0,1,44,1
1.0,2000.0,2.0,1,44,1
1.0,1000.0,6.0,1,44,1
1.0,2000.0,4.0,1,44,1
1.0,1200.0,6.0,1,44,1
1.0,800.0,10.0,1,44,1
1.0,1200.0,2.0,1,44,1
1.0,2000.0,10.0,1,44,1
1.0,1400.0,2.0,1,44,1
1.0,1000.0,12.0,1,44,1
1.0,1200.0,8.0,1,44,1
1.0,1200.0,10.0,1,44,1
1.0,1800.0,10.0,1,44,1
1.0,1400.0,12.0,1,44,1
1.0,1800.0,2.0,1,44,1
1.0,1200.0,12.0,1,44,1
1.0,1400.0,8.0,1,44,1
1.0,1000.0,8.0,1,44,1
1.0,800.0,2.0,1,44,1
1.0,1400.0,10.0,1,44,1
1.0,1000.0,4.0,1,44,1
1.0,1600.0,10.0,1,44,1
1.0,1800.0,6.0,1,44,1
1.0,2000.0,12.0,1,44,1
1.0,1600.0,2.0,1,44,1
1.0,2000.0,8.0,1,44,1
1.0,1400.0,6.0,1,44,1
1.0,1600.0,4.0,1,44,1
1.0,2000.0,6.0,1,44,1
1.0,800.0,6.0,1,44,1
1.0,1600.0,6.0,1,44,1
1.0,1600.0,8.0,1,44,1
1.0,1800.0,8.0,1,44,1
1.0,800.0,4.0,0,44,1
1.0,1000.0,8.0,0,44,1
1.0,1600.0,6.0,0,44,1
1.0,2000.0,12.0,0,44,1
1.0,1200.0,12.0,0,44,1
1.0,1600.0,4.0,0,44,1
1.0,1200.0,6.0,0,44,1
1.0,1400.0,8.0,0,44,1
1.0,1400.0,6.0,0,44,1
1.0,2000.0,10.0,0,44,1
1.0,800.0,12.0,0,44,1
1.0,1600.0,2.0,0,44,1
1.0,1800.0,10.0,0,44,1
1.0,1600.0,8.0,0,44,1
1.0,800.0,2.0,0,44,1
1.0,1600.0,10.0,0,44,1
1.0,1000.0,4.0,0,44,1
1.0,800.0,8.0,0,44,1
1.0,1200.0,8.0,0,44,1
1.0,1800.0,12.0,0,44,1
1.0,1400.0,10.0,0,44,1
1.0,1800.0,6.0,0,44,1
1.0,800.0,10.0,0,44,1
1.0,1800.0,4.0,0,44,1
1.0,1000.0,12.0,0,44,1
1.0,1400.0,2.0,0,44,1
1.0,2000.0,4.0,0,44,1
1.0,1400.0,4.0,0,44,1
1.0,800.0,6.0,0,44,1
1.0,2000.0,8.0,0,44,1
1.0,1600.0,12.0,0,44,1
1.0,1200.0,10.0,0,44,1
1.0,1800.0,8.0,0,44,1
1.0,1400.0,12.0,0,44,1
1.0,1000.0,2.0,0,44,1
1.0,1000.0,6.0,0,44,1
1.0,2000.0,6.0,0,44,1
1.0,1800.0,2.0,0,44,1
1.0,1200.0,2.0,0,44,1
1.0,1000.0,10.0,0,44,1
1.0,2000.0,2.0,0,44,1
1.0,1200.0,4.0,0,44,1
1.0,1600.0,12.0,1,45,1
0.0,1800.0,2.0,1,45,1
0.0,1600.0,8.0,1,45,1
1.0,800.0,2.0,1,45,1
0.0,800.0,8.0,1,45,1
1.0,1600.0,6.0,1,45,1
0.0,2000.0,12.0,1,45,1
0.0,800.0,10.0,1,45,1
0.0,1600.0,4.0,1,45,1
1.0,1000.0,2.0,1,45,1
0.0,1200.0,4.0,1,45,1
1.0,2000.0,6.0,1,45,1
1.0,2000.0,10.0,1,45,1
0.0,1200.0,12.0,1,45,1
0.0,1800.0,12.0,1,45,1
0.0,1000.0,8.0,1,45,1
1.0,2000.0,8.0,1,45,1
0.0,1800.0,6.0,1,45,1
0.0,1800.0,10.0,1,45,1
0.0,1000.0,12.0,1,45,1
0.0,1600.0,2.0,1,45,1
0.0,1400.0,10.0,1,45,1
0.0,1800.0,4.0,1,45,1
0.0,1000.0,6.0,1,45,1
0.0,1400.0,8.0,1,45,1
0.0,1200.0,6.0,1,45,1
0.0,1000.0,10.0,1,45,1
0.0,1200.0,8.0,1,45,1
0.0,1400.0,12.0,1,45,1
0.0,1400.0,4.0,1,45,1
0.0,1200.0,2.0,1,45,1
0.0,1800.0,8.0,1,45,1
0.0,800.0,12.0,1,45,1
0.0,1000.0,4.0,1,45,1
0.0,1600.0,10.0,1,45,1
1.0,2000.0,2.0,1,45,1
1.0,2000.0,4.0,1,45,1
0.0,1200.0,10.0,1,45,1
0.0,800.0,6.0,1,45,1
0.0,800.0,4.0,1,45,1
0.0,1400.0,6.0,1,45,1
0.0,1400.0,2.0,1,45,1
1.0,2000.0,2.0,0,45,1
0.0,800.0,8.0,0,45,1
0.0,800.0,6.0,0,45,1
0.0,1400.0,6.0,0,45,1
0.0,1000.0,2.0,0,45,1
0.0,1600.0,4.0,0,45,1
0.0,1200.0,6.0,0,45,1
1.0,2000.0,4.0,0,45,1
1.0,2000.0,12.0,0,45,1
0.0,1000.0,10.0,0,45,1
0.0,1000.0,8.0,0,45,1
0.0,1600.0,2.0,0,45,1
0.0,1800.0,10.0,0,45,1
0.0,1600.0,10.0,0,45,1
0.0,1800.0,8.0,0,45,1
0.0,1800.0,2.0,0,45,1
0.0,1600.0,8.0,0,45,1
0.0,1400.0,2.0,0,45,1
0.0,1400.0,8.0,0,45,1
0.0,1200.0,12.0,0,45,1
0.0,1000.0,6.0,0,45,1
0.0,1200.0,2.0,0,45,1
0.0,1600.0,12.0,0,45,1
0.0,1800.0,6.0,0,45,1
0.0,1200.0,10.0,0,45,1
0.0,1800.0,12.0,0,45,1
0.0,1600.0,6.0,0,45,1
0.0,1000.0,4.0,0,45,1
0.0,1400.0,4.0,0,45,1
0.0,800.0,2.0,0,45,1
0.0,1200.0,4.0,0,45,1
0.0,1000.0,12.0,0,45,1
0.0,1200.0,8.0,0,45,1
0.0,1400.0,10.0,0,45,1
1.0,2000.0,10.0,0,45,1
0.0,800.0,12.0,0,45,1
1.0,2000.0,8.0,0,45,1
0.0,1800.0,4.0,0,45,1
0.0,800.0,4.0,0,45,1
0.0,1400.0,12.0,0,45,1
1.0,2000.0,6.0,0,45,1
0.0,800.0,10.0,0,45,1
1.0,1400.0,10.0,1,46,1
0.0,1000.0,10.0,1,46,1
0.0,2000.0,12.0,1,46,1
0.0,1200.0,10.0,1,46,1
0.0,1600.0,12.0,1,46,1
0.0,1000.0,12.0,1,46,1
1.0,1200.0,8.0,1,46,1
1.0,1800.0,10.0,1,46,1
0.0,1400.0,12.0,1,46,1
1.0,2000.0,10.0,1,46,1
1.0,1200.0,6.0,1,46,1
1.0,1400.0,6.0,1,46,1
1.0,1000.0,6.0,1,46,1
1.0,800.0,10.0,1,46,1
1.0,2000.0,6.0,1,46,1
1.0,1400.0,4.0,1,46,1
1.0,1400.0,2.0,1,46,1
1.0,800.0,4.0,1,46,1
1.0,800.0,6.0,1,46,1
1.0,1600.0,4.0,1,46,1
0.0,1200.0,12.0,1,46,1
1.0,1000.0,4.0,1,46,1
1.0,1600.0,8.0,1,46,1
1.0,800.0,2.0,1,46,1
1.0,1200.0,4.0,1,46,1
1.0,1600.0,6.0,1,46,1
0.0,1800.0,12.0,1,46,1
1.0,1200.0,2.0,1,46,1
1.0,1800.0,4.0,1,46,1
1.0,1600.0,2.0,1,46,1
1.0,1800.0,8.0,1,46,1
1.0,2000.0,4.0,1,46,1
1.0,2000.0,8.0,1,46,1
1.0,1800.0,2.0,1,46,1
1.0,2000.0,2.0,1,46,1
1.0,800.0,8.0,1,46,1
1.0,1000.0,2.0,1,46,1
1.0,1800.0,6.0,1,46,1
1.0,1400.0,8.0,1,46,1
1.0,1000.0,8.0,1,46,1
0.0,1600.0,10.0,1,46,1
0.0,800.0,12.0,1,46,1
0.0,1200.0,10.0,0,46,1
1.0,1800.0,6.0,0,46,1
1.0,1400.0,6.0,0,46,1
0.0,1000.0,10.0,0,46,1
1.0,1400.0,2.0,0,46,1
0.0,1400.0,10.0,0,46,1
1.0,2000.0,2.0,0,46,1
0.0,1600.0,10.0,0,46,1
1.0,1600.0,6.0,0,46,1
1.0,1400.0,8.0,0,46,1
1.0,1000.0,2.0,0,46,1
1.0,1000.0,8.0,0,46,1
0.0,1800.0,10.0,0,46,1
1.0,1600.0,8.0,0,46,1
1.0,1200.0,4.0,0,46,1
0.0,1400.0,12.0,0,46,1
0.0,2000.0,12.0,0,46,1
1.0,800.0,6.0,0,46,1
1.0,1200.0,6.0,0,46,1
1.0,1200.0,8.0,0,46,1
0.0,2000.0,10.0,0,46,1
1.0,1800.0,2.0,0,46,1
1.0,1000.0,4.0,0,46,1
1.0,2000.0,4.0,0,46,1
0.0,1800.0,12.0,0,46,1
0.0,1600.0,12.0,0,46,1
1.0,800.0,8.0,0,46,1
1.0,1600.0,2.0,0,46,1
1.0,1800.0,4.0,0,46,1
0.0,1200.0,12.0,0,46,1
1.0,800.0,4.0,0,46,1
1.0,800.0,2.0,0,46,1
0.0,800.0,10.0,0,46,1
0.0,800.0,12.0,0,46,1
1.0,1600.0,4.0,0,46,1
0.0,1000.0,12.0,0,46,1
1.0,2000.0,8.0,0,46,1
1.0,1000.0,6.0,0,46,1
1.0,2000.0,6.0,0,46,1
1.0,1800.0,8.0,0,46,1
1.0,1200.0,2.0,0,46,1
1.0,1400.0,4.0,0,46,1
1.0,800.0,10.0,0,47,0
0.0,1600.0,12.0,0,47,0
1.0,1200.0,12.0,0,47,0
1.0,2000.0,8.0,0,47,0
1.0,1800.0,12.0,0,47,0
0.0,1400.0,8.0,0,47,0
1.0,1200.0,6.0,0,47,0
1.0,1800.0,10.0,0,47,0
0.0,1200.0,8.0,0,47,0
1.0,1600.0,2.0,0,47,0
1.0,2000.0,2.0,0,47,0
0.0,2000.0,6.0,0,47,0
1.0,1800.0,2.0,0,47,0
1.0,800.0,2.0,0,47,0
0.0,1400.0,12.0,0,47,0
1.0,1000.0,2.0,0,47,0
1.0,2000.0,4.0,0,47,0
1.0,1200.0,2.0,0,47,0
1.0,1600.0,8.0,0,47,0
0.0,800.0,6.0,0,47,0
1.0,800.0,8.0,0,47,0
1.0,1000.0,12.0,0,47,0
0.0,800.0,12.0,0,47,0
1.0,1400.0,6.0,0,47,0
1.0,1200.0,10.0,0,47,0
0.0,1200.0,4.0,0,47,0
1.0,1400.0,4.0,0,47,0
1.0,1800.0,6.0,0,47,0
1.0,2000.0,12.0,0,47,0
1.0,1400.0,10.0,0,47,0
0.0,800.0,4.0,0,47,0
1.0,1000.0,6.0,0,47,0
1.0,1600.0,10.0,0,47,0
0.0,1000.0,4.0,0,47,0
0.0,1600.0,4.0,0,47,0
1.0,1000.0,8.0,0,47,0
1.0,2000.0,10.0,0,47,0
0.0,1400.0,2.0,0,47,0
1.0,1800.0,8.0,0,47,0
0.0,1600.0,6.0,0,47,0
1.0,1800.0,4.0,0,47,0
0.0,1000.0,10.0,0,47,0
1.0,1800.0,2.0,1,47,0
1.0,800.0,8.0,1,47,0
0.0,1400.0,2.0,1,47,0
1.0,2000.0,8.0,1,47,0
0.0,1800.0,4.0,1,47,0
1.0,1400.0,12.0,1,47,0
1.0,2000.0,10.0,1,47,0
1.0,1800.0,10.0,1,47,0
0.0,1600.0,2.0,1,47,0
1.0,2000.0,12.0,1,47,0
0.0,1000.0,12.0,1,47,0
0.0,1200.0,2.0,1,47,0
1.0,800.0,12.0,1,47,0
1.0,1800.0,12.0,1,47,0
1.0,1400.0,8.0,1,47,0
1.0,1200.0,12.0,1,47,0
0.0,800.0,6.0,1,47,0
1.0,1400.0,6.0,1,47,0
1.0,2000.0,6.0,1,47,0
0.0,2000.0,2.0,1,47,0
1.0,1000.0,6.0,1,47,0
1.0,1600.0,6.0,1,47,0
1.0,1800.0,6.0,1,47,0
1.0,1600.0,10.0,1,47,0
1.0,800.0,10.0,1,47,0
0.0,1400.0,4.0,1,47,0
1.0,1600.0,8.0,1,47,0
1.0,1800.0,8.0,1,47,0
1.0,1200.0,10.0,1,47,0
0.0,2000.0,4.0,1,47,0
0.0,800.0,4.0,1,47,0
1.0,1000.0,8.0,1,47,0
1.0,1600.0,12.0,1,47,0
1.0,1400.0,10.0,1,47,0
0.0,1200.0,6.0,1,47,0
1.0,1200.0,8.0,1,47,0
0.0,1000.0,4.0,1,47,0
1.0,800.0,2.0,1,47,0
0.0,1000.0,2.0,1,47,0
1.0,1000.0,10.0,1,47,0
1.0,1200.0,4.0,1,47,0
1.0,1600.0,4.0,1,47,0
1.0,1400.0,6.0,0,48,0
1.0,1800.0,8.0,0,48,0
1.0,1000.0,10.0,0,48,0
1.0,1200.0,4.0,0,48,0
1.0,1400.0,12.0,0,48,0
1.0,2000.0,8.0,0,48,0
1.0,1200.0,2.0,0,48,0
1.0,2000.0,2.0,0,48,0
1.0,2000.0,12.0,0,48,0
1.0,800.0,6.0,0,48,0
1.0,1600.0,2.0,0,48,0
1.0,1200.0,8.0,0,48,0
1.0,2000.0,10.0,0,48,0
1.0,1200.0,10.0,0,48,0
1.0,2000.0,6.0,0,48,0
1.0,1400.0,8.0,0,48,0
1.0,800.0,2.0,0,48,0
1.0,1600.0,12.0,0,48,0
1.0,1800.0,10.0,0,48,0
1.0,1400.0,10.0,0,48,0
1.0,800.0,4.0,0,48,0
1.0,1400.0,2.0,0,48,0
1.0,1600.0,10.0,0,48,0
1.0,2000.0,4.0,0,48,0
1.0,1200.0,12.0,0,48,0
1.0,1800.0,12.0,0,48,0
1.0,1600.0,8.0,0,48,0
1.0,1000.0,4.0,0,48,0
1.0,1000.0,12.0,0,48,0
1.0,1000.0,6.0,0,48,0
1.0,1800.0,2.0,0,48,0
1.0,1000.0,8.0,0,48,0
1.0,800.0,12.0,0,48,0
1.0,1400.0,4.0,0,48,0
1.0,800.0,8.0,0,48,0
1.0,1600.0,6.0,0,48,0
1.0,1600.0,4.0,0,48,0
1.0,1800.0,6.0,0,48,0
1.0,1800.0,4.0,0,48,0
1.0,1000.0,2.0,0,48,0
1.0,1200.0,6.0,0,48,0
1.0,800.0,10.0,0,48,0
1.0,1600.0,6.0,1,48,0
1.0,1200.0,2.0,1,48,0
1.0,1400.0,10.0,1,48,0
1.0,1000.0,6.0,1,48,0
1.0,1200.0,10.0,1,48,0
1.0,1200.0,8.0,1,48,0
1.0,1400.0,4.0,1,48,0
1.0,2000.0,10.0,1,48,0
1.0,1800.0,6.0,1,48,0
1.0,1400.0,8.0,1,48,0
1.0,2000.0,6.0,1,48,0
1.0,2000.0,2.0,1,48,0
1.0,1600.0,2.0,1,48,0
1.0,1000.0,2.0,1,48,0
1.0,1800.0,8.0,1,48,0
1.0,1400.0,12.0,1,48,0
1.0,1200.0,6.0,1,48,0
1.0,1000.0,12.0,1,48,0
1.0,1800.0,12.0,1,48,0
1.0,800.0,12.0,1,48,0
1.0,2000.0,12.0,1,48,0
1.0,1600.0,10.0,1,48,0
1.0,2000.0,8.0,1,48,0
1.0,1800.0,10.0,1,48,0
1.0,1800.0,4.0,1,48,0
1.0,800.0,8.0,1,48,0
1.0,800.0,10.0,1,48,0
1.0,2000.0,4.0,1,48,0
1.0,1600.0,8.0,1,48,0
1.0,800.0,4.0,1,48,0
1.0,800.0,2.0,1,48,0
1.0,1600.0,4.0,1,48,0
1.0,800.0,6.0,1,48,0
1.0,1200.0,4.0,1,48,0
1.0,1800.0,2.0,1,48,0
1.0,1200.0,12.0,1,48,0
1.0,1400.0,2.0,1,48,0
1.0,1000.0,8.0,1,48,0
1.0,1400.0,6.0,1,48,0
1.0,1000.0,10.0,1,48,0
1.0,1000.0,4.0,1,48,0
1.0,1600.0,12.0,1,48,0
1.0,2000.0,6.0,0,49,0
1.0,1400.0,6.0,0,49,0
1.0,2000.0,4.0,0,49,0
1.0,1800.0,12.0,0,49,0
0.0,800.0,8.0,0,49,0
1.0,2000.0,2.0,0,49,0
1.0,2000.0,10.0,0,49,0
1.0,1800.0,4.0,0,49,0
1.0,1200.0,8.0,0,49,0
1.0,1400.0,10.0,0,49,0
1.0,1200.0,2.0,0,49,0
0.0,1000.0,6.0,0,49,0
0.0,800.0,6.0,0,49,0
1.0,1000.0,2.0,0,49,0
1.0,1200.0,4.0,0,49,0
1.0,800.0,4.0,0,49,0
0.0,1000.0,10.0,0,49,0
1.0,1800.0,6.0,0,49,0
0.0,800.0,12.0,0,49,0
0.0,1400.0,12.0,0,49,0
0.0,1000.0,12.0,0,49,0
1.0,1800.0,10.0,0,49,0
1.0,1800.0,8.0,0,49,0
0.0,1200.0,10.0,0,49,0
1.0,2000.0,12.0,0,49,0
0.0,1600.0,12.0,0,49,0
1.0,1600.0,6.0,0,49,0
1.0,1200.0,6.0,0,49,0
0.0,1000.0,8.0,0,49,0
1.0,1400.0,2.0,0,49,0
1.0,1600.0,4.0,0,49,0
0.0,1200.0,12.0,0,49,0
1.0,1400.0,8.0,0,49,0
1.0,1400.0,4.0,0,49,0
1.0,1600.0,2.0,0,49,0
1.0,800.0,2.0,0,49,0
0.0,800.0,10.0,0,49,0
0.0,1600.0,10.0,0,49,0
1.0,1800.0,2.0,0,49,0
1.0,1000.0,4.0,0,49,0
1.0,1600.0,8.0,0,49,0
1.0,2000.0,8.0,0,49,0
1.0,800.0,6.0,1,49,0
0.0,1400.0,12.0,1,49,0
1.0,2000.0,2.0,1,49,0
1.0,1800.0,2.0,1,49,0
1.0,1200.0,6.0,1,49,0
1.0,800.0,2.0,1,49,0
0.0,800.0,8.0,1,49,0
1.0,1400.0,8.0,1,49,0
0.0,800.0,12.0,1,49,0
1.0,2000.0,8.0,1,49,0
1.0,1400.0,4.0,1,49,0
1.0,2000.0,6.0,1,49,0
0.0,1000.0,8.0,1,49,0
0.0,800.0,10.0,1,49,0
1.0,1600.0,4.0,1,49,0
0.0,2000.0,12.0,1,49,0
0.0,1200.0,10.0,1,49,0
1.0,1200.0,2.0,1,49,0
1.0,1000.0,4.0,1,49,0
1.0,1400.0,6.0,1,49,0
0.0,1400.0,10.0,1,49,0
1.0,1200.0,4.0,1,49,0
1.0,1600.0,6.0,1,49,0
1.0,1800.0,4.0,1,49,0
1.0,1600.0,8.0,1,49,0
1.0,1400.0,2.0,1,49,0
1.0,1000.0,2.0,1,49,0
0.0,1800.0,12.0,1,49,0
0.0,1000.0,12.0,1,49,0
1.0,1800.0,6.0,1,49,0
1.0,1000.0,6.0,1,49,0
1.0,1600.0,10.0,1,49,0
1.0,1800.0,8.0,1,49,0
1.0,800.0,4.0,1,49,0
0.0,1200.0,12.0,1,49,0
1.0,2000.0,4.0,1,49,0
1.0,2000.0,10.0,1,49,0
0.0,1600.0,12.0,1,49,0
1.0,1800.0,10.0,1,49,0
1.0,1200.0,8.0,1,49,0
0.0,1000.0,10.0,1,49,0
1.0,1600.0,2.0,1,49,0
1.0,1200.0,6.0,1,50,1
0.0,1400.0,4.0,1,50,1
0.0,1800.0,2.0,1,50,1
1.0,2000.0,6.0,1,50,1
1.0,1000.0,4.0,1,50,1
1.0,2000.0,8.0,1,50,1
1.0,1000.0,10.0,1,50,1
1.0,1200.0,8.0,1,50,1
1.0,800.0,12.0,1,50,1
1.0,800.0,6.0,1,50,1
1.0,2000.0,2.0,1,50,1
1.0,1000.0,2.0,1,50,1
1.0,1200.0,2.0,1,50,1
1.0,1400.0,10.0,1,50,1
1.0,1800.0,4.0,1,50,1
1.0,2000.0,12.0,1,50,1
1.0,1000.0,12.0,1,50,1
1.0,800.0,2.0,1,50,1
1.0,1000.0,6.0,1,50,1
1.0,1400.0,6.0,1,50,1
1.0,1200.0,10.0,1,50,1
1.0,1600.0,8.0,1,50,1
1.0,1600.0,4.0,1,50,1
1.0,2000.0,10.0,1,50,1
1.0,1800.0,12.0,1,50,1
1.0,1600.0,6.0,1,50,1
1.0,1600.0,12.0,1,50,1
1.0,800.0,10.0,1,50,1
1.0,1200.0,4.0,1,50,1
1.0,1400.0,12.0,1,50,1
1.0,2000.0,4.0,1,50,1
1.0,1600.0,10.0,1,50,1
1.0,1000.0,8.0,1,50,1
1.0,800.0,4.0,1,50,1
1.0,1600.0,2.0,1,50,1
1.0,1400.0,2.0,1,50,1
1.0,1200.0,12.0,1,50,1
1.0,800.0,8.0,1,50,1
1.0,1800.0,6.0,1,50,1
1.0,1800.0,10.0,1,50,1
1.0,1400.0,8.0,1,50,1
1.0,1800.0,8.0,1,50,1
1.0,1800.0,12.0,0,50,1
1.0,1200.0,10.0,0,50,1
1.0,1600.0,12.0,0,50,1
1.0,2000.0,6.0,0,50,1
1.0,1800.0,2.0,0,50,1
1.0,2000.0,2.0,0,50,1
1.0,1400.0,10.0,0,50,1
1.0,2000.0,8.0,0,50,1
1.0,800.0,4.0,0,50,1
1.0,1600.0,8.0,0,50,1
1.0,800.0,12.0,0,50,1
1.0,1800.0,10.0,0,50,1
1.0,1200.0,6.0,0,50,1
1.0,1000.0,8.0,0,50,1
1.0,2000.0,12.0,0,50,1
1.0,1200.0,8.0,0,50,1
1.0,1000.0,10.0,0,50,1
1.0,1200.0,4.0,0,50,1
1.0,2000.0,10.0,0,50,1
1.0,800.0,2.0,0,50,1
1.0,800.0,10.0,0,50,1
1.0,2000.0,4.0,0,50,1
1.0,1400.0,6.0,0,50,1
1.0,1800.0,6.0,0,50,1
1.0,1000.0,6.0,0,50,1
1.0,1600.0,2.0,0,50,1
1.0,1400.0,8.0,0,50,1
1.0,1800.0,8.0,0,50,1
1.0,1400.0,4.0,0,50,1
1.0,1200.0,12.0,0,50,1
1.0,1000.0,2.0,0,50,1
1.0,1600.0,4.0,0,50,1
1.0,1800.0,4.0,0,50,1
1.0,800.0,6.0,0,50,1
1.0,800.0,8.0,0,50,1
1.0,1600.0,6.0,0,50,1
1.0,1400.0,12.0,0,50,1
1.0,1600.0,10.0,0,50,1
1.0,1400.0,2.0,0,50,1
1.0,1000.0,12.0,0,50,1
1.0,1200.0,2.0,0,50,1
1.0,1000.0,4.0,0,50,1
1.0,1200.0,8.0,1,51,1
1.0,2000.0,12.0,1,51,1
1.0,1600.0,2.0,1,51,1
1.0,1400.0,10.0,1,51,1
1.0,1000.0,8.0,1,51,1
1.0,1600.0,10.0,1,51,1
1.0,1000.0,2.0,1,51,1
1.0,2000.0,8.0,1,51,1
1.0,1600.0,4.0,1,51,1
1.0,800.0,4.0,1,51,1
0.0,800.0,10.0,1,51,1
1.0,1400.0,6.0,1,51,1
1.0,1800.0,10.0,1,51,1
1.0,1800.0,8.0,1,51,1
1.0,1000.0,6.0,1,51,1
1.0,800.0,6.0,1,51,1
1.0,1800.0,2.0,1,51,1
1.0,1400.0,2.0,1,51,1
0.0,800.0,12.0,1,51,1
1.0,1800.0,12.0,1,51,1
1.0,800.0,2.0,1,51,1
1.0,1600.0,6.0,1,51,1
1.0,1000.0,10.0,1,51,1
1.0,800.0,8.0,1,51,1
1.0,1800.0,4.0,1,51,1
1.0,1800.0,6.0,1,51,1
1.0,1200.0,4.0,1,51,1
1.0,2000.0,2.0,1,51,1
1.0,1400.0,4.0,1,51,1
1.0,2000.0,6.0,1,51,1
1.0,1600.0,8.0,1,51,1
1.0,1200.0,10.0,1,51,1
1.0,2000.0,10.0,1,51,1
1.0,1600.0,12.0,1,51,1
1.0,1200.0,6.0,1,51,1
1.0,2000.0,4.0,1,51,1
0.0,1000.0,12.0,1,51,1
1.0,1400.0,12.0,1,51,1
1.0,1200.0,2.0,1,51,1
0.0,1200.0,12.0,1,51,1
1.0,1000.0,4.0,1,51,1
1.0,1400.0,8.0,1,51,1
1.0,1600.0,8.0,0,51,1
1.0,1400.0,8.0,0,51,1
0.0,1000.0,10.0,0,51,1
1.0,1600.0,4.0,0,51,1
1.0,1200.0,6.0,0,51,1
1.0,2000.0,12.0,0,51,1
1.0,1800.0,8.0,0,51,1
1.0,1600.0,10.0,0,51,1
1.0,2000.0,8.0,0,51,1
1.0,1000.0,4.0,0,51,1
1.0,800.0,8.0,0,51,1
1.0,2000.0,10.0,0,51,1
1.0,1200.0,8.0,0,51,1
0.0,800.0,12.0,0,51,1
1.0,1400.0,2.0,0,51,1
1.0,1600.0,6.0,0,51,1
1.0,1400.0,4.0,0,51,1
1.0,1800.0,10.0,0,51,1
0.0,1000.0,12.0,0,51,1
1.0,1400.0,6.0,0,51,1
1.0,1200.0,12.0,0,51,1
1.0,2000.0,4.0,0,51,1
1.0,1400.0,10.0,0,51,1
1.0,800.0,4.0,0,51,1
1.0,1400.0,12.0,0,51,1
1.0,1000.0,8.0,0,51,1
1.0,2000.0,2.0,0,51,1
1.0,1600.0,12.0,0,51,1
1.0,1800.0,4.0,0,51,1
1.0,1600.0,2.0,0,51,1
1.0,1800.0,12.0,0,51,1
1.0,1200.0,4.0,0,51,1
1.0,800.0,6.0,0,51,1
1.0,1200.0,10.0,0,51,1
1.0,1000.0,2.0,0,51,1
1.0,800.0,2.0,0,51,1
1.0,1000.0,6.0,0,51,1
1.0,2000.0,6.0,0,51,1
0.0,800.0,10.0,0,51,1
1.0,1800.0,2.0,0,51,1
1.0,1200.0,2.0,0,51,1
1.0,1800.0,6.0,0,51,1
0.0,1000.0,4.0,0,52,1
0.0,1200.0,12.0,0,52,1
0.0,1400.0,4.0,0,52,1
0.0,1600.0,12.0,0,52,1
0.0,800.0,12.0,0,52,1
0.0,2000.0,6.0,0,52,1
0.0,1600.0,2.0,0,52,1
0.0,1600.0,10.0,0,52,1
0.0,1400.0,2.0,0,52,1
0.0,1000.0,8.0,0,52,1
0.0,1600.0,8.0,0,52,1
1.0,1800.0,2.0,0,52,1
0.0,1400.0,12.0,0,52,1
0.0,1600.0,6.0,0,52,1
0.0,1000.0,10.0,0,52,1
0.0,2000.0,8.0,0,52,1
0.0,1000.0,6.0,0,52,1
0.0,1000.0,12.0,0,52,1
0.0,1600.0,4.0,0,52,1
0.0,1800.0,10.0,0,52,1
1.0,2000.0,2.0,0,52,1
0.0,2000.0,10.0,0,52,1
0.0,1200.0,6.0,0,52,1
0.0,1200.0,10.0,0,52,1
0.0,1200.0,8.0,0,52,1
0.0,1200.0,4.0,0,52,1
0.0,1800.0,12.0,0,52,1
0.0,1400.0,6.0,0,52,1
0.0,1400.0,10.0,0,52,1
0.0,1800.0,8.0,0,52,1
0.0,800.0,4.0,0,52,1
0.0,1800.0,6.0,0,52,1
1.0,1000.0,2.0,0,52,1
0.0,800.0,6.0,0,52,1
0.0,1800.0,4.0,0,52,1
1.0,1200.0,2.0,0,52,1
0.0,1400.0,8.0,0,52,1
0.0,2000.0,4.0,0,52,1
1.0,800.0,2.0,0,52,1
0.0,800.0,10.0,0,52,1
0.0,2000.0,12.0,0,52,1
0.0,800.0,8.0,0,52,1
0.0,800.0,6.0,1,52,1
0.0,1800.0,8.0,1,52,1
0.0,1600.0,2.0,1,52,1
0.0,1800.0,12.0,1,52,1
0.0,1800.0,6.0,1,52,1
0.0,1200.0,10.0,1,52,1
0.0,1600.0,8.0,1,52,1
0.0,800.0,10.0,1,52,1
0.0,1200.0,12.0,1,52,1
0.0,2000.0,6.0,1,52,1
0.0,1000.0,6.0,1,52,1
0.0,1800.0,2.0,1,52,1
0.0,800.0,4.0,1,52,1
0.0,1400.0,12.0,1,52,1
0.0,1200.0,6.0,1,52,1
0.0,2000.0,10.0,1,52,1
0.0,1200.0,4.0,1,52,1
0.0,2000.0,8.0,1,52,1
0.0,1200.0,8.0,1,52,1
0.0,1000.0,10.0,1,52,1
0.0,1400.0,10.0,1,52,1
0.0,800.0,8.0,1,52,1
0.0,1400.0,4.0,1,52,1
0.0,1800.0,10.0,1,52,1
0.0,1600.0,6.0,1,52,1
0.0,1400.0,6.0,1,52,1
0.0,1600.0,4.0,1,52,1
0.0,2000.0,4.0,1,52,1
0.0,1600.0,10.0,1,52,1
0.0,2000.0,2.0,1,52,1
0.0,1200.0,2.0,1,52,1
0.0,800.0,12.0,1,52,1
0.0,800.0,2.0,1,52,1
0.0,1000.0,12.0,1,52,1
0.0,1800.0,4.0,1,52,1
0.0,1000.0,8.0,1,52,1
0.0,1000.0,4.0,1,52,1
0.0,1400.0,8.0,1,52,1
0.0,1600.0,12.0,1,52,1
0.0,1400.0,2.0,1,52,1
0.0,2000.0,12.0,1,52,1
0.0,1000.0,2.0,1,52,1
1.0,1800.0,8.0,1,53,0
1.0,1200.0,12.0,1,53,0
0.0,1800.0,2.0,1,53,0
1.0,2000.0,12.0,1,53,0
0.0,1200.0,2.0,1,53,0
1.0,1400.0,12.0,1,53,0
1.0,1200.0,10.0,1,53,0
1.0,800.0,12.0,1,53,0
1.0,1800.0,12.0,1,53,0
0.0,1200.0,4.0,1,53,0
0.0,800.0,6.0,1,53,0
0.0,1000.0,2.0,1,53,0
1.0,1800.0,10.0,1,53,0
0.0,1800.0,4.0,1,53,0
1.0,2000.0,10.0,1,53,0
0.0,1600.0,2.0,1,53,0
1.0,800.0,8.0,1,53,0
1.0,1000.0,8.0,1,53,0
0.0,1600.0,6.0,1,53,0
0.0,1400.0,2.0,1,53,0
0.0,1400.0,6.0,1,53,0
0.0,1000.0,6.0,1,53,0
1.0,1400.0,8.0,1,53,0
1.0,1000.0,10.0,1,53,0
1.0,800.0,10.0,1,53,0
0.0,1600.0,4.0,1,53,0
0.0,800.0,4.0,1,53,0
1.0,2000.0,8.0,1,53,0
0.0,1200.0,6.0,1,53,0
1.0,1800.0,6.0,1,53,0
0.0,2000.0,2.0,1,53,0
1.0,1200.0,8.0,1,53,0
0.0,1000.0,4.0,1,53,0
1.0,1600.0,12.0,1,53,0
0.0,2000.0,6.0,1,53,0
1.0,1600.0,10.0,1,53,0
1.0,1000.0,12.0,1,53,0
0.0,1400.0,4.0,1,53,0
0.0,800.0,2.0,1,53,0
1.0,1400.0,10.0,1,53,0
1.0,1600.0,8.0,1,53,0
0.0,2000.0,4.0,1,53,0
1.0,1800.0,10.0,0,53,0
1.0,800.0,8.0,0,53,0
0.0,1400.0,2.0,0,53,0
1.0,1600.0,10.0,0,53,0
1.0,1200.0,12.0,0,53,0
1.0,2000.0,12.0,0,53,0
0.0,1200.0,6.0,0,53,0
1.0,2000.0,8.0,0,53,0
0.0,1600.0,2.0,0,53,0
1.0,1400.0,10.0,0,53,0
0.0,2000.0,6.0,0,53,0
0.0,800.0,6.0,0,53,0
1.0,800.0,10.0,0,53,0
1.0,2000.0,10.0,0,53,0
0.0,1200.0,2.0,0,53,0
0.0,1000.0,4.0,0,53,0
1.0,1000.0,8.0,0,53,0
1.0,1200.0,10.0,0,53,0
1.0,1800.0,8.0,0,53,0
0.0,1800.0,6.0,0,53,0
0.0,1800.0,4.0,0,53,0
1.0,800.0,12.0,0,53,0
0.0,1000.0,6.0,0,53,0
0.0,800.0,4.0,0,53,0
0.0,1400.0,4.0,0,53,0
0.0,1600.0,4.0,0,53,0
1.0,1600.0,8.0,0,53,0
1.0,1800.0,12.0,0,53,0
0.0,1400.0,6.0,0,53,0
0.0,1200.0,4.0,0,53,0
0.0,1000.0,2.0,0,53,0
1.0,1400.0,8.0,0,53,0
1.0,1600.0,12.0,0,53,0
0.0,800.0,2.0,0,53,0
0.0,1800.0,2.0,0,53,0
0.0,2000.0,4.0,0,53,0
1.0,1400.0,12.0,0,53,0
0.0,1600.0,6.0,0,53,0
1.0,1200.0,8.0,0,53,0
1.0,1000.0,12.0,0,53,0
1.0,1000.0,10.0,0,53,0
0.0,2000.0,2.0,0,53,0
1.0,1800.0,8.0,0,54,0
0.0,1400.0,4.0,0,54,0
1.0,1800.0,12.0,0,54,0
0.0,1800.0,10.0,0,54,0
1.0,2000.0,2.0,0,54,0
0.0,2000.0,4.0,0,54,0
1.0,800.0,12.0,0,54,0
1.0,1200.0,12.0,0,54,0
0.0,1200.0,6.0,0,54,0
1.0,1800.0,6.0,0,54,0
1.0,1600.0,12.0,0,54,0
0.0,800.0,10.0,0,54,0
1.0,1200.0,4.0,0,54,0
0.0,1600.0,2.0,0,54,0
1.0,1000.0,2.0,0,54,0
1.0,1400.0,8.0,0,54,0
1.0,2000.0,6.0,0,54,0
1.0,1000.0,8.0,0,54,0
1.0,1800.0,2.0,0,54,0
1.0,1200.0,8.0,0,54,0
1.0,800.0,8.0,0,54,0
1.0,800.0,6.0,0,54,0
0.0,1800.0,4.0,0,54,0
1.0,1400.0,2.0,0,54,0
0.0,2000.0,8.0,0,54,0
1.0,1400.0,12.0,0,54,0
1.0,800.0,4.0,0,54,0
1.0,1600.0,8.0,0,54,0
1.0,2000.0,12.0,0,54,0
1.0,1600.0,4.0,0,54,0
1.0,2000.0,10.0,0,54,0
1.0,1000.0,10.0,0,54,0
0.0,1400.0,6.0,0,54,0
0.0,1000.0,6.0,0,54,0
1.0,1400.0,10.0,0,54,0
0.0,800.0,2.0,0,54,0
1.0,1600.0,10.0,0,54,0
0.0,1200.0,2.0,0,54,0
1.0,1000.0,12.0,0,54,0
1.0,1600.0,6.0,0,54,0
0.0,1200.0,10.0,0,54,0
1.0,1000.0,4.0,0,54,0
1.0,1600.0,10.0,1,54,0
0.0,1800.0,10.0,1,54,0
1.0,2000.0,2.0,1,54,0
0.0,800.0,8.0,1,54,0
1.0,800.0,4.0,1,54,0
0.0,1200.0,8.0,1,54,0
1.0,1000.0,2.0,1,54,0
1.0,1200.0,6.0,1,54,0
0.0,1600.0,6.0,1,54,0
1.0,1000.0,8.0,1,54,0
1.0,1600.0,12.0,1,54,0
1.0,1600.0,2.0,1,54,0
0.0,1600.0,8.0,1,54,0
1.0,1800.0,8.0,1,54,0
0.0,1200.0,2.0,1,54,0
1.0,1800.0,12.0,1,54,0
1.0,1000.0,4.0,1,54,0
0.0,2000.0,6.0,1,54,0
1.0,1600.0,4.0,1,54,0
0.0,1800.0,2.0,1,54,0
1.0,2000.0,12.0,1,54,0
0.0,1400.0,8.0,1,54,0
1.0,1400.0,6.0,1,54,0
0.0,1000.0,6.0,1,54,0
0.0,1400.0,4.0,1,54,0
0.0,1200.0,4.0,1,54,0
1.0,1200.0,12.0,1,54,0
1.0,1800.0,6.0,1,54,0
1.0,1400.0,12.0,1,54,0
1.0,1200.0,10.0,1,54,0
1.0,1400.0,10.0,1,54,0
1.0,1000.0,10.0,1,54,0
0.0,800.0,6.0,1,54,0
1.0,800.0,10.0,1,54,0
1.0,2000.0,4.0,1,54,0
0.0,1400.0,2.0,1,54,0
1.0,800.0,12.0,1,54,0
0.0,800.0,2.0,1,54,0
0.0,2000.0,8.0,1,54,0
1.0,1000.0,12.0,1,54,0
1.0,2000.0,10.0,1,54,0
0.0,1800.0,4.0,1,54,0
1.0,1600.0,6.0,0,55,0
1.0,1600.0,4.0,0,55,0
0.0,1600.0,2.0,0,55,0
1.0,1200.0,2.0,0,55,0
1.0,1600.0,8.0,0,55,0
1.0,1400.0,4.0,0,55,0
0.0,2000.0,12.0,0,55,0
1.0,1200.0,6.0,0,55,0
0.0,800.0,6.0,0,55,0
1.0,1600.0,10.0,0,55,0
1.0,1800.0,12.0,0,55,0
1.0,1000.0,10.0,0,55,0
1.0,1800.0,8.0,0,55,0
1.0,2000.0,6.0,0,55,0
1.0,800.0,2.0,0,55,0
0.0,2000.0,8.0,0,55,0
1.0,1000.0,2.0,0,55,0
0.0,1200.0,12.0,0,55,0
1.0,1200.0,8.0,0,55,0
1.0,1400.0,8.0,0,55,0
1.0,1800.0,4.0,0,55,0
0.0,1400.0,10.0,0,55,0
1.0,1800.0,2.0,0,55,0
1.0,800.0,8.0,0,55,0
1.0,2000.0,2.0,0,55,0
0.0,2000.0,4.0,0,55,0
1.0,800.0,10.0,0,55,0
0.0,800.0,12.0,0,55,0
1.0,1400.0,6.0,0,55,0
0.0,1000.0,6.0,0,55,0
1.0,1200.0,4.0,0,55,0
1.0,2000.0,10.0,0,55,0
1.0,1400.0,2.0,0,55,0
1.0,1800.0,10.0,0,55,0
0.0,1400.0,12.0,0,55,0
1.0,800.0,4.0,0,55,0
1.0,1200.0,10.0,0,55,0
0.0,1800.0,6.0,0,55,0
1.0,1600.0,12.0,0,55,0
0.0,1000.0,8.0,0,55,0
1.0,1000.0,4.0,0,55,0
1.0,1000.0,12.0,0,55,0
1.0,1600.0,6.0,1,55,0
1.0,1200.0,10.0,1,55,0
0.0,1600.0,2.0,1,55,0
1.0,1400.0,4.0,1,55,0
1.0,1600.0,12.0,1,55,0
0.0,1200.0,2.0,1,55,0
1.0,1000.0,6.0,1,55,0
1.0,1400.0,10.0,1,55,0
1.0,1800.0,8.0,1,55,0
0.0,1600.0,10.0,1,55,0
1.0,1600.0,8.0,1,55,0
0.0,1000.0,2.0,1,55,0
1.0,1000.0,8.0,1,55,0
0.0,800.0,4.0,1,55,0
1.0,2000.0,2.0,1,55,0
1.0,800.0,12.0,1,55,0
0.0,2000.0,12.0,1,55,0
1.0,1200.0,12.0,1,55,0
0.0,1400.0,8.0,1,55,0
1.0,2000.0,10.0,1,55,0
0.0,1400.0,12.0,1,55,0
1.0,1800.0,6.0,1,55,0
0.0,1400.0,2.0,1,55,0
1.0,1200.0,8.0,1,55,0
1.0,1000.0,12.0,1,55,0
1.0,800.0,8.0,1,55,0
0.0,1800.0,10.0,1,55,0
1.0,1200.0,4.0,1,55,0
1.0,1800.0,12.0,1,55,0
0.0,2000.0,6.0,1,55,0
1.0,800.0,10.0,1,55,0
1.0,800.0,2.0,1,55,0
0.0,2000.0,8.0,1,55,0
0.0,1000.0,4.0,1,55,0
1.0,1800.0,4.0,1,55,0
0.0,1600.0,4.0,1,55,0
1.0,1800.0,2.0,1,55,0
0.0,1200.0,6.0,1,55,0
1.0,800.0,6.0,1,55,0
0.0,2000.0,4.0,1,55,0
1.0,1000.0,10.0,1,55,0
1.0,1400.0,6.0,1,55,0
0.0,1000.0,4.0,1,56,1
1.0,1200.0,2.0,1,56,1
0.0,800.0,12.0,1,56,1
0.0,1000.0,6.0,1,56,1
1.0,2000.0,2.0,1,56,1
0.0,1200.0,8.0,1,56,1
0.0,1200.0,12.0,1,56,1
1.0,2000.0,8.0,1,56,1
1.0,1600.0,2.0,1,56,1
1.0,2000.0,6.0,1,56,1
0.0,1800.0,6.0,1,56,1
1.0,1600.0,8.0,1,56,1
1.0,1400.0,2.0,1,56,1
1.0,1000.0,2.0,1,56,1
1.0,800.0,2.0,1,56,1
1.0,800.0,6.0,1,56,1
1.0,1000.0,12.0,1,56,1
1.0,800.0,10.0,1,56,1
0.0,1400.0,12.0,1,56,1
1.0,1600.0,6.0,1,56,1
0.0,1600.0,12.0,1,56,1
0.0,1800.0,4.0,1,56,1
0.0,2000.0,12.0,1,56,1
1.0,1400.0,4.0,1,56,1
1.0,1200.0,6.0,1,56,1
1.0,800.0,4.0,1,56,1
0.0,1800.0,10.0,1,56,1
0.0,1800.0,12.0,1,56,1
1.0,2000.0,10.0,1,56,1
1.0,800.0,8.0,1,56,1
1.0,1400.0,6.0,1,56,1
1.0,1200.0,10.0,1,56,1
1.0,1400.0,10.0,1,56,1
1.0,1600.0,4.0,1,56,1
0.0,1800.0,8.0,1,56,1
1.0,1000.0,8.0,1,56,1
0.0,1600.0,10.0,1,56,1
1.0,1800.0,2.0,1,56,1
0.0,2000.0,4.0,1,56,1
0.0,1400.0,8.0,1,56,1
1.0,1000.0,10.0,1,56,1
1.0,1200.0,4.0,1,56,1
1.0,1200.0,2.0,0,56,1
0.0,1600.0,8.0,0,56,1
1.0,1000.0,12.0,0,56,1
1.0,1400.0,10.0,0,56,1
1.0,1600.0,10.0,0,56,1
1.0,800.0,2.0,0,56,1
1.0,1000.0,6.0,0,56,1
0.0,1800.0,10.0,0,56,1
0.0,1800.0,2.0,0,56,1
1.0,1000.0,10.0,0,56,1
0.0,1800.0,4.0,0,56,1
1.0,1400.0,2.0,0,56,1
1.0,1000.0,2.0,0,56,1
1.0,800.0,4.0,0,56,1
1.0,800.0,8.0,0,56,1
1.0,1000.0,4.0,0,56,1
0.0,1800.0,12.0,0,56,1
0.0,1400.0,12.0,0,56,1
0.0,1200.0,12.0,0,56,1
1.0,800.0,12.0,0,56,1
0.0,1400.0,4.0,0,56,1
0.0,1600.0,6.0,0,56,1
1.0,1200.0,6.0,0,56,1
0.0,2000.0,4.0,0,56,1
0.0,1600.0,12.0,0,56,1
0.0,1200.0,10.0,0,56,1
0.0,2000.0,6.0,0,56,1
1.0,800.0,6.0,0,56,1
0.0,1400.0,6.0,0,56,1
0.0,2000.0,8.0,0,56,1
1.0,1600.0,2.0,0,56,1
0.0,1400.0,8.0,0,56,1
0.0,1800.0,6.0,0,56,1
0.0,2000.0,12.0,0,56,1
0.0,1800.0,8.0,0,56,1
1.0,800.0,10.0,0,56,1
1.0,1200.0,4.0,0,56,1
0.0,1600.0,4.0,0,56,1
0.0,2000.0,2.0,0,56,1
1.0,1200.0,8.0,0,56,1
0.0,2000.0,10.0,0,56,1
1.0,1000.0,8.0,0,56,1
1.0,1800.0,10.0,1,57,0
1.0,1600.0,10.0,1,57,0
1.0,1800.0,4.0,1,57,0
1.0,1000.0,4.0,1,57,0
0.0,1200.0,8.0,1,57,0
0.0,1000.0,2.0,1,57,0
1.0,1200.0,12.0,1,57,0
1.0,1600.0,2.0,1,57,0
1.0,1400.0,2.0,1,57,0
1.0,800.0,6.0,1,57,0
1.0,800.0,10.0,1,57,0
1.0,2000.0,8.0,1,57,0
1.0,2000.0,2.0,1,57,0
0.0,1800.0,6.0,1,57,0
1.0,1200.0,10.0,1,57,0
0.0,1000.0,6.0,1,57,0
0.0,1000.0,8.0,1,57,0
1.0,2000.0,4.0,1,57,0
1.0,1000.0,12.0,1,57,0
0.0,1200.0,4.0,1,57,0
1.0,2000.0,6.0,1,57,0
1.0,800.0,2.0,1,57,0
1.0,800.0,12.0,1,57,0
1.0,1400.0,6.0,1,57,0
1.0,1200.0,2.0,1,57,0
1.0,1400.0,12.0,1,57,0
1.0,1200.0,6.0,1,57,0
0.0,1400.0,8.0,1,57,0
1.0,1600.0,4.0,1,57,0
1.0,2000.0,10.0,1,57,0
1.0,1800.0,2.0,1,57,0
0.0,2000.0,12.0,1,57,0
0.0,1800.0,8.0,1,57,0
0.0,800.0,8.0,1,57,0
1.0,800.0,4.0,1,57,0
0.0,1600.0,12.0,1,57,0
1.0,1400.0,4.0,1,57,0
1.0,1400.0,10.0,1,57,0
1.0,1800.0,12.0,1,57,0
1.0,1600.0,8.0,1,57,0
0.0,1000.0,10.0,1,57,0
1.0,1600.0,6.0,1,57,0
1.0,1600.0,12.0,0,57,0
0.0,1000.0,6.0,0,57,0
1.0,1200.0,4.0,0,57,0
1.0,1800.0,8.0,0,57,0
1.0,1400.0,10.0,0,57,0
0.0,1200.0,12.0,0,57,0
1.0,1000.0,12.0,0,57,0
1.0,1400.0,6.0,0,57,0
1.0,1200.0,8.0,0,57,0
0.0,1600.0,6.0,0,57,0
1.0,1800.0,4.0,0,57,0
1.0,2000.0,2.0,0,57,0
1.0,1000.0,8.0,0,57,0
1.0,2000.0,4.0,0,57,0
1.0,1400.0,2.0,0,57,0
0.0,800.0,2.0,0,57,0
1.0,1200.0,2.0,0,57,0
1.0,1800.0,6.0,0,57,0
1.0,2000.0,12.0,0,57,0
1.0,1800.0,12.0,0,57,0
0.0,1000.0,2.0,0,57,0
0.0,2000.0,8.0,0,57,0
1.0,1200.0,10.0,0,57,0
1.0,2000.0,6.0,0,57,0
0.0,800.0,10.0,0,57,0
0.0,1400.0,4.0,0,57,0
1.0,800.0,4.0,0,57,0
1.0,1400.0,12.0,0,57,0
1.0,2000.0,10.0,0,57,0
0.0,1800.0,10.0,0,57,0
1.0,800.0,6.0,0,57,0
1.0,1000.0,4.0,0,57,0
1.0,1400.0,8.0,0,57,0
1.0,1000.0,10.0,0,57,0
1.0,1800.0,2.0,0,57,0
0.0,1600.0,4.0,0,57,0
1.0,1200.0,6.0,0,57,0
1.0,800.0,12.0,0,57,0
1.0,800.0,8.0,0,57,0
1.0,1600.0,2.0,0,57,0
1.0,1600.0,10.0,0,57,0
1.0,1600.0,8.0,0,57,0
0.0,1600.0,6.0,0,58,0
1.0,2000.0,4.0,0,58,0
0.0,1000.0,12.0,0,58,0
0.0,1600.0,4.0,0,58,0
1.0,800.0,8.0,0,58,0
1.0,1600.0,2.0,0,58,0
1.0,1800.0,2.0,0,58,0
1.0,1200.0,10.0,0,58,0
1.0,1200.0,6.0,0,58,0
0.0,1400.0,8.0,0,58,0
0.0,1400.0,4.0,0,58,0
1.0,1200.0,12.0,0,58,0
1.0,1400.0,6.0,0,58,0
0.0,1600.0,12.0,0,58,0
1.0,1000.0,4.0,0,58,0
1.0,2000.0,2.0,0,58,0
1.0,1000.0,8.0,0,58,0
0.0,1600.0,8.0,0,58,0
0.0,1400.0,10.0,0,58,0
1.0,2000.0,8.0,0,58,0
1.0,1200.0,2.0,0,58,0
1.0,1800.0,8.0,0,58,0
1.0,2000.0,12.0,0,58,0
0.0,800.0,12.0,0,58,0
1.0,1000.0,2.0,0,58,0
0.0,2000.0,10.0,0,58,0
1.0,1200.0,8.0,0,58,0
0.0,800.0,10.0,0,58,0
1.0,1200.0,4.0,0,58,0
0.0,1600.0,10.0,0,58,0
0.0,1400.0,12.0,0,58,0
1.0,800.0,2.0,0,58,0
1.0,1800.0,4.0,0,58,0
1.0,800.0,4.0,0,58,0
0.0,1800.0,10.0,0,58,0
1.0,1800.0,6.0,0,58,0
1.0,1000.0,10.0,0,58,0
1.0,800.0,6.0,0,58,0
1.0,1800.0,12.0,0,58,0
1.0,1000.0,6.0,0,58,0
1.0,1400.0,2.0,0,58,0
1.0,2000.0,6.0,0,58,0
0.0,1400.0,2.0,1,58,0
1.0,1200.0,10.0,1,58,0
1.0,800.0,8.0,1,58,0
1.0,1000.0,4.0,1,58,0
1.0,1000.0,8.0,1,58,0
1.0,1400.0,6.0,1,58,0
1.0,1800.0,4.0,1,58,0
1.0,800.0,2.0,1,58,0
1.0,1400.0,8.0,1,58,0
1.0,1600.0,4.0,1,58,0
0.0,1200.0,2.0,1,58,0
1.0,1200.0,12.0,1,58,0
1.0,1400.0,4.0,1,58,0
0.0,1400.0,10.0,1,58,0
1.0,2000.0,2.0,1,58,0
0.0,1600.0,8.0,1,58,0
0.0,1800.0,10.0,1,58,0
1.0,1800.0,8.0,1,58,0
1.0,2000.0,10.0,1,58,0
0.0,800.0,10.0,1,58,0
1.0,1600.0,2.0,1,58,0
1.0,2000.0,12.0,1,58,0
1.0,1800.0,2.0,1,58,0
1.0,1000.0,12.0,1,58,0
1.0,1000.0,10.0,1,58,0
1.0,1000.0,2.0,1,58,0
1.0,1400.0,12.0,1,58,0
0.0,800.0,12.0,1,58,0
0.0,1200.0,8.0,1,58,0
1.0,1600.0,10.0,1,58,0
0.0,1800.0,12.0,1,58,0
1.0,1800.0,6.0,1,58,0
1.0,1200.0,4.0,1,58,0
0.0,800.0,4.0,1,58,0
0.0,2000.0,4.0,1,58,0
1.0,1000.0,6.0,1,58,0
1.0,2000.0,8.0,1,58,0
1.0,1200.0,6.0,1,58,0
1.0,2000.0,6.0,1,58,0
1.0,1600.0,6.0,1,58,0
1.0,1600.0,12.0,1,58,0
1.0,800.0,6.0,1,58,0
1.0,1800.0,2.0,0,59,1
1.0,1800.0,4.0,0,59,1
1.0,1400.0,6.0,0,59,1
1.0,1000.0,10.0,0,59,1
1.0,1200.0,8.0,0,59,1
0.0,1400.0,2.0,0,59,1
1.0,800.0,8.0,0,59,1
1.0,1000.0,12.0,0,59,1
1.0,1200.0,6.0,0,59,1
1.0,1400.0,10.0,0,59,1
1.0,1200.0,2.0,0,59,1
1.0,2000.0,12.0,0,59,1
1.0,1200.0,4.0,0,59,1
1.0,1600.0,4.0,0,59,1
1.0,2000.0,2.0,0,59,1
1.0,1400.0,8.0,0,59,1
1.0,1000.0,8.0,0,59,1
1.0,1600.0,12.0,0,59,1
1.0,1600.0,8.0,0,59,1
1.0,1000.0,4.0,0,59,1
1.0,1200.0,12.0,0,59,1
1.0,1400.0,4.0,0,59,1
1.0,800.0,6.0,0,59,1
1.0,1600.0,2.0,0,59,1
1.0,1800.0,8.0,0,59,1
0.0,1000.0,2.0,0,59,1
1.0,1400.0,12.0,0,59,1
1.0,2000.0,6.0,0,59,1
1.0,800.0,12.0,0,59,1
1.0,2000.0,4.0,0,59,1
1.0,2000.0,8.0,0,59,1
1.0,1200.0,10.0,0,59,1
1.0,1600.0,10.0,0,59,1
1.0,800.0,4.0,0,59,1
1.0,800.0,2.0,0,59,1
1.0,1000.0,6.0,0,59,1
1.0,1800.0,12.0,0,59,1
1.0,2000.0,10.0,0,59,1
1.0,1800.0,10.0,0,59,1
1.0,1800.0,6.0,0,59,1
1.0,800.0,10.0,0,59,1
1.0,1600.0,6.0,0,59,1
1.0,800.0,2.0,1,59,1
0.0,1200.0,2.0,1,59,1
1.0,1400.0,12.0,1,59,1
1.0,800.0,6.0,1,59,1
1.0,800.0,4.0,1,59,1
1.0,2000.0,4.0,1,59,1
1.0,1200.0,12.0,1,59,1
1.0,1600.0,10.0,1,59,1
0.0,1800.0,4.0,1,59,1
1.0,1800.0,12.0,1,59,1
1.0,2000.0,10.0,1,59,1
1.0,1200.0,4.0,1,59,1
1.0,1000.0,6.0,1,59,1
1.0,1400.0,4.0,1,59,1
1.0,800.0,8.0,1,59,1
1.0,1800.0,6.0,1,59,1
1.0,1800.0,2.0,1,59,1
0.0,1000.0,2.0,1,59,1
1.0,1400.0,2.0,1,59,1
1.0,1000.0,12.0,1,59,1
1.0,1600.0,12.0,1,59,1
1.0,1400.0,6.0,1,59,1
0.0,1800.0,8.0,1,59,1
1.0,2000.0,8.0,1,59,1
1.0,800.0,12.0,1,59,1
1.0,1200.0,8.0,1,59,1
1.0,800.0,10.0,1,59,1
1.0,1600.0,8.0,1,59,1
1.0,1600.0,4.0,1,59,1
1.0,2000.0,12.0,1,59,1
1.0,1000.0,10.0,1,59,1
1.0,1800.0,10.0,1,59,1
1.0,2000.0,6.0,1,59,1
1.0,1000.0,4.0,1,59,1
1.0,1400.0,10.0,1,59,1
1.0,1600.0,2.0,1,59,1
1.0,2000.0,2.0,1,59,1
1.0,1200.0,6.0,1,59,1
1.0,1000.0,8.0,1,59,1
1.0,1200.0,10.0,1,59,1
1.0,1600.0,6.0,1,59,1
1.0,1400.0,8.0,1,59,1
0.0,1800.0,10.0,1,60,1
0.0,1200.0,4.0,1,60,1
1.0,2000.0,2.0,1,60,1
0.0,800.0,12.0,1,60,1
1.0,1400.0,10.0,1,60,1
1.0,2000.0,10.0,1,60,1
1.0,800.0,6.0,1,60,1
1.0,1600.0,10.0,1,60,1
1.0,1800.0,8.0,1,60,1
1.0,1600.0,4.0,1,60,1
1.0,1200.0,12.0,1,60,1
1.0,1400.0,2.0,1,60,1
1.0,1400.0,12.0,1,60,1
1.0,1800.0,12.0,1,60,1
1.0,1000.0,6.0,1,60,1
1.0,1200.0,10.0,1,60,1
1.0,1400.0,4.0,1,60,1
1.0,800.0,10.0,1,60,1
1.0,800.0,2.0,1,60,1
1.0,1600.0,6.0,1,60,1
1.0,1800.0,6.0,1,60,1
0.0,1000.0,4.0,1,60,1
1.0,1200.0,2.0,1,60,1
1.0,1600.0,2.0,1,60,1
1.0,800.0,8.0,1,60,1
1.0,1600.0,12.0,1,60,1
1.0,2000.0,12.0,1,60,1
1.0,1800.0,2.0,1,60,1
1.0,1600.0,8.0,1,60,1
1.0,1800.0,4.0,1,60,1
1.0,1400.0,8.0,1,60,1
1.0,1000.0,10.0,1,60,1
1.0,2000.0,4.0,1,60,1
1.0,1200.0,8.0,1,60,1
1.0,1000.0,8.0,1,60,1
1.0,800.0,4.0,1,60,1
1.0,2000.0,6.0,1,60,1
1.0,1000.0,12.0,1,60,1
1.0,1000.0,2.0,1,60,1
1.0,1200.0,6.0,1,60,1
1.0,2000.0,8.0,1,60,1
1.0,1400.0,6.0,1,60,1
0.0,1000.0,12.0,0,60,1
1.0,800.0,4.0,0,60,1
1.0,1400.0,4.0,0,60,1
0.0,1800.0,10.0,0,60,1
0.0,1400.0,8.0,0,60,1
1.0,1000.0,2.0,0,60,1
1.0,1000.0,6.0,0,60,1
0.0,800.0,12.0,0,60,1
1.0,2000.0,2.0,0,60,1
1.0,800.0,2.0,0,60,1
0.0,800.0,8.0,0,60,1
1.0,1800.0,4.0,0,60,1
0.0,2000.0,10.0,0,60,1
1.0,1800.0,2.0,0,60,1
1.0,2000.0,12.0,0,60,1
1.0,1200.0,2.0,0,60,1
1.0,2000.0,4.0,0,60,1
1.0,1600.0,4.0,0,60,1
0.0,1200.0,10.0,0,60,1
0.0,1800.0,8.0,0,60,1
0.0,800.0,6.0,0,60,1
1.0,1200.0,6.0,0,60,1
1.0,1000.0,4.0,0,60,1
1.0,1600.0,2.0,0,60,1
1.0,1400.0,2.0,0,60,1
1.0,1000.0,8.0,0,60,1
0.0,1600.0,6.0,0,60,1
1.0,1600.0,12.0,0,60,1
0.0,800.0,10.0,0,60,1
1.0,1800.0,6.0,0,60,1
1.0,1200.0,8.0,0,60,1
0.0,1600.0,8.0,0,60,1
0.0,1400.0,12.0,0,60,1
0.0,1800.0,12.0,0,60,1
1.0,1400.0,6.0,0,60,1
1.0,1200.0,4.0,0,60,1
1.0,2000.0,6.0,0,60,1
0.0,1600.0,10.0,0,60,1
0.0,1000.0,10.0,0,60,1
0.0,1200.0,12.0,0,60,1
0.0,1400.0,10.0,0,60,1
0.0,2000.0,8.0,0,60,1
1.0,1800.0,6.0,0,61,1
1.0,1400.0,10.0,0,61,1
1.0,1600.0,6.0,0,61,1
1.0,1000.0,10.0,0,61,1
1.0,2000.0,4.0,0,61,1
1.0,1000.0,2.0,0,61,1
1.0,1200.0,6.0,0,61,1
1.0,1400.0,4.0,0,61,1
1.0,1800.0,12.0,0,61,1
1.0,1200.0,10.0,0,61,1
1.0,2000.0,10.0,0,61,1
0.0,800.0,12.0,0,61,1
1.0,800.0,8.0,0,61,1
1.0,800.0,4.0,0,61,1
1.0,1400.0,2.0,0,61,1
1.0,1600.0,4.0,0,61,1
1.0,1400.0,6.0,0,61,1
1.0,1800.0,10.0,0,61,1
1.0,1200.0,12.0,0,61,1
1.0,1800.0,4.0,0,61,1
1.0,1600.0,10.0,0,61,1
1.0,1200.0,2.0,0,61,1
0.0,800.0,10.0,0,61,1
0.0,1000.0,12.0,0,61,1
1.0,1200.0,8.0,0,61,1
1.0,1600.0,12.0,0,61,1
1.0,2000.0,12.0,0,61,1
1.0,1400.0,12.0,0,61,1
1.0,1800.0,2.0,0,61,1
1.0,1000.0,6.0,0,61,1
1.0,1400.0,8.0,0,61,1
1.0,800.0,2.0,0,61,1
1.0,2000.0,6.0,0,61,1
1.0,800.0,6.0,0,61,1
1.0,1800.0,8.0,0,61,1
1.0,1000.0,8.0,0,61,1
1.0,1600.0,8.0,0,61,1
1.0,2000.0,2.0,0,61,1
1.0,1600.0,2.0,0,61,1
1.0,1200.0,4.0,0,61,1
1.0,1000.0,4.0,0,61,1
1.0,2000.0,8.0,0,61,1
1.0,800.0,6.0,1,61,1
1.0,2000.0,10.0,1,61,1
1.0,1000.0,8.0,1,61,1
1.0,1400.0,2.0,1,61,1
1.0,1400.0,8.0,1,61,1
1.0,1200.0,2.0,1,61,1
1.0,1200.0,4.0,1,61,1
1.0,1200.0,10.0,1,61,1
1.0,1400.0,6.0,1,61,1
1.0,2000.0,12.0,1,61,1
1.0,1200.0,6.0,1,61,1
0.0,800.0,12.0,1,61,1
1.0,1600.0,6.0,1,61,1
1.0,2000.0,8.0,1,61,1
1.0,800.0,8.0,1,61,1
1.0,1600.0,2.0,1,61,1
1.0,1800.0,2.0,1,61,1
1.0,1600.0,8.0,1,61,1
1.0,800.0,4.0,1,61,1
1.0,1800.0,12.0,1,61,1
1.0,2000.0,6.0,1,61,1
1.0,2000.0,4.0,1,61,1
1.0,1800.0,8.0,1,61,1
1.0,1800.0,10.0,1,61,1
0.0,800.0,10.0,1,61,1
1.0,1800.0,6.0,1,61,1
1.0,1200.0,8.0,1,61,1
0.0,1000.0,12.0,1,61,1
1.0,1000.0,2.0,1,61,1
1.0,1600.0,10.0,1,61,1
1.0,2000.0,2.0,1,61,1
1.0,800.0,2.0,1,61,1
1.0,1800.0,4.0,1,61,1
1.0,1400.0,12.0,1,61,1
1.0,1000.0,4.0,1,61,1
1.0,1400.0,10.0,1,61,1
1.0,1000.0,6.0,1,61,1
1.0,1000.0,10.0,1,61,1
1.0,1200.0,12.0,1,61,1
1.0,1600.0,4.0,1,61,1
1.0,1600.0,12.0,1,61,1
1.0,1400.0,4.0,1,61,1
1.0,1600.0,12.0,0,62,0
1.0,1400.0,10.0,0,62,0
1.0,800.0,4.0,0,62,0
1.0,1400.0,2.0,0,62,0
1.0,1200.0,2.0,0,62,0
1.0,1000.0,6.0,0,62,0
1.0,1800.0,12.0,0,62,0
1.0,2000.0,6.0,0,62,0
1.0,1600.0,10.0,0,62,0
1.0,1600.0,2.0,0,62,0
1.0,1200.0,6.0,0,62,0
1.0,800.0,6.0,0,62,0
1.0,1800.0,2.0,0,62,0
1.0,2000.0,8.0,0,62,0
1.0,1400.0,6.0,0,62,0
1.0,1800.0,8.0,0,62,0
1.0,2000.0,2.0,0,62,0
1.0,1000.0,10.0,0,62,0
1.0,1800.0,10.0,0,62,0
1.0,1400.0,8.0,0,62,0
1.0,1400.0,4.0,0,62,0
1.0,1600.0,6.0,0,62,0
1.0,1200.0,4.0,0,62,0
1.0,1000.0,4.0,0,62,0
1.0,1200.0,8.0,0,62,0
1.0,1000.0,8.0,0,62,0
1.0,2000.0,4.0,0,62,0
1.0,1600.0,4.0,0,62,0
1.0,1400.0,12.0,0,62,0
1.0,800.0,10.0,0,62,0
1.0,1800.0,6.0,0,62,0
1.0,800.0,8.0,0,62,0
1.0,800.0,2.0,0,62,0
1.0,1600.0,8.0,0,62,0
1.0,1000.0,2.0,0,62,0
1.0,800.0,12.0,0,62,0
1.0,1800.0,4.0,0,62,0
1.0,2000.0,10.0,0,62,0
1.0,1200.0,10.0,0,62,0
1.0,1200.0,12.0,0,62,0
1.0,2000.0,12.0,0,62,0
1.0,1000.0,12.0,0,62,0
1.0,1800.0,2.0,1,62,0
1.0,2000.0,2.0,1,62,0
1.0,1600.0,10.0,1,62,0
1.0,1600.0,12.0,1,62,0
1.0,800.0,4.0,1,62,0
1.0,800.0,12.0,1,62,0
1.0,800.0,8.0,1,62,0
1.0,1400.0,4.0,1,62,0
1.0,1400.0,6.0,1,62,0
1.0,1400.0,2.0,1,62,0
1.0,2000.0,4.0,1,62,0
1.0,1000.0,12.0,1,62,0
1.0,800.0,10.0,1,62,0
1.0,1600.0,4.0,1,62,0
1.0,1600.0,6.0,1,62,0
1.0,1400.0,12.0,1,62,0
1.0,1000.0,6.0,1,62,0
1.0,1600.0,2.0,1,62,0
1.0,1200.0,2.0,1,62,0
1.0,1000.0,10.0,1,62,0
1.0,1800.0,6.0,1,62,0
1.0,1200.0,10.0,1,62,0
1.0,1800.0,4.0,1,62,0
1.0,1400.0,8.0,1,62,0
1.0,1400.0,10.0,1,62,0
1.0,2000.0,8.0,1,62,0
1.0,1200.0,8.0,1,62,0
1.0,1800.0,8.0,1,62,0
1.0,1200.0,6.0,1,62,0
1.0,1800.0,10.0,1,62,0
1.0,800.0,2.0,1,62,0
1.0,800.0,6.0,1,62,0
1.0,2000.0,10.0,1,62,0
1.0,1600.0,8.0,1,62,0
1.0,1000.0,8.0,1,62,0
1.0,1200.0,4.0,1,62,0
1.0,1800.0,12.0,1,62,0
1.0,1000.0,4.0,1,62,0
1.0,2000.0,12.0,1,62,0
1.0,1200.0,12.0,1,62,0
1.0,1000.0,2.0,1,62,0
1.0,2000.0,6.0,1,62,0
0.0,1200.0,6.0,0,63,1
0.0,1400.0,4.0,0,63,1
1.0,1400.0,12.0,0,63,1
1.0,1200.0,12.0,0,63,1
1.0,1000.0,8.0,0,63,1
1.0,2000.0,10.0,0,63,1
0.0,2000.0,2.0,0,63,1
0.0,2000.0,6.0,0,63,1
1.0,1600.0,8.0,0,63,1
1.0,1800.0,12.0,0,63,1
1.0,1200.0,8.0,0,63,1
1.0,1400.0,10.0,0,63,1
0.0,1400.0,6.0,0,63,1
0.0,1600.0,4.0,0,63,1
1.0,800.0,8.0,0,63,1
1.0,1600.0,10.0,0,63,1
1.0,1400.0,8.0,0,63,1
0.0,1400.0,2.0,0,63,1
1.0,1000.0,12.0,0,63,1
0.0,1800.0,6.0,0,63,1
0.0,1600.0,6.0,0,63,1
1.0,800.0,12.0,0,63,1
1.0,2000.0,12.0,0,63,1
0.0,1000.0,2.0,0,63,1
0.0,800.0,4.0,0,63,1
0.0,800.0,6.0,0,63,1
0.0,1200.0,2.0,0,63,1
0.0,2000.0,4.0,0,63,1
0.0,1000.0,6.0,0,63,1
1.0,800.0,10.0,0,63,1
0.0,1800.0,4.0,0,63,1
1.0,1000.0,10.0,0,63,1
0.0,1000.0,4.0,0,63,1
1.0,1200.0,10.0,0,63,1
1.0,1600.0,12.0,0,63,1
1.0,1800.0,8.0,0,63,1
1.0,2000.0,8.0,0,63,1
0.0,1600.0,2.0,0,63,1
0.0,800.0,2.0,0,63,1
0.0,1800.0,2.0,0,63,1
1.0,1800.0,10.0,0,63,1
0.0,1200.0,4.0,0,63,1
0.0,1400.0,4.0,1,63,1
1.0,2000.0,10.0,1,63,1
1.0,1200.0,12.0,1,63,1
0.0,1200.0,2.0,1,63,1
0.0,1200.0,4.0,1,63,1
0.0,2000.0,4.0,1,63,1
1.0,1200.0,8.0,1,63,1
0.0,800.0,6.0,1,63,1
0.0,1200.0,6.0,1,63,1
0.0,2000.0,6.0,1,63,1
1.0,1600.0,8.0,1,63,1
1.0,1800.0,10.0,1,63,1
0.0,1800.0,2.0,1,63,1
1.0,1000.0,4.0,1,63,1
0.0,1600.0,2.0,1,63,1
1.0,2000.0,12.0,1,63,1
0.0,1600.0,4.0,1,63,1
0.0,1800.0,6.0,1,63,1
1.0,800.0,8.0,1,63,1
1.0,1000.0,10.0,1,63,1
1.0,1600.0,12.0,1,63,1
0.0,800.0,4.0,1,63,1
0.0,800.0,2.0,1,63,1
1.0,1200.0,10.0,1,63,1
1.0,800.0,10.0,1,63,1
0.0,1400.0,6.0,1,63,1
1.0,1000.0,12.0,1,63,1
1.0,1800.0,8.0,1,63,1
0.0,1000.0,6.0,1,63,1
0.0,1400.0,2.0,1,63,1
1.0,1600.0,10.0,1,63,1
0.0,1000.0,2.0,1,63,1
1.0,1400.0,12.0,1,63,1
0.0,1800.0,4.0,1,63,1
1.0,2000.0,8.0,1,63,1
1.0,1400.0,8.0,1,63,1
1.0,1800.0,12.0,1,63,1
1.0,1000.0,8.0,1,63,1
0.0,1600.0,6.0,1,63,1
1.0,1400.0,10.0,1,63,1
0.0,2000.0,2.0,1,63,1
1.0,800.0,12.0,1,63,1
1.0,1000.0,8.0,0,64,1
1.0,1000.0,4.0,0,64,1
1.0,1600.0,8.0,0,64,1
1.0,1600.0,2.0,0,64,1
1.0,1800.0,6.0,0,64,1
1.0,1400.0,10.0,0,64,1
1.0,1600.0,12.0,0,64,1
0.0,2000.0,10.0,0,64,1
1.0,2000.0,8.0,0,64,1
0.0,800.0,2.0,0,64,1
1.0,1200.0,10.0,0,64,1
1.0,800.0,12.0,0,64,1
1.0,1800.0,8.0,0,64,1
0.0,1400.0,6.0,0,64,1
1.0,1200.0,4.0,0,64,1
1.0,1800.0,12.0,0,64,1
0.0,1000.0,10.0,0,64,1
0.0,1000.0,2.0,0,64,1
1.0,1800.0,4.0,0,64,1
1.0,2000.0,12.0,0,64,1
0.0,1400.0,2.0,0,64,1
1.0,1200.0,8.0,0,64,1
0.0,1200.0,2.0,0,64,1
0.0,800.0,8.0,0,64,1
1.0,1400.0,8.0,0,64,1
1.0,2000.0,6.0,0,64,1
1.0,1600.0,6.0,0,64,1
1.0,1200.0,6.0,0,64,1
1.0,1000.0,12.0,0,64,1
0.0,1000.0,6.0,0,64,1
0.0,800.0,4.0,0,64,1
1.0,1600.0,4.0,0,64,1
1.0,1800.0,10.0,0,64,1
0.0,2000.0,2.0,0,64,1
1.0,2000.0,4.0,0,64,1
0.0,1200.0,12.0,0,64,1
0.0,800.0,6.0,0,64,1
1.0,1400.0,12.0,0,64,1
1.0,1600.0,10.0,0,64,1
1.0,1800.0,2.0,0,64,1
1.0,1400.0,4.0,0,64,1
1.0,800.0,10.0,0,64,1
1.0,2000.0,2.0,1,64,1
1.0,1600.0,6.0,1,64,1
1.0,1600.0,12.0,1,64,1
1.0,1400.0,8.0,1,64,1
0.0,800.0,2.0,1,64,1
1.0,800.0,12.0,1,64,1
1.0,1200.0,2.0,1,64,1
1.0,1000.0,10.0,1,64,1
0.0,1600.0,2.0,1,64,1
0.0,800.0,4.0,1,64,1
1.0,1000.0,12.0,1,64,1
1.0,1200.0,12.0,1,64,1
1.0,800.0,6.0,1,64,1
1.0,1000.0,8.0,1,64,1
1.0,1200.0,6.0,1,64,1
1.0,1000.0,4.0,1,64,1
1.0,1400.0,6.0,1,64,1
1.0,800.0,8.0,1,64,1
0.0,1400.0,10.0,1,64,1
1.0,1600.0,4.0,1,64,1
1.0,2000.0,6.0,1,64,1
1.0,2000.0,4.0,1,64,1
1.0,1800.0,6.0,1,64,1
1.0,1600.0,10.0,1,64,1
1.0,1800.0,2.0,1,64,1
1.0,1400.0,4.0,1,64,1
1.0,1800.0,10.0,1,64,1
1.0,1600.0,8.0,1,64,1
1.0,2000.0,12.0,1,64,1
1.0,1200.0,4.0,1,64,1
1.0,1800.0,4.0,1,64,1
1.0,1800.0,8.0,1,64,1
1.0,1000.0,2.0,1,64,1
1.0,1400.0,2.0,1,64,1
1.0,2000.0,10.0,1,64,1
1.0,1200.0,10.0,1,64,1
0.0,800.0,10.0,1,64,1
0.0,1000.0,6.0,1,64,1
1.0,1400.0,12.0,1,64,1
1.0,2000.0,8.0,1,64,1
1.0,1200.0,8.0,1,64,1
1.0,1800.0,12.0,1,64,1
0.0,1800.0,12.0,1,65,1
1.0,1600.0,10.0,1,65,1
0.0,1800.0,8.0,1,65,1
1.0,1800.0,2.0,1,65,1
0.0,1200.0,2.0,1,65,1
1.0,1600.0,2.0,1,65,1
1.0,1000.0,4.0,1,65,1
0.0,1800.0,6.0,1,65,1
0.0,2000.0,10.0,1,65,1
1.0,1000.0,10.0,1,65,1
1.0,1200.0,10.0,1,65,1
0.0,1400.0,2.0,1,65,1
1.0,1400.0,6.0,1,65,1
0.0,800.0,4.0,1,65,1
0.0,800.0,12.0,1,65,1
0.0,2000.0,8.0,1,65,1
1.0,2000.0,4.0,1,65,1
1.0,2000.0,6.0,1,65,1
0.0,800.0,2.0,1,65,1
0.0,2000.0,2.0,1,65,1
0.0,1200.0,12.0,1,65,1
0.0,1000.0,6.0,1,65,1
0.0,1200.0,8.0,1,65,1
1.0,1400.0,4.0,1,65,1
1.0,1400.0,8.0,1,65,1
0.0,1400.0,12.0,1,65,1
0.0,2000.0,12.0,1,65,1
1.0,800.0,6.0,1,65,1
1.0,1600.0,4.0,1,65,1
0.0,1000.0,2.0,1,65,1
0.0,800.0,10.0,1,65,1
0.0,1600.0,12.0,1,65,1
1.0,1200.0,4.0,1,65,1
0.0,1200.0,6.0,1,65,1
0.0,1600.0,8.0,1,65,1
1.0,800.0,8.0,1,65,1
0.0,1000.0,12.0,1,65,1
1.0,1600.0,6.0,1,65,1
0.0,1400.0,10.0,1,65,1
0.0,1000.0,8.0,1,65,1
1.0,1800.0,10.0,1,65,1
0.0,1800.0,4.0,1,65,1
0.0,1400.0,12.0,0,65,1
0.0,1600.0,8.0,0,65,1
0.0,1800.0,8.0,0,65,1
0.0,800.0,12.0,0,65,1
0.0,1200.0,10.0,0,65,1
1.0,1600.0,2.0,0,65,1
1.0,1400.0,8.0,0,65,1
0.0,1400.0,10.0,0,65,1
0.0,2000.0,4.0,0,65,1
0.0,1800.0,10.0,0,65,1
0.0,1600.0,4.0,0,65,1
1.0,2000.0,6.0,0,65,1
0.0,1200.0,12.0,0,65,1
0.0,2000.0,2.0,0,65,1
1.0,800.0,2.0,0,65,1
0.0,1000.0,2.0,0,65,1
0.0,1000.0,10.0,0,65,1
0.0,1000.0,12.0,0,65,1
1.0,2000.0,12.0,0,65,1
0.0,1000.0,6.0,0,65,1
0.0,1000.0,8.0,0,65,1
1.0,1400.0,4.0,0,65,1
1.0,800.0,4.0,0,65,1
0.0,800.0,8.0,0,65,1
0.0,1200.0,6.0,0,65,1
0.0,1800.0,4.0,0,65,1
1.0,1200.0,4.0,0,65,1
1.0,1800.0,6.0,0,65,1
0.0,1200.0,8.0,0,65,1
0.0,800.0,10.0,0,65,1
0.0,1000.0,4.0,0,65,1
0.0,800.0,6.0,0,65,1
0.0,1600.0,10.0,0,65,1
0.0,2000.0,10.0,0,65,1
0.0,1200.0,2.0,0,65,1
0.0,2000.0,8.0,0,65,1
0.0,1600.0,6.0,0,65,1
0.0,1800.0,12.0,0,65,1
0.0,1400.0,6.0,0,65,1
1.0,1400.0,2.0,0,65,1
1.0,1800.0,2.0,0,65,1
1.0,1600.0,12.0,0,65,1
1.0,1600.0,4.0,0,66,0
1.0,800.0,8.0,0,66,0
1.0,1000.0,10.0,0,66,0
1.0,1200.0,6.0,0,66,0
1.0,1800.0,6.0,0,66,0
1.0,800.0,12.0,0,66,0
1.0,2000.0,8.0,0,66,0
1.0,1600.0,8.0,0,66,0
1.0,800.0,2.0,0,66,0
1.0,1800.0,4.0,0,66,0
0.0,1600.0,2.0,0,66,0
1.0,1600.0,12.0,0,66,0
1.0,2000.0,12.0,0,66,0
1.0,1000.0,4.0,0,66,0
1.0,1600.0,10.0,0,66,0
1.0,1600.0,6.0,0,66,0
1.0,2000.0,2.0,0,66,0
1.0,1400.0,8.0,0,66,0
1.0,800.0,4.0,0,66,0
1.0,1800.0,10.0,0,66,0
0.0,1800.0,2.0,0,66,0
1.0,1200.0,10.0,0,66,0
1.0,1200.0,4.0,0,66,0
1.0,1400.0,12.0,0,66,0
1.0,1400.0,6.0,0,66,0
1.0,800.0,6.0,0,66,0
1.0,1800.0,8.0,0,66,0
1.0,1400.0,2.0,0,66,0
1.0,2000.0,10.0,0,66,0
1.0,1000.0,2.0,0,66,0
1.0,1800.0,12.0,0,66,0
1.0,2000.0,4.0,0,66,0
1.0,1000.0,6.0,0,66,0
1.0,800.0,10.0,0,66,0
1.0,2000.0,6.0,0,66,0
1.0,1200.0,2.0,0,66,0
0.0,1400.0,10.0,0,66,0
1.0,1000.0,12.0,0,66,0
1.0,1000.0,8.0,0,66,0
1.0,1200.0,12.0,0,66,0
1.0,1200.0,8.0,0,66,0
1.0,1400.0,4.0,0,66,0
1.0,1600.0,12.0,1,66,0
1.0,1800.0,2.0,1,66,0
1.0,1800.0,4.0,1,66,0
1.0,2000.0,10.0,1,66,0
1.0,800.0,6.0,1,66,0
1.0,1200.0,6.0,1,66,0
1.0,1200.0,2.0,1,66,0
1.0,1600.0,4.0,1,66,0
1.0,1000.0,2.0,1,66,0
1.0,1800.0,10.0,1,66,0
1.0,2000.0,6.0,1,66,0
1.0,1000.0,4.0,1,66,0
1.0,1200.0,12.0,1,66,0
1.0,800.0,2.0,1,66,0
1.0,2000.0,8.0,1,66,0
1.0,1400.0,2.0,1,66,0
1.0,1400.0,10.0,1,66,0
1.0,2000.0,2.0,1,66,0
1.0,1400.0,8.0,1,66,0
1.0,1000.0,12.0,1,66,0
1.0,800.0,10.0,1,66,0
1.0,1400.0,12.0,1,66,0
1.0,800.0,12.0,1,66,0
1.0,1200.0,10.0,1,66,0
1.0,1000.0,10.0,1,66,0
1.0,1800.0,6.0,1,66,0
1.0,1600.0,8.0,1,66,0
1.0,1600.0,2.0,1,66,0
1.0,1600.0,10.0,1,66,0
1.0,1400.0,4.0,1,66,0
1.0,1000.0,6.0,1,66,0
1.0,1200.0,8.0,1,66,0
1.0,800.0,8.0,1,66,0
1.0,1400.0,6.0,1,66,0
1.0,800.0,4.0,1,66,0
1.0,1600.0,6.0,1,66,0
1.0,2000.0,12.0,1,66,0
1.0,1800.0,12.0,1,66,0
1.0,1200.0,4.0,1,66,0
1.0,1000.0,8.0,1,66,0
1.0,1800.0,8.0,1,66,0
1.0,2000.0,4.0,1,66,0
1.0,1200.0,10.0,1,67,0
1.0,800.0,8.0,1,67,0
1.0,1600.0,12.0,1,67,0
1.0,1200.0,12.0,1,67,0
1.0,1600.0,8.0,1,67,0
1.0,1200.0,6.0,1,67,0
1.0,1800.0,2.0,1,67,0
1.0,1800.0,4.0,1,67,0
1.0,1000.0,12.0,1,67,0
1.0,1200.0,8.0,1,67,0
1.0,1400.0,8.0,1,67,0
1.0,1000.0,4.0,1,67,0
1.0,800.0,10.0,1,67,0
1.0,1800.0,6.0,1,67,0
1.0,800.0,12.0,1,67,0
1.0,1600.0,6.0,1,67,0
1.0,1400.0,4.0,1,67,0
1.0,1800.0,10.0,1,67,0
1.0,1400.0,2.0,1,67,0
1.0,1400.0,10.0,1,67,0
1.0,2000.0,4.0,1,67,0
1.0,2000.0,2.0,1,67,0
1.0,1600.0,4.0,1,67,0
1.0,800.0,2.0,1,67,0
1.0,1000.0,6.0,1,67,0
1.0,2000.0,8.0,1,67,0
1.0,1200.0,4.0,1,67,0
1.0,800.0,4.0,1,67,0
1.0,2000.0,10.0,1,67,0
1.0,1400.0,12.0,1,67,0
1.0,1000.0,8.0,1,67,0
1.0,1600.0,10.0,1,67,0
1.0,1800.0,12.0,1,67,0
1.0,1800.0,8.0,1,67,0
1.0,800.0,6.0,1,67,0
1.0,2000.0,6.0,1,67,0
1.0,2000.0,12.0,1,67,0
1.0,1200.0,2.0,1,67,0
1.0,1400.0,6.0,1,67,0
1.0,1000.0,10.0,1,67,0
1.0,1000.0,2.0,1,67,0
1.0,1600.0,2.0,1,67,0
1.0,1200.0,8.0,0,67,0
1.0,1400.0,4.0,0,67,0
1.0,1000.0,4.0,0,67,0
1.0,1800.0,8.0,0,67,0
1.0,1600.0,4.0,0,67,0
1.0,1600.0,2.0,0,67,0
1.0,800.0,8.0,0,67,0
1.0,1800.0,2.0,0,67,0
1.0,1400.0,2.0,0,67,0
1.0,800.0,4.0,0,67,0
1.0,1600.0,12.0,0,67,0
1.0,1800.0,10.0,0,67,0
1.0,2000.0,10.0,0,67,0
1.0,1000.0,6.0,0,67,0
1.0,800.0,2.0,0,67,0
1.0,1600.0,8.0,0,67,0
1.0,1200.0,6.0,0,67,0
1.0,1400.0,8.0,0,67,0
1.0,1400.0,10.0,0,67,0
1.0,2000.0,4.0,0,67,0
1.0,800.0,12.0,0,67,0
1.0,1000.0,2.0,0,67,0
1.0,1800.0,6.0,0,67,0
1.0,1800.0,4.0,0,67,0
1.0,1800.0,12.0,0,67,0
1.0,1400.0,12.0,0,67,0
1.0,1600.0,10.0,0,67,0
1.0,1200.0,4.0,0,67,0
1.0,1000.0,10.0,0,67,0
1.0,2000.0,8.0,0,67,0
1.0,2000.0,2.0,0,67,0
1.0,2000.0,12.0,0,67,0
1.0,1200.0,2.0,0,67,0
1.0,1200.0,10.0,0,67,0
1.0,1600.0,6.0,0,67,0
1.0,1200.0,12.0,0,67,0
1.0,800.0,10.0,0,67,0
1.0,2000.0,6.0,0,67,0
1.0,800.0,6.0,0,67,0
1.0,1000.0,12.0,0,67,0
1.0,1000.0,8.0,0,67,0
1.0,1400.0,6.0,0,67,0
1.0,800.0,10.0,1,68,0
1.0,1400.0,4.0,1,68,0
1.0,1800.0,4.0,1,68,0
1.0,800.0,12.0,1,68,0
1.0,1200.0,2.0,1,68,0
1.0,1400.0,6.0,1,68,0
1.0,1600.0,2.0,1,68,0
1.0,1200.0,12.0,1,68,0
1.0,2000.0,8.0,1,68,0
1.0,1200.0,10.0,1,68,0
1.0,1000.0,8.0,1,68,0
1.0,800.0,2.0,1,68,0
1.0,2000.0,2.0,1,68,0
1.0,1400.0,10.0,1,68,0
1.0,1600.0,10.0,1,68,0
1.0,1800.0,6.0,1,68,0
1.0,1600.0,6.0,1,68,0
1.0,2000.0,10.0,1,68,0
1.0,1600.0,12.0,1,68,0
1.0,1000.0,10.0,1,68,0
1.0,1800.0,8.0,1,68,0
1.0,1800.0,2.0,1,68,0
1.0,1600.0,4.0,1,68,0
1.0,1400.0,2.0,1,68,0
1.0,1000.0,6.0,1,68,0
1.0,1200.0,6.0,1,68,0
1.0,800.0,8.0,1,68,0
1.0,1000.0,4.0,1,68,0
1.0,800.0,6.0,1,68,0
1.0,2000.0,12.0,1,68,0
1.0,1800.0,10.0,1,68,0
1.0,800.0,4.0,1,68,0
1.0,2000.0,4.0,1,68,0
1.0,1400.0,12.0,1,68,0
1.0,1200.0,8.0,1,68,0
1.0,1400.0,8.0,1,68,0
1.0,2000.0,6.0,1,68,0
1.0,1000.0,12.0,1,68,0
1.0,1600.0,8.0,1,68,0
1.0,1000.0,2.0,1,68,0
1.0,1800.0,12.0,1,68,0
1.0,1200.0,4.0,1,68,0
1.0,2000.0,6.0,0,68,0
1.0,1400.0,8.0,0,68,0
1.0,1600.0,10.0,0,68,0
1.0,1800.0,10.0,0,68,0
1.0,1200.0,2.0,0,68,0
1.0,1000.0,10.0,0,68,0
1.0,1600.0,4.0,0,68,0
1.0,1800.0,2.0,0,68,0
1.0,1800.0,8.0,0,68,0
1.0,1400.0,2.0,0,68,0
1.0,1600.0,2.0,0,68,0
1.0,1200.0,4.0,0,68,0
1.0,2000.0,10.0,0,68,0
1.0,1800.0,4.0,0,68,0
1.0,2000.0,12.0,0,68,0
1.0,1000.0,8.0,0,68,0
1.0,1200.0,10.0,0,68,0
1.0,1200.0,6.0,0,68,0
1.0,1200.0,12.0,0,68,0
1.0,1000.0,4.0,0,68,0
1.0,1400.0,10.0,0,68,0
1.0,1400.0,6.0,0,68,0
1.0,800.0,12.0,0,68,0
1.0,2000.0,8.0,0,68,0
1.0,1600.0,6.0,0,68,0
1.0,1000.0,6.0,0,68,0
1.0,1200.0,8.0,0,68,0
1.0,2000.0,4.0,0,68,0
1.0,2000.0,2.0,0,68,0
1.0,800.0,2.0,0,68,0
1.0,800.0,10.0,0,68,0
1.0,1400.0,12.0,0,68,0
1.0,1600.0,12.0,0,68,0
1.0,1800.0,12.0,0,68,0
1.0,1600.0,8.0,0,68,0
1.0,1000.0,12.0,0,68,0
1.0,800.0,6.0,0,68,0
1.0,1800.0,6.0,0,68,0
1.0,1000.0,2.0,0,68,0
1.0,800.0,8.0,0,68,0
1.0,1400.0,4.0,0,68,0
1.0,800.0,4.0,0,68,0
1.0,1000.0,6.0,0,69,0
1.0,1800.0,10.0,0,69,0
1.0,1400.0,12.0,0,69,0
1.0,1000.0,10.0,0,69,0
1.0,2000.0,10.0,0,69,0
1.0,1000.0,12.0,0,69,0
1.0,1600.0,2.0,0,69,0
1.0,1200.0,8.0,0,69,0
1.0,800.0,8.0,0,69,0
1.0,1400.0,4.0,0,69,0
1.0,1400.0,2.0,0,69,0
1.0,1000.0,2.0,0,69,0
1.0,800.0,12.0,0,69,0
1.0,2000.0,2.0,0,69,0
1.0,2000.0,8.0,0,69,0
1.0,1600.0,8.0,0,69,0
1.0,2000.0,4.0,0,69,0
1.0,1600.0,10.0,0,69,0
1.0,1600.0,4.0,0,69,0
1.0,1400.0,10.0,0,69,0
1.0,800.0,4.0,0,69,0
1.0,1000.0,8.0,0,69,0
1.0,1800.0,2.0,0,69,0
1.0,1200.0,2.0,0,69,0
1.0,1200.0,12.0,0,69,0
1.0,1200.0,6.0,0,69,0
1.0,1200.0,4.0,0,69,0
1.0,1800.0,4.0,0,69,0
1.0,800.0,10.0,0,69,0
1.0,1400.0,6.0,0,69,0
1.0,2000.0,12.0,0,69,0
1.0,800.0,2.0,0,69,0
1.0,1600.0,12.0,0,69,0
1.0,1800.0,8.0,0,69,0
1.0,1200.0,10.0,0,69,0
1.0,1400.0,8.0,0,69,0
1.0,1800.0,12.0,0,69,0
1.0,2000.0,6.0,0,69,0
1.0,800.0,6.0,0,69,0
1.0,1800.0,6.0,0,69,0
1.0,1000.0,4.0,0,69,0
1.0,1600.0,6.0,0,69,0
1.0,1600.0,6.0,1,69,0
1.0,2000.0,12.0,1,69,0
1.0,800.0,4.0,1,69,0
1.0,1600.0,4.0,1,69,0
1.0,1400.0,6.0,1,69,0
1.0,2000.0,8.0,1,69,0
1.0,1400.0,2.0,1,69,0
1.0,2000.0,4.0,1,69,0
1.0,2000.0,6.0,1,69,0
1.0,1200.0,2.0,1,69,0
1.0,1600.0,12.0,1,69,0
1.0,2000.0,10.0,1,69,0
1.0,1800.0,8.0,1,69,0
1.0,1000.0,2.0,1,69,0
1.0,1600.0,2.0,1,69,0
1.0,1000.0,8.0,1,69,0
1.0,800.0,10.0,1,69,0
1.0,800.0,6.0,1,69,0
1.0,1000.0,6.0,1,69,0
1.0,1200.0,10.0,1,69,0
1.0,1000.0,10.0,1,69,0
1.0,1200.0,6.0,1,69,0
1.0,1000.0,12.0,1,69,0
1.0,1600.0,8.0,1,69,0
1.0,1400.0,12.0,1,69,0
1.0,1200.0,12.0,1,69,0
1.0,1800.0,4.0,1,69,0
1.0,1400.0,10.0,1,69,0
1.0,800.0,8.0,1,69,0
1.0,1000.0,4.0,1,69,0
1.0,1200.0,4.0,1,69,0
1.0,1400.0,8.0,1,69,0
1.0,800.0,12.0,1,69,0
1.0,1800.0,2.0,1,69,0
1.0,1800.0,12.0,1,69,0
1.0,1600.0,10.0,1,69,0
1.0,1800.0,6.0,1,69,0
1.0,800.0,2.0,1,69,0
1.0,1200.0,8.0,1,69,0
1.0,1400.0,4.0,1,69,0
1.0,2000.0,2.0,1,69,0
1.0,1800.0,10.0,1,69,0
0.0,1600.0,10.0,0,70,0
0.0,800.0,8.0,0,70,0
0.0,1200.0,10.0,0,70,0
0.0,1400.0,10.0,0,70,0
1.0,1800.0,2.0,0,70,0
0.0,1200.0,12.0,0,70,0
1.0,1800.0,8.0,0,70,0
0.0,1800.0,10.0,0,70,0
1.0,1000.0,2.0,0,70,0
1.0,1400.0,4.0,0,70,0
0.0,800.0,10.0,0,70,0
1.0,800.0,2.0,0,70,0
1.0,1000.0,6.0,0,70,0
0.0,1600.0,8.0,0,70,0
1.0,800.0,6.0,0,70,0
1.0,1200.0,8.0,0,70,0
1.0,1600.0,2.0,0,70,0
0.0,1000.0,8.0,0,70,0
1.0,1400.0,8.0,0,70,0
0.0,1400.0,12.0,0,70,0
1.0,1600.0,6.0,0,70,0
0.0,1000.0,10.0,0,70,0
1.0,1400.0,6.0,0,70,0
0.0,2000.0,12.0,0,70,0
0.0,1600.0,12.0,0,70,0
0.0,1000.0,12.0,0,70,0
1.0,1200.0,2.0,0,70,0
1.0,1600.0,4.0,0,70,0
1.0,1400.0,2.0,0,70,0
1.0,1200.0,6.0,0,70,0
0.0,2000.0,8.0,0,70,0
1.0,1800.0,6.0,0,70,0
1.0,1000.0,4.0,0,70,0
1.0,1800.0,4.0,0,70,0
1.0,2000.0,6.0,0,70,0
1.0,800.0,4.0,0,70,0
0.0,1800.0,12.0,0,70,0
0.0,800.0,12.0,0,70,0
1.0,1200.0,4.0,0,70,0
1.0,2000.0,4.0,0,70,0
0.0,2000.0,10.0,0,70,0
1.0,2000.0,2.0,0,70,0
0.0,1800.0,12.0,1,70,0
1.0,1000.0,6.0,1,70,0
1.0,1400.0,2.0,1,70,0
1.0,1200.0,2.0,1,70,0
0.0,1600.0,12.0,1,70,0
0.0,1400.0,12.0,1,70,0
0.0,1600.0,10.0,1,70,0
1.0,1600.0,2.0,1,70,0
1.0,2000.0,2.0,1,70,0
1.0,1800.0,2.0,1,70,0
1.0,1600.0,8.0,1,70,0
1.0,1600.0,4.0,1,70,0
1.0,1200.0,6.0,1,70,0
1.0,1800.0,6.0,1,70,0
1.0,800.0,6.0,1,70,0
1.0,1400.0,4.0,1,70,0
1.0,1200.0,4.0,1,70,0
1.0,1400.0,8.0,1,70,0
0.0,800.0,8.0,1,70,0
1.0,1800.0,8.0,1,70,0
0.0,1000.0,2.0,1,70,0
0.0,2000.0,10.0,1,70,0
0.0,1400.0,10.0,1,70,0
1.0,1200.0,8.0,1,70,0
0.0,1000.0,8.0,1,70,0
0.0,1000.0,12.0,1,70,0
1.0,1800.0,10.0,1,70,0
0.0,800.0,12.0,1,70,0
1.0,1600.0,6.0,1,70,0
1.0,2000.0,6.0,1,70,0
0.0,800.0,10.0,1,70,0
1.0,800.0,2.0,1,70,0
1.0,1400.0,6.0,1,70,0
1.0,2000.0,8.0,1,70,0
0.0,1000.0,10.0,1,70,0
0.0,2000.0,12.0,1,70,0
1.0,2000.0,4.0,1,70,0
1.0,1800.0,4.0,1,70,0
0.0,1200.0,10.0,1,70,0
0.0,1200.0,12.0,1,70,0
1.0,800.0,4.0,1,70,0
1.0,1000.0,4.0,1,70,0
1.0,1400.0,10.0,1,71,1
1.0,1600.0,10.0,1,71,1
1.0,1400.0,2.0,1,71,1
1.0,1800.0,6.0,1,71,1
1.0,1400.0,12.0,1,71,1
1.0,1600.0,12.0,1,71,1
1.0,800.0,12.0,1,71,1
1.0,1800.0,4.0,1,71,1
1.0,1000.0,10.0,1,71,1
1.0,1800.0,12.0,1,71,1
1.0,2000.0,4.0,1,71,1
1.0,1000.0,8.0,1,71,1
1.0,1000.0,4.0,1,71,1
1.0,1400.0,8.0,1,71,1
1.0,1200.0,12.0,1,71,1
1.0,2000.0,2.0,1,71,1
1.0,1200.0,8.0,1,71,1
1.0,2000.0,8.0,1,71,1
1.0,1600.0,2.0,1,71,1
1.0,2000.0,6.0,1,71,1
1.0,1400.0,4.0,1,71,1
1.0,1600.0,6.0,1,71,1
1.0,1200.0,6.0,1,71,1
1.0,800.0,2.0,1,71,1
1.0,800.0,4.0,1,71,1
1.0,1800.0,2.0,1,71,1
1.0,1200.0,10.0,1,71,1
1.0,2000.0,10.0,1,71,1
1.0,1600.0,8.0,1,71,1
1.0,800.0,8.0,1,71,1
1.0,1000.0,6.0,1,71,1
1.0,1200.0,4.0,1,71,1
1.0,1400.0,6.0,1,71,1
1.0,1800.0,10.0,1,71,1
1.0,1200.0,2.0,1,71,1
1.0,1600.0,4.0,1,71,1
1.0,2000.0,12.0,1,71,1
1.0,800.0,10.0,1,71,1
1.0,1000.0,12.0,1,71,1
1.0,800.0,6.0,1,71,1
1.0,1800.0,8.0,1,71,1
1.0,1000.0,2.0,1,71,1
1.0,1800.0,2.0,0,71,1
1.0,1600.0,4.0,0,71,1
1.0,2000.0,10.0,0,71,1
1.0,1800.0,6.0,0,71,1
0.0,2000.0,12.0,0,71,1
0.0,1000.0,10.0,0,71,1
1.0,1400.0,4.0,0,71,1
1.0,1000.0,6.0,0,71,1
1.0,1400.0,2.0,0,71,1
0.0,800.0,2.0,0,71,1
1.0,1800.0,4.0,0,71,1
1.0,1000.0,2.0,0,71,1
1.0,1600.0,6.0,0,71,1
1.0,800.0,4.0,0,71,1
1.0,1400.0,8.0,0,71,1
1.0,1000.0,8.0,0,71,1
1.0,1800.0,12.0,0,71,1
1.0,1200.0,2.0,0,71,1
1.0,1600.0,8.0,0,71,1
1.0,1200.0,4.0,0,71,1
1.0,1800.0,8.0,0,71,1
1.0,800.0,12.0,0,71,1
1.0,1400.0,12.0,0,71,1
1.0,1800.0,10.0,0,71,1
1.0,1000.0,4.0,0,71,1
0.0,1600.0,12.0,0,71,1
1.0,1600.0,2.0,0,71,1
1.0,800.0,6.0,0,71,1
1.0,2000.0,6.0,0,71,1
1.0,2000.0,2.0,0,71,1
1.0,2000.0,4.0,0,71,1
1.0,800.0,8.0,0,71,1
1.0,1200.0,10.0,0,71,1
1.0,2000.0,8.0,0,71,1
1.0,1600.0,10.0,0,71,1
1.0,1400.0,6.0,0,71,1
1.0,1200.0,6.0,0,71,1
1.0,800.0,10.0,0,71,1
0.0,1200.0,12.0,0,71,1
1.0,1400.0,10.0,0,71,1
1.0,1000.0,12.0,0,71,1
1.0,1200.0,8.0,0,71,1
1.0,1400.0,12.0,0,72,0
1.0,1600.0,4.0,0,72,0
1.0,800.0,8.0,0,72,0
1.0,800.0,2.0,0,72,0
1.0,800.0,4.0,0,72,0
1.0,800.0,12.0,0,72,0
1.0,1800.0,12.0,0,72,0
1.0,1200.0,6.0,0,72,0
1.0,1200.0,4.0,0,72,0
1.0,1800.0,6.0,0,72,0
1.0,2000.0,8.0,0,72,0
1.0,1400.0,8.0,0,72,0
1.0,1400.0,6.0,0,72,0
1.0,2000.0,2.0,0,72,0
1.0,1800.0,8.0,0,72,0
0.0,800.0,10.0,0,72,0
1.0,2000.0,10.0,0,72,0
1.0,2000.0,12.0,0,72,0
1.0,1000.0,10.0,0,72,0
1.0,1000.0,4.0,0,72,0
1.0,1800.0,10.0,0,72,0
1.0,1400.0,4.0,0,72,0
1.0,1600.0,10.0,0,72,0
1.0,1000.0,6.0,0,72,0
1.0,1400.0,10.0,0,72,0
1.0,1600.0,6.0,0,72,0
1.0,1000.0,8.0,0,72,0
1.0,1000.0,2.0,0,72,0
1.0,1600.0,2.0,0,72,0
1.0,1200.0,10.0,0,72,0
1.0,2000.0,6.0,0,72,0
1.0,1800.0,4.0,0,72,0
1.0,800.0,6.0,0,72,0
1.0,1200.0,2.0,0,72,0
1.0,1800.0,2.0,0,72,0
1.0,1200.0,8.0,0,72,0
1.0,1600.0,8.0,0,72,0
1.0,2000.0,4.0,0,72,0
1.0,1400.0,2.0,0,72,0
1.0,1000.0,12.0,0,72,0
1.0,1200.0,12.0,0,72,0
1.0,1600.0,12.0,0,72,0
1.0,1600.0,4.0,1,72,0
1.0,2000.0,4.0,1,72,0
1.0,1200.0,4.0,1,72,0
1.0,2000.0,8.0,1,72,0
1.0,1200.0,10.0,1,72,0
1.0,800.0,6.0,1,72,0
1.0,1800.0,8.0,1,72,0
1.0,1800.0,12.0,1,72,0
1.0,1200.0,12.0,1,72,0
1.0,1800.0,6.0,1,72,0
1.0,2000.0,6.0,1,72,0
1.0,1800.0,10.0,1,72,0
1.0,1000.0,8.0,1,72,0
1.0,800.0,12.0,1,72,0
1.0,1000.0,10.0,1,72,0
1.0,800.0,10.0,1,72,0
1.0,1600.0,12.0,1,72,0
1.0,1800.0,2.0,1,72,0
1.0,1600.0,2.0,1,72,0
1.0,800.0,2.0,1,72,0
1.0,2000.0,10.0,1,72,0
1.0,1400.0,8.0,1,72,0
1.0,1600.0,6.0,1,72,0
1.0,1600.0,8.0,1,72,0
1.0,1800.0,4.0,1,72,0
1.0,1400.0,4.0,1,72,0
1.0,1200.0,6.0,1,72,0
1.0,2000.0,12.0,1,72,0
1.0,1200.0,8.0,1,72,0
1.0,1000.0,12.0,1,72,0
1.0,1000.0,4.0,1,72,0
1.0,1400.0,2.0,1,72,0
1.0,800.0,8.0,1,72,0
1.0,1400.0,6.0,1,72,0
1.0,800.0,4.0,1,72,0
1.0,1400.0,12.0,1,72,0
1.0,1000.0,2.0,1,72,0
1.0,2000.0,2.0,1,72,0
1.0,1600.0,10.0,1,72,0
1.0,1000.0,6.0,1,72,0
1.0,1200.0,2.0,1,72,0
1.0,1400.0,10.0,1,72,0
1.0,1000.0,6.0,1,73,0
1.0,1200.0,10.0,1,73,0
0.0,1800.0,12.0,1,73,0
0.0,1000.0,12.0,1,73,0
1.0,1000.0,4.0,1,73,0
1.0,1400.0,4.0,1,73,0
1.0,1000.0,8.0,1,73,0
0.0,1400.0,12.0,1,73,0
0.0,2000.0,12.0,1,73,0
1.0,1200.0,2.0,1,73,0
0.0,1600.0,12.0,1,73,0
1.0,1800.0,10.0,1,73,0
1.0,1400.0,10.0,1,73,0
1.0,800.0,2.0,1,73,0
1.0,2000.0,10.0,1,73,0
1.0,1600.0,8.0,1,73,0
1.0,1000.0,2.0,1,73,0
1.0,1600.0,6.0,1,73,0
1.0,1800.0,8.0,1,73,0
1.0,1400.0,8.0,1,73,0
1.0,1200.0,8.0,1,73,0
1.0,1000.0,10.0,1,73,0
0.0,800.0,12.0,1,73,0
1.0,1200.0,6.0,1,73,0
0.0,1200.0,12.0,1,73,0
1.0,1200.0,4.0,1,73,0
1.0,800.0,8.0,1,73,0
1.0,800.0,4.0,1,73,0
1.0,1800.0,4.0,1,73,0
1.0,1400.0,6.0,1,73,0
1.0,1600.0,4.0,1,73,0
1.0,1800.0,6.0,1,73,0
1.0,2000.0,4.0,1,73,0
1.0,2000.0,6.0,1,73,0
1.0,1600.0,2.0,1,73,0
1.0,2000.0,2.0,1,73,0
1.0,800.0,6.0,1,73,0
0.0,800.0,10.0,1,73,0
1.0,1400.0,2.0,1,73,0
1.0,1600.0,10.0,1,73,0
1.0,1800.0,2.0,1,73,0
1.0,2000.0,8.0,1,73,0
0.0,1000.0,6.0,0,73,0
0.0,1800.0,12.0,0,73,0
0.0,1400.0,10.0,0,73,0
0.0,1600.0,12.0,0,73,0
1.0,1400.0,2.0,0,73,0
0.0,1600.0,8.0,0,73,0
1.0,2000.0,4.0,0,73,0
0.0,1200.0,10.0,0,73,0
0.0,1600.0,10.0,0,73,0
1.0,1200.0,2.0,0,73,0
0.0,800.0,8.0,0,73,0
0.0,1200.0,8.0,0,73,0
0.0,2000.0,8.0,0,73,0
0.0,1800.0,10.0,0,73,0
0.0,800.0,6.0,0,73,0
1.0,1600.0,4.0,0,73,0
0.0,2000.0,10.0,0,73,0
1.0,1200.0,6.0,0,73,0
1.0,1000.0,4.0,0,73,0
0.0,800.0,10.0,0,73,0
0.0,1200.0,12.0,0,73,0
0.0,1000.0,12.0,0,73,0
0.0,1400.0,8.0,0,73,0
1.0,2000.0,2.0,0,73,0
0.0,2000.0,12.0,0,73,0
1.0,1600.0,2.0,0,73,0
0.0,800.0,12.0,0,73,0
1.0,800.0,4.0,0,73,0
1.0,1800.0,6.0,0,73,0
0.0,1000.0,10.0,0,73,0
0.0,1400.0,12.0,0,73,0
1.0,1400.0,6.0,0,73,0
0.0,1800.0,8.0,0,73,0
1.0,2000.0,6.0,0,73,0
1.0,1200.0,4.0,0,73,0
1.0,800.0,2.0,0,73,0
1.0,1600.0,6.0,0,73,0
0.0,1000.0,8.0,0,73,0
1.0,1000.0,2.0,0,73,0
1.0,1800.0,2.0,0,73,0
1.0,1400.0,4.0,0,73,0
1.0,1800.0,4.0,0,73,0
0.0,1000.0,8.0,0,74,0
1.0,1400.0,6.0,0,74,0
1.0,2000.0,8.0,0,74,0
1.0,1800.0,8.0,0,74,0
0.0,1000.0,4.0,0,74,0
1.0,1000.0,2.0,0,74,0
0.0,1600.0,2.0,0,74,0
0.0,800.0,2.0,0,74,0
1.0,1800.0,2.0,0,74,0
0.0,1000.0,12.0,0,74,0
1.0,1600.0,6.0,0,74,0
1.0,2000.0,12.0,0,74,0
0.0,1400.0,12.0,0,74,0
0.0,1400.0,10.0,0,74,0
1.0,1800.0,12.0,0,74,0
1.0,2000.0,10.0,0,74,0
1.0,1800.0,10.0,0,74,0
1.0,1200.0,4.0,0,74,0
0.0,800.0,12.0,0,74,0
1.0,2000.0,6.0,0,74,0
0.0,800.0,10.0,0,74,0
0.0,1200.0,12.0,0,74,0
0.0,1000.0,6.0,0,74,0
1.0,1600.0,8.0,0,74,0
1.0,1400.0,8.0,0,74,0
1.0,1800.0,6.0,0,74,0
0.0,800.0,6.0,0,74,0
1.0,800.0,4.0,0,74,0
1.0,2000.0,4.0,0,74,0
1.0,1600.0,12.0,0,74,0
1.0,1600.0,10.0,0,74,0
1.0,1200.0,2.0,0,74,0
1.0,1800.0,4.0,0,74,0
1.0,1400.0,4.0,0,74,0
0.0,800.0,8.0,0,74,0
1.0,1200.0,6.0,0,74,0
1.0,1600.0,4.0,0,74,0
1.0,1200.0,10.0,0,74,0
1.0,1400.0,2.0,0,74,0
1.0,1200.0,8.0,0,74,0
1.0,2000.0,2.0,0,74,0
1.0,1000.0,10.0,0,74,0
1.0,1800.0,8.0,1,74,0
1.0,800.0,6.0,1,74,0
1.0,1200.0,8.0,1,74,0
1.0,1400.0,10.0,1,74,0
1.0,1600.0,10.0,1,74,0
1.0,800.0,10.0,1,74,0
1.0,1000.0,6.0,1,74,0
0.0,800.0,12.0,1,74,0
1.0,1800.0,12.0,1,74,0
1.0,2000.0,8.0,1,74,0
1.0,800.0,8.0,1,74,0
1.0,2000.0,12.0,1,74,0
1.0,1600.0,8.0,1,74,0
1.0,1600.0,4.0,1,74,0
1.0,1400.0,2.0,1,74,0
1.0,800.0,4.0,1,74,0
1.0,1600.0,6.0,1,74,0
1.0,1000.0,12.0,1,74,0
1.0,1000.0,8.0,1,74,0
1.0,1000.0,10.0,1,74,0
1.0,1200.0,2.0,1,74,0
1.0,1000.0,4.0,1,74,0
1.0,1200.0,10.0,1,74,0
1.0,1800.0,4.0,1,74,0
1.0,1600.0,12.0,1,74,0
1.0,2000.0,4.0,1,74,0
1.0,800.0,2.0,1,74,0
1.0,1200.0,4.0,1,74,0
1.0,1800.0,2.0,1,74,0
1.0,1800.0,10.0,1,74,0
1.0,1200.0,6.0,1,74,0
1.0,1200.0,12.0,1,74,0
1.0,1400.0,12.0,1,74,0
1.0,2000.0,6.0,1,74,0
1.0,1600.0,2.0,1,74,0
1.0,2000.0,2.0,1,74,0
1.0,1800.0,6.0,1,74,0
1.0,1400.0,4.0,1,74,0
1.0,2000.0,10.0,1,74,0
1.0,1400.0,6.0,1,74,0
1.0,1000.0,2.0,1,74,0
1.0,1400.0,8.0,1,74,0
1.0,800.0,12.0,0,75,1
1.0,1200.0,4.0,0,75,1
1.0,1600.0,10.0,0,75,1
1.0,1400.0,8.0,0,75,1
1.0,1800.0,2.0,0,75,1
1.0,800.0,8.0,0,75,1
1.0,1800.0,10.0,0,75,1
1.0,800.0,4.0,0,75,1
0.0,1400.0,10.0,0,75,1
1.0,1600.0,12.0,0,75,1
0.0,800.0,6.0,0,75,1
1.0,1000.0,4.0,0,75,1
1.0,1400.0,4.0,0,75,1
1.0,2000.0,6.0,0,75,1
1.0,1600.0,4.0,0,75,1
0.0,2000.0,10.0,0,75,1
1.0,800.0,2.0,0,75,1
0.0,1600.0,6.0,0,75,1
1.0,800.0,10.0,0,75,1
0.0,1800.0,4.0,0,75,1
1.0,1600.0,2.0,0,75,1
1.0,1200.0,6.0,0,75,1
1.0,1000.0,2.0,0,75,1
0.0,1000.0,10.0,0,75,1
1.0,1200.0,12.0,0,75,1
1.0,1200.0,10.0,0,75,1
0.0,1400.0,12.0,0,75,1
1.0,2000.0,12.0,0,75,1
0.0,1400.0,2.0,0,75,1
1.0,2000.0,8.0,0,75,1
1.0,1400.0,6.0,0,75,1
1.0,2000.0,4.0,0,75,1
1.0,1800.0,12.0,0,75,1
1.0,1000.0,8.0,0,75,1
1.0,1200.0,8.0,0,75,1
1.0,1000.0,12.0,0,75,1
0.0,1600.0,8.0,0,75,1
1.0,1800.0,8.0,0,75,1
1.0,1200.0,2.0,0,75,1
1.0,2000.0,2.0,0,75,1
1.0,1800.0,6.0,0,75,1
1.0,1000.0,6.0,0,75,1
1.0,1200.0,4.0,1,75,1
1.0,1600.0,12.0,1,75,1
1.0,1800.0,10.0,1,75,1
1.0,1200.0,8.0,1,75,1
1.0,2000.0,8.0,1,75,1
1.0,1400.0,10.0,1,75,1
1.0,2000.0,2.0,1,75,1
1.0,1400.0,4.0,1,75,1
0.0,1600.0,6.0,1,75,1
1.0,1200.0,10.0,1,75,1
1.0,1600.0,4.0,1,75,1
0.0,1200.0,12.0,1,75,1
1.0,1000.0,2.0,1,75,1
0.0,1800.0,6.0,1,75,1
1.0,800.0,2.0,1,75,1
1.0,800.0,10.0,1,75,1
0.0,1800.0,4.0,1,75,1
1.0,800.0,12.0,1,75,1
0.0,1200.0,6.0,1,75,1
1.0,1000.0,8.0,1,75,1
1.0,2000.0,4.0,1,75,1
1.0,2000.0,6.0,1,75,1
1.0,1200.0,2.0,1,75,1
1.0,1400.0,2.0,1,75,1
1.0,1000.0,10.0,1,75,1
1.0,800.0,6.0,1,75,1
0.0,800.0,4.0,1,75,1
1.0,1800.0,12.0,1,75,1
1.0,1800.0,2.0,1,75,1
1.0,800.0,8.0,1,75,1
0.0,1400.0,12.0,1,75,1
1.0,2000.0,12.0,1,75,1
1.0,1600.0,10.0,1,75,1
1.0,1800.0,8.0,1,75,1
1.0,1000.0,4.0,1,75,1
0.0,1600.0,2.0,1,75,1
1.0,1400.0,6.0,1,75,1
1.0,1600.0,8.0,1,75,1
1.0,2000.0,10.0,1,75,1
1.0,1000.0,6.0,1,75,1
1.0,1400.0,8.0,1,75,1
1.0,1000.0,12.0,1,75,1
1.0,1200.0,8.0,1,76,1
0.0,1600.0,10.0,1,76,1
0.0,1600.0,12.0,1,76,1
0.0,800.0,8.0,1,76,1
1.0,1200.0,2.0,1,76,1
1.0,1400.0,10.0,1,76,1
1.0,1800.0,6.0,1,76,1
1.0,1400.0,2.0,1,76,1
1.0,2000.0,12.0,1,76,1
1.0,800.0,6.0,1,76,1
1.0,1600.0,8.0,1,76,1
1.0,1600.0,6.0,1,76,1
1.0,1000.0,6.0,1,76,1
1.0,800.0,10.0,1,76,1
1.0,1600.0,2.0,1,76,1
1.0,2000.0,6.0,1,76,1
1.0,1200.0,10.0,1,76,1
1.0,800.0,4.0,1,76,1
1.0,1400.0,8.0,1,76,1
1.0,1200.0,4.0,1,76,1
1.0,1800.0,4.0,1,76,1
0.0,1200.0,12.0,1,76,1
0.0,800.0,12.0,1,76,1
1.0,2000.0,8.0,1,76,1
1.0,2000.0,2.0,1,76,1
1.0,1000.0,4.0,1,76,1
1.0,2000.0,4.0,1,76,1
1.0,2000.0,10.0,1,76,1
1.0,1400.0,4.0,1,76,1
1.0,1400.0,12.0,1,76,1
1.0,1800.0,2.0,1,76,1
1.0,1800.0,10.0,1,76,1
1.0,1600.0,4.0,1,76,1
0.0,1000.0,12.0,1,76,1
1.0,1000.0,8.0,1,76,1
1.0,1800.0,8.0,1,76,1
1.0,1800.0,12.0,1,76,1
1.0,1000.0,2.0,1,76,1
0.0,1000.0,10.0,1,76,1
1.0,1400.0,6.0,1,76,1
1.0,800.0,2.0,1,76,1
1.0,1200.0,6.0,1,76,1
1.0,800.0,12.0,0,76,1
1.0,1600.0,2.0,0,76,1
1.0,1000.0,4.0,0,76,1
1.0,2000.0,2.0,0,76,1
1.0,1200.0,2.0,0,76,1
1.0,1400.0,12.0,0,76,1
1.0,1800.0,8.0,0,76,1
1.0,1400.0,6.0,0,76,1
1.0,800.0,8.0,0,76,1
1.0,1200.0,6.0,0,76,1
1.0,1400.0,10.0,0,76,1
1.0,1600.0,8.0,0,76,1
1.0,1600.0,12.0,0,76,1
1.0,1200.0,10.0,0,76,1
1.0,1000.0,2.0,0,76,1
1.0,1600.0,10.0,0,76,1
1.0,1800.0,4.0,0,76,1
1.0,2000.0,8.0,0,76,1
1.0,1000.0,10.0,0,76,1
1.0,800.0,10.0,0,76,1
1.0,1000.0,6.0,0,76,1
1.0,1800.0,6.0,0,76,1
1.0,1600.0,4.0,0,76,1
1.0,1400.0,4.0,0,76,1
1.0,1800.0,2.0,0,76,1
1.0,1600.0,6.0,0,76,1
1.0,2000.0,4.0,0,76,1
1.0,1000.0,8.0,0,76,1
1.0,1400.0,2.0,0,76,1
1.0,1800.0,10.0,0,76,1
1.0,800.0,2.0,0,76,1
1.0,1200.0,4.0,0,76,1
1.0,2000.0,12.0,0,76,1
1.0,1400.0,8.0,0,76,1
1.0,1200.0,8.0,0,76,1
1.0,1000.0,12.0,0,76,1
1.0,1800.0,12.0,0,76,1
1.0,2000.0,10.0,0,76,1
1.0,800.0,4.0,0,76,1
1.0,2000.0,6.0,0,76,1
1.0,1200.0,12.0,0,76,1
1.0,800.0,6.0,0,76,1
0.0,1800.0,6.0,0,77,0
0.0,1800.0,8.0,0,77,0
0.0,1200.0,6.0,0,77,0
1.0,1600.0,4.0,0,77,0
0.0,1400.0,6.0,0,77,0
1.0,1400.0,2.0,0,77,0
0.0,1600.0,8.0,0,77,0
0.0,1200.0,8.0,0,77,0
1.0,1600.0,2.0,0,77,0
1.0,1400.0,4.0,0,77,0
1.0,1200.0,2.0,0,77,0
0.0,1200.0,12.0,0,77,0
0.0,800.0,8.0,0,77,0
1.0,2000.0,10.0,0,77,0
0.0,1600.0,10.0,0,77,0
1.0,1000.0,2.0,0,77,0
1.0,2000.0,2.0,0,77,0
0.0,2000.0,12.0,0,77,0
0.0,1600.0,12.0,0,77,0
0.0,800.0,12.0,0,77,0
0.0,1800.0,10.0,0,77,0
1.0,1800.0,2.0,0,77,0
0.0,1000.0,12.0,0,77,0
0.0,1800.0,12.0,0,77,0
0.0,800.0,6.0,0,77,0
1.0,2000.0,8.0,0,77,0
1.0,2000.0,4.0,0,77,0
0.0,1000.0,8.0,0,77,0
0.0,1400.0,8.0,0,77,0
0.0,1400.0,10.0,0,77,0
0.0,1000.0,6.0,0,77,0
1.0,800.0,2.0,0,77,0
1.0,1800.0,4.0,0,77,0
1.0,800.0,4.0,0,77,0
1.0,1200.0,4.0,0,77,0
0.0,1600.0,6.0,0,77,0
1.0,2000.0,6.0,0,77,0
0.0,800.0,10.0,0,77,0
0.0,1400.0,12.0,0,77,0
1.0,1000.0,4.0,0,77,0
0.0,1000.0,10.0,0,77,0
0.0,1200.0,10.0,0,77,0
0.0,800.0,8.0,1,77,0
0.0,1200.0,12.0,1,77,0
0.0,1400.0,12.0,1,77,0
0.0,1400.0,8.0,1,77,0
1.0,1400.0,2.0,1,77,0
1.0,2000.0,6.0,1,77,0
0.0,800.0,6.0,1,77,0
1.0,1800.0,6.0,1,77,0
1.0,1000.0,6.0,1,77,0
1.0,1400.0,4.0,1,77,0
0.0,800.0,2.0,1,77,0
1.0,1000.0,4.0,1,77,0
1.0,2000.0,4.0,1,77,0
1.0,1400.0,6.0,1,77,0
0.0,1800.0,12.0,1,77,0
0.0,1200.0,10.0,1,77,0
0.0,2000.0,12.0,1,77,0
0.0,1000.0,8.0,1,77,0
0.0,1000.0,12.0,1,77,0
1.0,1000.0,2.0,1,77,0
0.0,1800.0,8.0,1,77,0
0.0,2000.0,8.0,1,77,0
0.0,1200.0,6.0,1,77,0
0.0,2000.0,10.0,1,77,0
1.0,1800.0,4.0,1,77,0
1.0,1200.0,2.0,1,77,0
0.0,800.0,10.0,1,77,0
0.0,1600.0,6.0,1,77,0
0.0,1000.0,10.0,1,77,0
0.0,800.0,12.0,1,77,0
1.0,1200.0,4.0,1,77,0
1.0,1800.0,2.0,1,77,0
1.0,1600.0,2.0,1,77,0
0.0,1800.0,10.0,1,77,0
1.0,1600.0,4.0,1,77,0
0.0,1600.0,12.0,1,77,0
0.0,1200.0,8.0,1,77,0
0.0,1400.0,10.0,1,77,0
0.0,1600.0,10.0,1,77,0
1.0,2000.0,2.0,1,77,0
0.0,1600.0,8.0,1,77,0
0.0,800.0,4.0,1,77,0
1.0,800.0,2.0,1,78,0
1.0,1200.0,10.0,1,78,0
1.0,800.0,10.0,1,78,0
1.0,1000.0,6.0,1,78,0
1.0,800.0,8.0,1,78,0
1.0,1800.0,2.0,1,78,0
1.0,2000.0,4.0,1,78,0
1.0,1800.0,8.0,1,78,0
1.0,1400.0,6.0,1,78,0
1.0,1600.0,8.0,1,78,0
1.0,1400.0,12.0,1,78,0
1.0,1000.0,4.0,1,78,0
1.0,1400.0,4.0,1,78,0
1.0,1000.0,2.0,1,78,0
1.0,1000.0,10.0,1,78,0
1.0,1200.0,6.0,1,78,0
1.0,800.0,6.0,1,78,0
1.0,1200.0,2.0,1,78,0
1.0,1200.0,4.0,1,78,0
1.0,2000.0,6.0,1,78,0
1.0,1800.0,10.0,1,78,0
1.0,800.0,12.0,1,78,0
1.0,1400.0,8.0,1,78,0
1.0,1800.0,4.0,1,78,0
1.0,800.0,4.0,1,78,0
1.0,1200.0,12.0,1,78,0
1.0,1600.0,12.0,1,78,0
1.0,1200.0,8.0,1,78,0
1.0,1400.0,10.0,1,78,0
1.0,2000.0,10.0,1,78,0
1.0,1600.0,10.0,1,78,0
1.0,2000.0,2.0,1,78,0
1.0,2000.0,8.0,1,78,0
1.0,2000.0,12.0,1,78,0
1.0,1400.0,2.0,1,78,0
1.0,1800.0,12.0,1,78,0
1.0,1000.0,12.0,1,78,0
1.0,1600.0,2.0,1,78,0
1.0,1600.0,4.0,1,78,0
1.0,1800.0,6.0,1,78,0
1.0,1600.0,6.0,1,78,0
1.0,1000.0,8.0,1,78,0
1.0,2000.0,12.0,0,78,0
1.0,1800.0,12.0,0,78,0
1.0,1400.0,2.0,0,78,0
1.0,1400.0,6.0,0,78,0
1.0,1800.0,6.0,0,78,0
1.0,1600.0,8.0,0,78,0
1.0,1200.0,6.0,0,78,0
1.0,1000.0,8.0,0,78,0
1.0,800.0,6.0,0,78,0
1.0,2000.0,4.0,0,78,0
1.0,1000.0,10.0,0,78,0
1.0,1000.0,6.0,0,78,0
1.0,800.0,2.0,0,78,0
1.0,1800.0,4.0,0,78,0
1.0,1200.0,4.0,0,78,0
1.0,800.0,12.0,0,78,0
1.0,1200.0,8.0,0,78,0
1.0,800.0,8.0,0,78,0
1.0,1400.0,4.0,0,78,0
1.0,1400.0,8.0,0,78,0
1.0,1400.0,10.0,0,78,0
1.0,1600.0,2.0,0,78,0
1.0,800.0,10.0,0,78,0
1.0,1200.0,2.0,0,78,0
1.0,2000.0,6.0,0,78,0
1.0,1200.0,10.0,0,78,0
1.0,1600.0,10.0,0,78,0
1.0,2000.0,10.0,0,78,0
1.0,1000.0,2.0,0,78,0
1.0,1000.0,12.0,0,78,0
1.0,2000.0,8.0,0,78,0
1.0,2000.0,2.0,0,78,0
1.0,1600.0,6.0,0,78,0
1.0,1600.0,12.0,0,78,0
1.0,1600.0,4.0,0,78,0
1.0,800.0,4.0,0,78,0
1.0,1800.0,2.0,0,78,0
1.0,1200.0,12.0,0,78,0
1.0,1800.0,8.0,0,78,0
1.0,1400.0,12.0,0,78,0
1.0,1000.0,4.0,0,78,0
1.0,1800.0,10.0,0,78,0
1.0,1600.0,8.0,0,79,1
1.0,800.0,6.0,0,79,1
1.0,1800.0,2.0,0,79,1
1.0,1200.0,10.0,0,79,1
1.0,1400.0,10.0,0,79,1
1.0,1800.0,4.0,0,79,1
1.0,2000.0,10.0,0,79,1
1.0,1200.0,12.0,0,79,1
1.0,1600.0,12.0,0,79,1
1.0,1400.0,6.0,0,79,1
0.0,800.0,12.0,0,79,1
1.0,1200.0,2.0,0,79,1
1.0,1600.0,10.0,0,79,1
1.0,1400.0,8.0,0,79,1
1.0,800.0,10.0,0,79,1
1.0,2000.0,12.0,0,79,1
1.0,1200.0,8.0,0,79,1
1.0,1000.0,2.0,0,79,1
1.0,1800.0,10.0,0,79,1
1.0,800.0,4.0,0,79,1
1.0,1800.0,8.0,0,79,1
1.0,1400.0,4.0,0,79,1
1.0,1800.0,6.0,0,79,1
1.0,1000.0,8.0,0,79,1
1.0,1600.0,4.0,0,79,1
1.0,1800.0,12.0,0,79,1
1.0,800.0,2.0,0,79,1
1.0,1000.0,4.0,0,79,1
1.0,1000.0,6.0,0,79,1
1.0,1400.0,2.0,0,79,1
1.0,1000.0,12.0,0,79,1
1.0,1600.0,2.0,0,79,1
1.0,2000.0,2.0,0,79,1
1.0,1000.0,10.0,0,79,1
1.0,1200.0,4.0,0,79,1
1.0,2000.0,4.0,0,79,1
1.0,800.0,8.0,0,79,1
1.0,1400.0,12.0,0,79,1
1.0,1200.0,6.0,0,79,1
1.0,2000.0,8.0,0,79,1
1.0,2000.0,6.0,0,79,1
1.0,1600.0,6.0,0,79,1
1.0,1200.0,6.0,1,79,1
1.0,1400.0,2.0,1,79,1
1.0,1400.0,4.0,1,79,1
1.0,1000.0,10.0,1,79,1
1.0,800.0,10.0,1,79,1
1.0,2000.0,10.0,1,79,1
1.0,2000.0,2.0,1,79,1
1.0,1000.0,6.0,1,79,1
1.0,1000.0,2.0,1,79,1
1.0,2000.0,4.0,1,79,1
1.0,1200.0,4.0,1,79,1
1.0,1800.0,8.0,1,79,1
1.0,1800.0,2.0,1,79,1
1.0,1800.0,10.0,1,79,1
1.0,1600.0,2.0,1,79,1
1.0,800.0,8.0,1,79,1
1.0,1400.0,12.0,1,79,1
1.0,1400.0,8.0,1,79,1
1.0,1400.0,6.0,1,79,1
1.0,1800.0,12.0,1,79,1
1.0,1600.0,8.0,1,79,1
1.0,800.0,12.0,1,79,1
1.0,1600.0,10.0,1,79,1
1.0,2000.0,6.0,1,79,1
1.0,1200.0,8.0,1,79,1
1.0,1600.0,6.0,1,79,1
1.0,1000.0,4.0,1,79,1
1.0,800.0,4.0,1,79,1
1.0,1200.0,2.0,1,79,1
1.0,1800.0,4.0,1,79,1
1.0,800.0,2.0,1,79,1
1.0,1200.0,12.0,1,79,1
1.0,1600.0,12.0,1,79,1
1.0,2000.0,12.0,1,79,1
1.0,1000.0,8.0,1,79,1
1.0,1600.0,4.0,1,79,1
1.0,800.0,6.0,1,79,1
1.0,2000.0,8.0,1,79,1
1.0,1800.0,6.0,1,79,1
1.0,1000.0,12.0,1,79,1
1.0,1200.0,10.0,1,79,1
1.0,1400.0,10.0,1,79,1
0.0,1400.0,6.0,0,80,0
0.0,2000.0,10.0,0,80,0
0.0,800.0,2.0,0,80,0
0.0,1000.0,2.0,0,80,0
0.0,1800.0,12.0,0,80,0
0.0,1800.0,8.0,0,80,0
0.0,800.0,8.0,0,80,0
0.0,1200.0,6.0,0,80,0
0.0,2000.0,2.0,0,80,0
0.0,2000.0,12.0,0,80,0
0.0,800.0,10.0,0,80,0
0.0,1200.0,2.0,0,80,0
0.0,1400.0,8.0,0,80,0
0.0,1400.0,12.0,0,80,0
0.0,1600.0,8.0,0,80,0
0.0,1000.0,12.0,0,80,0
0.0,1400.0,10.0,0,80,0
0.0,1800.0,4.0,0,80,0
0.0,1200.0,8.0,0,80,0
0.0,2000.0,4.0,0,80,0
0.0,1000.0,6.0,0,80,0
0.0,800.0,6.0,0,80,0
0.0,1000.0,8.0,0,80,0
0.0,1000.0,10.0,0,80,0
0.0,1400.0,2.0,0,80,0
0.0,1600.0,2.0,0,80,0
0.0,1400.0,4.0,0,80,0
0.0,2000.0,8.0,0,80,0
0.0,1800.0,10.0,0,80,0
0.0,1200.0,4.0,0,80,0
0.0,1200.0,10.0,0,80,0
0.0,1800.0,6.0,0,80,0
0.0,2000.0,6.0,0,80,0
0.0,800.0,4.0,0,80,0
0.0,1600.0,6.0,0,80,0
0.0,1000.0,4.0,0,80,0
0.0,1600.0,4.0,0,80,0
0.0,1200.0,12.0,0,80,0
0.0,1600.0,12.0,0,80,0
0.0,800.0,12.0,0,80,0
0.0,1600.0,10.0,0,80,0
0.0,1800.0,2.0,0,80,0
0.0,1600.0,4.0,1,80,0
0.0,800.0,2.0,1,80,0
0.0,2000.0,10.0,1,80,0
0.0,1600.0,8.0,1,80,0
0.0,1200.0,2.0,1,80,0
0.0,800.0,12.0,1,80,0
0.0,1000.0,4.0,1,80,0
0.0,1400.0,10.0,1,80,0
0.0,1400.0,8.0,1,80,0
0.0,1800.0,10.0,1,80,0
0.0,1000.0,2.0,1,80,0
0.0,1800.0,8.0,1,80,0
0.0,1000.0,12.0,1,80,0
0.0,1200.0,6.0,1,80,0
0.0,1200.0,12.0,1,80,0
0.0,800.0,10.0,1,80,0
0.0,800.0,8.0,1,80,0
0.0,1800.0,6.0,1,80,0
0.0,1400.0,4.0,1,80,0
0.0,2000.0,2.0,1,80,0
0.0,1200.0,10.0,1,80,0
0.0,800.0,6.0,1,80,0
0.0,1000.0,8.0,1,80,0
0.0,2000.0,8.0,1,80,0
0.0,1000.0,10.0,1,80,0
0.0,1800.0,2.0,1,80,0
0.0,800.0,4.0,1,80,0
0.0,1400.0,2.0,1,80,0
0.0,1600.0,10.0,1,80,0
0.0,1600.0,2.0,1,80,0
0.0,1400.0,6.0,1,80,0
0.0,2000.0,4.0,1,80,0
0.0,1200.0,8.0,1,80,0
0.0,1600.0,12.0,1,80,0
0.0,1600.0,6.0,1,80,0
0.0,1800.0,12.0,1,80,0
0.0,1000.0,6.0,1,80,0
0.0,1200.0,4.0,1,80,0
0.0,2000.0,12.0,1,80,0
0.0,1800.0,4.0,1,80,0
0.0,1400.0,12.0,1,80,0
0.0,2000.0,6.0,1,80,0
0.0,1200.0,8.0,1,81,1
0.0,1800.0,8.0,1,81,1
0.0,1600.0,8.0,1,81,1
0.0,1400.0,4.0,1,81,1
0.0,1600.0,12.0,1,81,1
0.0,1000.0,4.0,1,81,1
0.0,1800.0,4.0,1,81,1
0.0,1200.0,4.0,1,81,1
0.0,800.0,12.0,1,81,1
0.0,1400.0,12.0,1,81,1
0.0,1400.0,2.0,1,81,1
0.0,800.0,6.0,1,81,1
0.0,1600.0,10.0,1,81,1
0.0,1400.0,8.0,1,81,1
0.0,1000.0,12.0,1,81,1
0.0,2000.0,6.0,1,81,1
0.0,2000.0,10.0,1,81,1
0.0,1200.0,10.0,1,81,1
0.0,1800.0,2.0,1,81,1
0.0,1200.0,12.0,1,81,1
0.0,2000.0,12.0,1,81,1
0.0,800.0,10.0,1,81,1
0.0,2000.0,4.0,1,81,1
0.0,800.0,2.0,1,81,1
0.0,1800.0,10.0,1,81,1
0.0,1800.0,6.0,1,81,1
0.0,2000.0,8.0,1,81,1
0.0,1000.0,10.0,1,81,1
0.0,1000.0,2.0,1,81,1
0.0,1400.0,10.0,1,81,1
0.0,1000.0,6.0,1,81,1
0.0,1400.0,6.0,1,81,1
0.0,800.0,8.0,1,81,1
0.0,1600.0,4.0,1,81,1
0.0,1800.0,12.0,1,81,1
0.0,1200.0,6.0,1,81,1
0.0,1600.0,6.0,1,81,1
0.0,1000.0,8.0,1,81,1
0.0,2000.0,2.0,1,81,1
0.0,1600.0,2.0,1,81,1
0.0,1200.0,2.0,1,81,1
0.0,800.0,4.0,1,81,1
0.0,1200.0,12.0,0,81,1
0.0,800.0,12.0,0,81,1
0.0,800.0,2.0,0,81,1
0.0,2000.0,12.0,0,81,1
0.0,1600.0,8.0,0,81,1
0.0,1000.0,8.0,0,81,1
0.0,1200.0,4.0,0,81,1
0.0,1600.0,2.0,0,81,1
0.0,1800.0,12.0,0,81,1
0.0,1600.0,6.0,0,81,1
0.0,2000.0,10.0,0,81,1
0.0,2000.0,6.0,0,81,1
0.0,800.0,4.0,0,81,1
0.0,1800.0,10.0,0,81,1
0.0,1200.0,6.0,0,81,1
0.0,2000.0,8.0,0,81,1
0.0,2000.0,4.0,0,81,1
0.0,1400.0,10.0,0,81,1
0.0,1000.0,12.0,0,81,1
0.0,1000.0,4.0,0,81,1
0.0,1000.0,2.0,0,81,1
0.0,1400.0,2.0,0,81,1
0.0,1400.0,8.0,0,81,1
0.0,1400.0,4.0,0,81,1
0.0,1600.0,4.0,0,81,1
0.0,1200.0,2.0,0,81,1
0.0,1400.0,6.0,0,81,1
0.0,1800.0,4.0,0,81,1
0.0,1600.0,12.0,0,81,1
0.0,1200.0,10.0,0,81,1
0.0,1800.0,6.0,0,81,1
0.0,1200.0,8.0,0,81,1
0.0,800.0,6.0,0,81,1
0.0,800.0,10.0,0,81,1
0.0,1800.0,8.0,0,81,1
0.0,1000.0,6.0,0,81,1
0.0,1400.0,12.0,0,81,1
0.0,1800.0,2.0,0,81,1
0.0,1000.0,10.0,0,81,1
0.0,1600.0,10.0,0,81,1
0.0,800.0,8.0,0,81,1
0.0,2000.0,2.0,0,81,1
1.0,1200.0,8.0,0,82,0
1.0,2000.0,12.0,0,82,0
1.0,800.0,10.0,0,82,0
1.0,1200.0,4.0,0,82,0
1.0,1200.0,10.0,0,82,0
1.0,1000.0,10.0,0,82,0
1.0,800.0,2.0,0,82,0
1.0,800.0,8.0,0,82,0
1.0,1200.0,2.0,0,82,0
1.0,1800.0,4.0,0,82,0
1.0,2000.0,10.0,0,82,0
1.0,1400.0,10.0,0,82,0
1.0,1400.0,2.0,0,82,0
1.0,1000.0,2.0,0,82,0
1.0,800.0,12.0,0,82,0
1.0,1600.0,2.0,0,82,0
1.0,1000.0,4.0,0,82,0
1.0,1600.0,10.0,0,82,0
1.0,1600.0,6.0,0,82,0
1.0,1000.0,12.0,0,82,0
1.0,1000.0,6.0,0,82,0
1.0,2000.0,8.0,0,82,0
1.0,1600.0,4.0,0,82,0
1.0,1800.0,10.0,0,82,0
1.0,1000.0,8.0,0,82,0
1.0,1800.0,2.0,0,82,0
1.0,1800.0,6.0,0,82,0
1.0,800.0,4.0,0,82,0
1.0,2000.0,4.0,0,82,0
1.0,2000.0,2.0,0,82,0
1.0,1800.0,8.0,0,82,0
1.0,1400.0,4.0,0,82,0
1.0,1400.0,8.0,0,82,0
1.0,800.0,6.0,0,82,0
1.0,1400.0,12.0,0,82,0
1.0,1600.0,12.0,0,82,0
1.0,1200.0,12.0,0,82,0
1.0,1400.0,6.0,0,82,0
1.0,1200.0,6.0,0,82,0
1.0,2000.0,6.0,0,82,0
1.0,1600.0,8.0,0,82,0
1.0,1800.0,12.0,0,82,0
1.0,1000.0,12.0,1,82,0
1.0,1800.0,10.0,1,82,0
1.0,2000.0,8.0,1,82,0
1.0,1800.0,4.0,1,82,0
1.0,1200.0,8.0,1,82,0
1.0,1800.0,6.0,1,82,0
1.0,2000.0,4.0,1,82,0
1.0,800.0,12.0,1,82,0
1.0,1400.0,12.0,1,82,0
1.0,2000.0,12.0,1,82,0
1.0,1400.0,10.0,1,82,0
1.0,1200.0,10.0,1,82,0
1.0,1600.0,10.0,1,82,0
1.0,1400.0,2.0,1,82,0
1.0,800.0,8.0,1,82,0
1.0,1800.0,12.0,1,82,0
1.0,1400.0,4.0,1,82,0
1.0,1600.0,12.0,1,82,0
1.0,1000.0,8.0,1,82,0
1.0,1600.0,6.0,1,82,0
1.0,800.0,6.0,1,82,0
1.0,1000.0,4.0,1,82,0
1.0,1800.0,8.0,1,82,0
1.0,1200.0,4.0,1,82,0
1.0,2000.0,6.0,1,82,0
1.0,800.0,4.0,1,82,0
1.0,1000.0,2.0,1,82,0
1.0,1800.0,2.0,1,82,0
1.0,1200.0,2.0,1,82,0
1.0,1600.0,2.0,1,82,0
1.0,1600.0,8.0,1,82,0
1.0,1200.0,12.0,1,82,0
1.0,1400.0,6.0,1,82,0
1.0,800.0,2.0,1,82,0
1.0,1000.0,10.0,1,82,0
1.0,2000.0,10.0,1,82,0
1.0,2000.0,2.0,1,82,0
1.0,800.0,10.0,1,82,0
1.0,1000.0,6.0,1,82,0
1.0,1400.0,8.0,1,82,0
1.0,1600.0,4.0,1,82,0
1.0,1200.0,6.0,1,82,0
1.0,1400.0,2.0,0,83,1
1.0,1400.0,4.0,0,83,1
1.0,1200.0,2.0,0,83,1
1.0,2000.0,2.0,0,83,1
1.0,1600.0,2.0,0,83,1
1.0,1200.0,6.0,0,83,1
1.0,800.0,6.0,0,83,1
1.0,1400.0,8.0,0,83,1
1.0,1600.0,10.0,0,83,1
1.0,800.0,12.0,0,83,1
1.0,1200.0,12.0,0,83,1
1.0,800.0,8.0,0,83,1
1.0,1600.0,4.0,0,83,1
1.0,1800.0,12.0,0,83,1
1.0,800.0,4.0,0,83,1
1.0,800.0,2.0,0,83,1
1.0,1400.0,12.0,0,83,1
1.0,1000.0,2.0,0,83,1
1.0,1000.0,12.0,0,83,1
1.0,1800.0,10.0,0,83,1
1.0,1800.0,6.0,0,83,1
1.0,1200.0,10.0,0,83,1
1.0,1000.0,10.0,0,83,1
1.0,1000.0,4.0,0,83,1
1.0,1200.0,4.0,0,83,1
1.0,2000.0,6.0,0,83,1
1.0,2000.0,4.0,0,83,1
1.0,1000.0,6.0,0,83,1
1.0,1200.0,8.0,0,83,1
1.0,1000.0,8.0,0,83,1
1.0,1800.0,8.0,0,83,1
1.0,1800.0,4.0,0,83,1
1.0,2000.0,10.0,0,83,1
1.0,1600.0,6.0,0,83,1
1.0,1400.0,10.0,0,83,1
1.0,1400.0,6.0,0,83,1
1.0,1600.0,8.0,0,83,1
1.0,2000.0,8.0,0,83,1
1.0,800.0,10.0,0,83,1
1.0,2000.0,12.0,0,83,1
1.0,1600.0,12.0,0,83,1
1.0,1800.0,2.0,0,83,1
1.0,1200.0,12.0,1,83,1
1.0,1400.0,2.0,1,83,1
1.0,1400.0,4.0,1,83,1
1.0,1800.0,6.0,1,83,1
1.0,1600.0,12.0,1,83,1
1.0,1200.0,8.0,1,83,1
1.0,1400.0,6.0,1,83,1
1.0,1200.0,4.0,1,83,1
1.0,800.0,12.0,1,83,1
1.0,2000.0,2.0,1,83,1
1.0,1400.0,12.0,1,83,1
1.0,800.0,10.0,1,83,1
1.0,1800.0,4.0,1,83,1
1.0,1800.0,8.0,1,83,1
1.0,1200.0,2.0,1,83,1
1.0,1600.0,10.0,1,83,1
1.0,1200.0,10.0,1,83,1
1.0,1600.0,6.0,1,83,1
1.0,1000.0,8.0,1,83,1
1.0,2000.0,6.0,1,83,1
1.0,2000.0,10.0,1,83,1
1.0,800.0,8.0,1,83,1
1.0,1800.0,2.0,1,83,1
1.0,2000.0,12.0,1,83,1
1.0,1600.0,2.0,1,83,1
1.0,1400.0,10.0,1,83,1
1.0,1000.0,6.0,1,83,1
1.0,1600.0,8.0,1,83,1
1.0,1800.0,12.0,1,83,1
1.0,1400.0,8.0,1,83,1
1.0,1000.0,10.0,1,83,1
1.0,800.0,4.0,1,83,1
1.0,2000.0,4.0,1,83,1
1.0,800.0,6.0,1,83,1
1.0,1200.0,6.0,1,83,1
1.0,1000.0,2.0,1,83,1
1.0,1800.0,10.0,1,83,1
1.0,1600.0,4.0,1,83,1
1.0,800.0,2.0,1,83,1
1.0,1000.0,12.0,1,83,1
1.0,1000.0,4.0,1,83,1
1.0,2000.0,8.0,1,83,1
1.0,1000.0,12.0,0,84,0
1.0,1400.0,8.0,0,84,0
1.0,1600.0,10.0,0,84,0
1.0,2000.0,2.0,0,84,0
1.0,2000.0,6.0,0,84,0
0.0,800.0,12.0,0,84,0
1.0,1800.0,12.0,0,84,0
1.0,1600.0,2.0,0,84,0
1.0,1200.0,12.0,0,84,0
1.0,1000.0,4.0,0,84,0
1.0,1400.0,10.0,0,84,0
1.0,1400.0,4.0,0,84,0
1.0,1600.0,6.0,0,84,0
1.0,1600.0,4.0,0,84,0
1.0,1600.0,8.0,0,84,0
1.0,2000.0,8.0,0,84,0
1.0,1000.0,6.0,0,84,0
1.0,800.0,10.0,0,84,0
1.0,1800.0,4.0,0,84,0
1.0,1800.0,8.0,0,84,0
1.0,1400.0,6.0,0,84,0
1.0,1200.0,10.0,0,84,0
1.0,1000.0,2.0,0,84,0
1.0,2000.0,10.0,0,84,0
1.0,1400.0,12.0,0,84,0
1.0,1200.0,6.0,0,84,0
1.0,1000.0,8.0,0,84,0
1.0,2000.0,4.0,0,84,0
1.0,800.0,6.0,0,84,0
1.0,1200.0,4.0,0,84,0
1.0,1400.0,2.0,0,84,0
1.0,1200.0,8.0,0,84,0
1.0,1200.0,2.0,0,84,0
1.0,2000.0,12.0,0,84,0
1.0,800.0,2.0,0,84,0
1.0,800.0,4.0,0,84,0
1.0,1800.0,2.0,0,84,0
1.0,1800.0,6.0,0,84,0
1.0,800.0,8.0,0,84,0
1.0,1800.0,10.0,0,84,0
1.0,1600.0,12.0,0,84,0
1.0,1000.0,10.0,0,84,0
1.0,2000.0,8.0,1,84,0
1.0,2000.0,2.0,1,84,0
1.0,1600.0,6.0,1,84,0
1.0,1000.0,6.0,1,84,0
1.0,2000.0,6.0,1,84,0
1.0,1400.0,6.0,1,84,0
1.0,1400.0,4.0,1,84,0
1.0,1200.0,4.0,1,84,0
1.0,1800.0,8.0,1,84,0
1.0,1800.0,4.0,1,84,0
1.0,1800.0,12.0,1,84,0
1.0,800.0,2.0,1,84,0
1.0,1400.0,10.0,1,84,0
1.0,2000.0,12.0,1,84,0
1.0,1600.0,10.0,1,84,0
1.0,800.0,6.0,1,84,0
1.0,1800.0,10.0,1,84,0
1.0,2000.0,4.0,1,84,0
1.0,1000.0,10.0,1,84,0
1.0,1200.0,8.0,1,84,0
1.0,1200.0,6.0,1,84,0
1.0,1200.0,10.0,1,84,0
1.0,1400.0,12.0,1,84,0
1.0,1400.0,8.0,1,84,0
1.0,2000.0,10.0,1,84,0
1.0,800.0,10.0,1,84,0
1.0,800.0,4.0,1,84,0
1.0,800.0,12.0,1,84,0
1.0,1800.0,2.0,1,84,0
1.0,1000.0,8.0,1,84,0
1.0,1000.0,4.0,1,84,0
1.0,1400.0,2.0,1,84,0
1.0,1200.0,2.0,1,84,0
1.0,1600.0,2.0,1,84,0
1.0,1000.0,12.0,1,84,0
1.0,1600.0,12.0,1,84,0
1.0,800.0,8.0,1,84,0
1.0,1600.0,4.0,1,84,0
1.0,1000.0,2.0,1,84,0
1.0,1200.0,12.0,1,84,0
1.0,1600.0,8.0,1,84,0
1.0,1800.0,6.0,1,84,0
1.0,800.0,12.0,1,85,1
1.0,1600.0,10.0,1,85,1
1.0,1400.0,4.0,1,85,1
1.0,1400.0,2.0,1,85,1
1.0,1200.0,12.0,1,85,1
1.0,1000.0,12.0,1,85,1
1.0,1800.0,2.0,1,85,1
1.0,1000.0,2.0,1,85,1
1.0,800.0,2.0,1,85,1
1.0,2000.0,12.0,1,85,1
1.0,2000.0,4.0,1,85,1
1.0,1600.0,8.0,1,85,1
1.0,1200.0,4.0,1,85,1
1.0,1400.0,12.0,1,85,1
1.0,800.0,10.0,1,85,1
1.0,1600.0,4.0,1,85,1
1.0,1800.0,6.0,1,85,1
1.0,1000.0,10.0,1,85,1
1.0,2000.0,8.0,1,85,1
1.0,1800.0,12.0,1,85,1
1.0,1200.0,6.0,1,85,1
1.0,800.0,8.0,1,85,1
1.0,800.0,4.0,1,85,1
1.0,1800.0,4.0,1,85,1
1.0,2000.0,6.0,1,85,1
1.0,1000.0,6.0,1,85,1
1.0,1200.0,8.0,1,85,1
1.0,1600.0,2.0,1,85,1
1.0,1200.0,10.0,1,85,1
1.0,800.0,6.0,1,85,1
1.0,2000.0,2.0,1,85,1
1.0,1800.0,8.0,1,85,1
1.0,1800.0,10.0,1,85,1
1.0,1000.0,4.0,1,85,1
1.0,1400.0,6.0,1,85,1
1.0,1600.0,12.0,1,85,1
1.0,1200.0,2.0,1,85,1
1.0,1600.0,6.0,1,85,1
1.0,2000.0,10.0,1,85,1
1.0,1000.0,8.0,1,85,1
1.0,1400.0,8.0,1,85,1
1.0,1400.0,10.0,1,85,1
1.0,800.0,2.0,0,85,1
1.0,1400.0,6.0,0,85,1
1.0,1000.0,8.0,0,85,1
1.0,800.0,4.0,0,85,1
1.0,1400.0,2.0,0,85,1
1.0,1600.0,6.0,0,85,1
1.0,1600.0,12.0,0,85,1
1.0,1200.0,8.0,0,85,1
1.0,2000.0,12.0,0,85,1
1.0,1000.0,6.0,0,85,1
1.0,1800.0,8.0,0,85,1
1.0,800.0,6.0,0,85,1
1.0,2000.0,10.0,0,85,1
1.0,1400.0,4.0,0,85,1
1.0,1800.0,2.0,0,85,1
1.0,1000.0,12.0,0,85,1
1.0,1200.0,10.0,0,85,1
1.0,800.0,12.0,0,85,1
1.0,1400.0,10.0,0,85,1
1.0,1600.0,10.0,0,85,1
1.0,2000.0,8.0,0,85,1
1.0,2000.0,4.0,0,85,1
1.0,1800.0,4.0,0,85,1
1.0,1800.0,12.0,0,85,1
1.0,1600.0,4.0,0,85,1
1.0,1200.0,6.0,0,85,1
1.0,1200.0,4.0,0,85,1
1.0,1200.0,12.0,0,85,1
1.0,800.0,10.0,0,85,1
1.0,1800.0,10.0,0,85,1
1.0,1600.0,2.0,0,85,1
1.0,1200.0,2.0,0,85,1
1.0,800.0,8.0,0,85,1
1.0,1600.0,8.0,0,85,1
1.0,1000.0,2.0,0,85,1
1.0,1000.0,10.0,0,85,1
1.0,1400.0,12.0,0,85,1
1.0,2000.0,6.0,0,85,1
1.0,1400.0,8.0,0,85,1
1.0,1000.0,4.0,0,85,1
1.0,2000.0,2.0,0,85,1
1.0,1800.0,6.0,0,85,1
1.0,1400.0,8.0,1,86,1
1.0,1200.0,10.0,1,86,1
1.0,1400.0,6.0,1,86,1
1.0,1800.0,2.0,1,86,1
1.0,1400.0,2.0,1,86,1
1.0,1200.0,2.0,1,86,1
1.0,1800.0,8.0,1,86,1
1.0,1400.0,4.0,1,86,1
1.0,2000.0,8.0,1,86,1
1.0,1200.0,4.0,1,86,1
1.0,1000.0,6.0,1,86,1
0.0,800.0,12.0,1,86,1
1.0,1800.0,10.0,1,86,1
1.0,1600.0,12.0,1,86,1
1.0,1800.0,12.0,1,86,1
1.0,2000.0,6.0,1,86,1
1.0,1000.0,10.0,1,86,1
1.0,2000.0,2.0,1,86,1
1.0,1600.0,6.0,1,86,1
1.0,1200.0,12.0,1,86,1
1.0,1000.0,4.0,1,86,1
1.0,2000.0,10.0,1,86,1
1.0,1600.0,4.0,1,86,1
0.0,800.0,10.0,1,86,1
1.0,1400.0,10.0,1,86,1
1.0,1600.0,8.0,1,86,1
1.0,1200.0,8.0,1,86,1
1.0,800.0,8.0,1,86,1
1.0,1000.0,12.0,1,86,1
1.0,1400.0,12.0,1,86,1
1.0,1800.0,4.0,1,86,1
1.0,800.0,4.0,1,86,1
1.0,1000.0,8.0,1,86,1
1.0,2000.0,4.0,1,86,1
1.0,1600.0,2.0,1,86,1
1.0,1800.0,6.0,1,86,1
1.0,800.0,6.0,1,86,1
1.0,1000.0,2.0,1,86,1
1.0,1200.0,6.0,1,86,1
1.0,800.0,2.0,1,86,1
1.0,2000.0,12.0,1,86,1
1.0,1600.0,10.0,1,86,1
1.0,1200.0,8.0,0,86,1
1.0,1400.0,4.0,0,86,1
1.0,800.0,8.0,0,86,1
1.0,1400.0,6.0,0,86,1
1.0,2000.0,6.0,0,86,1
1.0,1400.0,2.0,0,86,1
1.0,1600.0,10.0,0,86,1
1.0,1200.0,10.0,0,86,1
1.0,1400.0,10.0,0,86,1
1.0,1000.0,4.0,0,86,1
1.0,1200.0,12.0,0,86,1
1.0,1600.0,2.0,0,86,1
1.0,1400.0,8.0,0,86,1
1.0,1600.0,8.0,0,86,1
1.0,1000.0,12.0,0,86,1
1.0,1000.0,8.0,0,86,1
1.0,1200.0,4.0,0,86,1
1.0,800.0,10.0,0,86,1
1.0,1200.0,6.0,0,86,1
1.0,1800.0,10.0,0,86,1
1.0,1800.0,12.0,0,86,1
1.0,800.0,2.0,0,86,1
1.0,800.0,4.0,0,86,1
1.0,1400.0,12.0,0,86,1
1.0,1200.0,2.0,0,86,1
1.0,1800.0,2.0,0,86,1
1.0,2000.0,10.0,0,86,1
1.0,800.0,6.0,0,86,1
1.0,1800.0,8.0,0,86,1
1.0,1800.0,4.0,0,86,1
1.0,2000.0,4.0,0,86,1
1.0,2000.0,8.0,0,86,1
1.0,1000.0,2.0,0,86,1
1.0,1600.0,4.0,0,86,1
1.0,2000.0,12.0,0,86,1
1.0,2000.0,2.0,0,86,1
0.0,800.0,12.0,0,86,1
1.0,1600.0,6.0,0,86,1
1.0,1600.0,12.0,0,86,1
1.0,1000.0,6.0,0,86,1
1.0,1800.0,6.0,0,86,1
1.0,1000.0,10.0,0,86,1
1.0,1800.0,8.0,1,87,1
1.0,2000.0,6.0,1,87,1
1.0,2000.0,4.0,1,87,1
0.0,800.0,12.0,1,87,1
0.0,1800.0,12.0,1,87,1
1.0,2000.0,12.0,1,87,1
0.0,800.0,8.0,1,87,1
1.0,800.0,4.0,1,87,1
1.0,1400.0,2.0,1,87,1
1.0,1000.0,2.0,1,87,1
1.0,1600.0,6.0,1,87,1
1.0,1400.0,10.0,1,87,1
1.0,1400.0,8.0,1,87,1
1.0,1800.0,2.0,1,87,1
1.0,1400.0,4.0,1,87,1
1.0,1400.0,6.0,1,87,1
0.0,1000.0,12.0,1,87,1
1.0,1000.0,8.0,1,87,1
1.0,2000.0,8.0,1,87,1
0.0,1200.0,12.0,1,87,1
1.0,1200.0,8.0,1,87,1
1.0,1200.0,6.0,1,87,1
1.0,1400.0,12.0,1,87,1
1.0,1600.0,8.0,1,87,1
1.0,1000.0,10.0,1,87,1
1.0,1000.0,4.0,1,87,1
1.0,1800.0,6.0,1,87,1
1.0,2000.0,10.0,1,87,1
1.0,800.0,10.0,1,87,1
1.0,1600.0,12.0,1,87,1
1.0,1600.0,4.0,1,87,1
1.0,1600.0,10.0,1,87,1
1.0,1600.0,2.0,1,87,1
1.0,1200.0,2.0,1,87,1
1.0,1800.0,4.0,1,87,1
1.0,800.0,2.0,1,87,1
1.0,1800.0,10.0,1,87,1
1.0,2000.0,2.0,1,87,1
1.0,1200.0,10.0,1,87,1
1.0,1000.0,6.0,1,87,1
1.0,800.0,6.0,1,87,1
1.0,1200.0,4.0,1,87,1
1.0,1600.0,2.0,0,87,1
1.0,2000.0,10.0,0,87,1
1.0,2000.0,4.0,0,87,1
0.0,1200.0,12.0,0,87,1
1.0,800.0,2.0,0,87,1
0.0,1000.0,12.0,0,87,1
0.0,1800.0,12.0,0,87,1
1.0,1600.0,12.0,0,87,1
1.0,1000.0,2.0,0,87,1
1.0,1000.0,4.0,0,87,1
1.0,1600.0,6.0,0,87,1
0.0,1400.0,12.0,0,87,1
1.0,1400.0,4.0,0,87,1
1.0,1400.0,6.0,0,87,1
1.0,1200.0,2.0,0,87,1
1.0,1200.0,6.0,0,87,1
1.0,1800.0,6.0,0,87,1
1.0,1600.0,4.0,0,87,1
1.0,1800.0,2.0,0,87,1
1.0,2000.0,6.0,0,87,1
1.0,1400.0,2.0,0,87,1
1.0,1600.0,10.0,0,87,1
1.0,1200.0,10.0,0,87,1
1.0,800.0,4.0,0,87,1
1.0,1400.0,8.0,0,87,1
1.0,1800.0,8.0,0,87,1
0.0,800.0,12.0,0,87,1
1.0,1000.0,6.0,0,87,1
1.0,1200.0,8.0,0,87,1
1.0,1200.0,4.0,0,87,1
1.0,800.0,8.0,0,87,1
1.0,2000.0,12.0,0,87,1
1.0,800.0,6.0,0,87,1
0.0,1000.0,10.0,0,87,1
1.0,1400.0,10.0,0,87,1
1.0,1600.0,8.0,0,87,1
1.0,1800.0,10.0,0,87,1
1.0,1000.0,8.0,0,87,1
1.0,1800.0,4.0,0,87,1
1.0,2000.0,2.0,0,87,1
1.0,2000.0,8.0,0,87,1
1.0,800.0,10.0,0,87,1
1.0,1600.0,6.0,1,88,0
1.0,1400.0,4.0,1,88,0
1.0,1200.0,12.0,1,88,0
1.0,1400.0,6.0,1,88,0
1.0,1400.0,8.0,1,88,0
1.0,2000.0,12.0,1,88,0
1.0,1800.0,8.0,1,88,0
1.0,1200.0,8.0,1,88,0
1.0,1800.0,4.0,1,88,0
1.0,2000.0,10.0,1,88,0
1.0,1200.0,10.0,1,88,0
1.0,1600.0,10.0,1,88,0
1.0,2000.0,6.0,1,88,0
1.0,2000.0,2.0,1,88,0
1.0,1600.0,8.0,1,88,0
1.0,1600.0,2.0,1,88,0
1.0,800.0,4.0,1,88,0
1.0,1600.0,12.0,1,88,0
1.0,1400.0,2.0,1,88,0
1.0,1000.0,2.0,1,88,0
1.0,800.0,6.0,1,88,0
1.0,800.0,2.0,1,88,0
1.0,1600.0,4.0,1,88,0
1.0,1200.0,2.0,1,88,0
1.0,1800.0,6.0,1,88,0
1.0,1000.0,12.0,1,88,0
1.0,1800.0,12.0,1,88,0
1.0,1200.0,4.0,1,88,0
1.0,1200.0,6.0,1,88,0
1.0,2000.0,8.0,1,88,0
1.0,1000.0,8.0,1,88,0
1.0,1000.0,4.0,1,88,0
1.0,1400.0,12.0,1,88,0
1.0,1000.0,10.0,1,88,0
1.0,800.0,10.0,1,88,0
1.0,800.0,12.0,1,88,0
1.0,1800.0,10.0,1,88,0
1.0,800.0,8.0,1,88,0
1.0,2000.0,4.0,1,88,0
1.0,1400.0,10.0,1,88,0
1.0,1800.0,2.0,1,88,0
1.0,1000.0,6.0,1,88,0
1.0,1400.0,6.0,0,88,0
1.0,1400.0,4.0,0,88,0
1.0,1200.0,4.0,0,88,0
1.0,800.0,10.0,0,88,0
1.0,800.0,6.0,0,88,0
1.0,1200.0,8.0,0,88,0
1.0,1000.0,10.0,0,88,0
1.0,1200.0,12.0,0,88,0
1.0,2000.0,4.0,0,88,0
1.0,800.0,8.0,0,88,0
1.0,2000.0,8.0,0,88,0
1.0,1800.0,10.0,0,88,0
1.0,1200.0,6.0,0,88,0
1.0,1600.0,10.0,0,88,0
1.0,1600.0,2.0,0,88,0
1.0,1000.0,4.0,0,88,0
1.0,1200.0,2.0,0,88,0
1.0,1200.0,10.0,0,88,0
1.0,2000.0,12.0,0,88,0
1.0,2000.0,2.0,0,88,0
1.0,1800.0,2.0,0,88,0
1.0,1000.0,6.0,0,88,0
1.0,1600.0,12.0,0,88,0
1.0,1800.0,12.0,0,88,0
1.0,1000.0,12.0,0,88,0
1.0,800.0,4.0,0,88,0
1.0,1600.0,4.0,0,88,0
1.0,1800.0,8.0,0,88,0
1.0,800.0,2.0,0,88,0
1.0,1400.0,10.0,0,88,0
1.0,1400.0,12.0,0,88,0
1.0,1000.0,2.0,0,88,0
1.0,2000.0,10.0,0,88,0
1.0,1600.0,8.0,0,88,0
1.0,1400.0,2.0,0,88,0
1.0,1800.0,6.0,0,88,0
1.0,1000.0,8.0,0,88,0
1.0,800.0,12.0,0,88,0
1.0,2000.0,6.0,0,88,0
1.0,1800.0,4.0,0,88,0
1.0,1600.0,6.0,0,88,0
1.0,1400.0,8.0,0,88,0
1.0,2000.0,6.0,1,89,1
1.0,1800.0,12.0,1,89,1
1.0,1200.0,6.0,1,89,1
0.0,800.0,12.0,1,89,1
1.0,800.0,6.0,1,89,1
1.0,1200.0,4.0,1,89,1
1.0,1000.0,10.0,1,89,1
1.0,1800.0,2.0,1,89,1
1.0,2000.0,12.0,1,89,1
1.0,1800.0,8.0,1,89,1
1.0,800.0,2.0,1,89,1
1.0,1200.0,10.0,1,89,1
1.0,2000.0,8.0,1,89,1
0.0,1600.0,12.0,1,89,1
1.0,1800.0,6.0,1,89,1
1.0,1200.0,12.0,1,89,1
1.0,1600.0,6.0,1,89,1
0.0,1400.0,10.0,1,89,1
1.0,1000.0,2.0,1,89,1
1.0,1000.0,4.0,1,89,1
1.0,1000.0,8.0,1,89,1
1.0,2000.0,2.0,1,89,1
0.0,1600.0,10.0,1,89,1
1.0,1400.0,6.0,1,89,1
1.0,1400.0,4.0,1,89,1
1.0,2000.0,4.0,1,89,1
1.0,1600.0,8.0,1,89,1
1.0,1400.0,8.0,1,89,1
0.0,1400.0,12.0,1,89,1
1.0,1600.0,2.0,1,89,1
0.0,1000.0,12.0,1,89,1
1.0,1400.0,2.0,1,89,1
1.0,1600.0,4.0,1,89,1
1.0,1000.0,6.0,1,89,1
0.0,1800.0,10.0,1,89,1
1.0,800.0,10.0,1,89,1
1.0,1200.0,8.0,1,89,1
1.0,1800.0,4.0,1,89,1
1.0,1200.0,2.0,1,89,1
0.0,2000.0,10.0,1,89,1
1.0,800.0,4.0,1,89,1
1.0,800.0,8.0,1,89,1
0.0,1000.0,12.0,0,89,1
1.0,1600.0,8.0,0,89,1
1.0,1400.0,2.0,0,89,1
1.0,2000.0,8.0,0,89,1
1.0,2000.0,2.0,0,89,1
0.0,1200.0,12.0,0,89,1
0.0,1400.0,12.0,0,89,1
1.0,1000.0,4.0,0,89,1
1.0,1400.0,4.0,0,89,1
1.0,800.0,4.0,0,89,1
1.0,1200.0,6.0,0,89,1
0.0,1800.0,10.0,0,89,1
1.0,2000.0,4.0,0,89,1
1.0,1800.0,6.0,0,89,1
1.0,1000.0,6.0,0,89,1
1.0,1200.0,4.0,0,89,1
0.0,800.0,12.0,0,89,1
0.0,1400.0,10.0,0,89,1
1.0,800.0,6.0,0,89,1
0.0,1200.0,10.0,0,89,1
1.0,1600.0,2.0,0,89,1
0.0,1000.0,10.0,0,89,1
1.0,1400.0,8.0,0,89,1
1.0,1600.0,6.0,0,89,1
1.0,1400.0,6.0,0,89,1
0.0,1600.0,10.0,0,89,1
0.0,1800.0,12.0,0,89,1
1.0,1800.0,4.0,0,89,1
1.0,1000.0,2.0,0,89,1
0.0,2000.0,12.0,0,89,1
0.0,1600.0,12.0,0,89,1
1.0,1000.0,8.0,0,89,1
1.0,1800.0,2.0,0,89,1
1.0,2000.0,6.0,0,89,1
1.0,800.0,2.0,0,89,1
1.0,800.0,8.0,0,89,1
1.0,1200.0,8.0,0,89,1
0.0,2000.0,10.0,0,89,1
0.0,800.0,10.0,0,89,1
1.0,1600.0,4.0,0,89,1
1.0,1200.0,2.0,0,89,1
1.0,1800.0,8.0,0,89,1
0.0,800.0,12.0,1,90,0
0.0,2000.0,6.0,1,90,0
0.0,1000.0,4.0,1,90,0
0.0,1600.0,8.0,1,90,0
0.0,800.0,4.0,1,90,0
1.0,800.0,2.0,1,90,0
0.0,1600.0,10.0,1,90,0
0.0,1200.0,12.0,1,90,0
1.0,2000.0,2.0,1,90,0
0.0,1800.0,10.0,1,90,0
0.0,1600.0,4.0,1,90,0
0.0,1200.0,6.0,1,90,0
0.0,800.0,6.0,1,90,0
0.0,1400.0,4.0,1,90,0
0.0,1800.0,8.0,1,90,0
0.0,1800.0,12.0,1,90,0
0.0,1400.0,6.0,1,90,0
0.0,1800.0,6.0,1,90,0
0.0,1600.0,6.0,1,90,0
0.0,1600.0,12.0,1,90,0
0.0,1200.0,10.0,1,90,0
0.0,1400.0,12.0,1,90,0
0.0,1400.0,10.0,1,90,0
0.0,1400.0,8.0,1,90,0
0.0,800.0,8.0,1,90,0
0.0,1000.0,8.0,1,90,0
0.0,2000.0,4.0,1,90,0
0.0,2000.0,12.0,1,90,0
0.0,1000.0,6.0,1,90,0
1.0,1800.0,2.0,1,90,0
1.0,1200.0,2.0,1,90,0
0.0,1200.0,8.0,1,90,0
0.0,1800.0,4.0,1,90,0
1.0,1600.0,2.0,1,90,0
0.0,1200.0,4.0,1,90,0
0.0,1000.0,12.0,1,90,0
1.0,1400.0,2.0,1,90,0
1.0,1000.0,2.0,1,90,0
0.0,2000.0,10.0,1,90,0
0.0,1000.0,10.0,1,90,0
0.0,800.0,10.0,1,90,0
0.0,2000.0,8.0,1,90,0
0.0,1400.0,6.0,0,90,0
0.0,1600.0,6.0,0,90,0
0.0,1400.0,10.0,0,90,0
0.0,800.0,10.0,0,90,0
0.0,1000.0,8.0,0,90,0
0.0,800.0,6.0,0,90,0
0.0,1000.0,12.0,0,90,0
0.0,1200.0,10.0,0,90,0
0.0,1600.0,4.0,0,90,0
0.0,1200.0,8.0,0,90,0
0.0,2000.0,10.0,0,90,0
1.0,1400.0,2.0,0,90,0
0.0,1200.0,12.0,0,90,0
0.0,1200.0,2.0,0,90,0
0.0,800.0,8.0,0,90,0
0.0,1200.0,6.0,0,90,0
0.0,1600.0,2.0,0,90,0
1.0,2000.0,2.0,0,90,0
1.0,800.0,2.0,0,90,0
0.0,1600.0,12.0,0,90,0
0.0,1000.0,4.0,0,90,0
0.0,1600.0,8.0,0,90,0
0.0,1600.0,10.0,0,90,0
0.0,1400.0,8.0,0,90,0
0.0,1400.0,12.0,0,90,0
0.0,1400.0,4.0,0,90,0
0.0,1000.0,6.0,0,90,0
1.0,1800.0,2.0,0,90,0
0.0,1800.0,6.0,0,90,0
0.0,1000.0,10.0,0,90,0
0.0,2000.0,8.0,0,90,0
0.0,800.0,12.0,0,90,0
0.0,1800.0,8.0,0,90,0
0.0,1000.0,2.0,0,90,0
0.0,1800.0,10.0,0,90,0
0.0,1800.0,12.0,0,90,0
0.0,2000.0,12.0,0,90,0
0.0,1200.0,4.0,0,90,0
0.0,2000.0,6.0,0,90,0
0.0,2000.0,4.0,0,90,0
0.0,1800.0,4.0,0,90,0
0.0,800.0,4.0,0,90,0
0.0,1400.0,8.0,0,91,1
0.0,800.0,10.0,0,91,1
0.0,800.0,6.0,0,91,1
0.0,800.0,4.0,0,91,1
0.0,800.0,2.0,0,91,1
0.0,1400.0,4.0,0,91,1
0.0,1600.0,6.0,0,91,1
0.0,1600.0,10.0,0,91,1
0.0,800.0,8.0,0,91,1
0.0,1600.0,12.0,0,91,1
0.0,2000.0,6.0,0,91,1
0.0,1600.0,4.0,0,91,1
0.0,2000.0,12.0,0,91,1
0.0,1200.0,2.0,0,91,1
0.0,1000.0,6.0,0,91,1
0.0,1800.0,2.0,0,91,1
0.0,1800.0,8.0,0,91,1
0.0,1200.0,6.0,0,91,1
0.0,1800.0,6.0,0,91,1
0.0,2000.0,4.0,0,91,1
0.0,1000.0,2.0,0,91,1
0.0,1800.0,12.0,0,91,1
0.0,1000.0,12.0,0,91,1
0.0,800.0,12.0,0,91,1
0.0,1600.0,8.0,0,91,1
0.0,2000.0,2.0,0,91,1
0.0,1800.0,10.0,0,91,1
0.0,1200.0,12.0,0,91,1
0.0,1600.0,2.0,0,91,1
0.0,1000.0,8.0,0,91,1
0.0,1400.0,10.0,0,91,1
0.0,1800.0,4.0,0,91,1
0.0,1200.0,4.0,0,91,1
0.0,2000.0,10.0,0,91,1
0.0,1400.0,2.0,0,91,1
0.0,1200.0,10.0,0,91,1
0.0,1400.0,12.0,0,91,1
0.0,1000.0,10.0,0,91,1
0.0,1000.0,4.0,0,91,1
0.0,2000.0,8.0,0,91,1
0.0,1400.0,6.0,0,91,1
0.0,1200.0,8.0,0,91,1
0.0,1000.0,8.0,1,91,1
0.0,2000.0,10.0,1,91,1
0.0,1200.0,2.0,1,91,1
0.0,800.0,10.0,1,91,1
0.0,2000.0,2.0,1,91,1
0.0,1000.0,4.0,1,91,1
0.0,1800.0,12.0,1,91,1
0.0,2000.0,8.0,1,91,1
0.0,1600.0,6.0,1,91,1
0.0,800.0,4.0,1,91,1
0.0,1400.0,4.0,1,91,1
0.0,1400.0,2.0,1,91,1
0.0,2000.0,4.0,1,91,1
0.0,1200.0,4.0,1,91,1
0.0,1800.0,2.0,1,91,1
0.0,800.0,8.0,1,91,1
0.0,1400.0,10.0,1,91,1
0.0,1800.0,6.0,1,91,1
0.0,1600.0,12.0,1,91,1
0.0,1200.0,6.0,1,91,1
0.0,1000.0,10.0,1,91,1
0.0,2000.0,12.0,1,91,1
0.0,1400.0,12.0,1,91,1
0.0,1200.0,8.0,1,91,1
0.0,1800.0,8.0,1,91,1
0.0,1600.0,10.0,1,91,1
0.0,1400.0,6.0,1,91,1
0.0,1600.0,8.0,1,91,1
0.0,800.0,6.0,1,91,1
0.0,1200.0,10.0,1,91,1
0.0,1000.0,2.0,1,91,1
0.0,1800.0,4.0,1,91,1
0.0,1400.0,8.0,1,91,1
0.0,1800.0,10.0,1,91,1
0.0,1000.0,6.0,1,91,1
0.0,1000.0,12.0,1,91,1
0.0,800.0,12.0,1,91,1
0.0,800.0,2.0,1,91,1
0.0,1200.0,12.0,1,91,1
0.0,1600.0,2.0,1,91,1
0.0,2000.0,6.0,1,91,1
0.0,1600.0,4.0,1,91,1
1.0,1800.0,6.0,1,92,1
0.0,1400.0,10.0,1,92,1
1.0,1400.0,4.0,1,92,1
1.0,1200.0,12.0,1,92,1
0.0,1400.0,2.0,1,92,1
1.0,1800.0,4.0,1,92,1
1.0,1400.0,12.0,1,92,1
0.0,1200.0,4.0,1,92,1
0.0,1600.0,6.0,1,92,1
1.0,1000.0,8.0,1,92,1
1.0,1200.0,6.0,1,92,1
1.0,1000.0,12.0,1,92,1
1.0,2000.0,8.0,1,92,1
1.0,800.0,6.0,1,92,1
0.0,1000.0,6.0,1,92,1
0.0,1600.0,4.0,1,92,1
1.0,800.0,8.0,1,92,1
0.0,800.0,2.0,1,92,1
1.0,2000.0,6.0,1,92,1
0.0,1800.0,10.0,1,92,1
1.0,1000.0,10.0,1,92,1
0.0,2000.0,2.0,1,92,1
1.0,1400.0,8.0,1,92,1
1.0,800.0,12.0,1,92,1
0.0,1800.0,8.0,1,92,1
0.0,1000.0,4.0,1,92,1
1.0,1600.0,8.0,1,92,1
0.0,1800.0,12.0,1,92,1
1.0,1200.0,10.0,1,92,1
0.0,1400.0,6.0,1,92,1
0.0,1200.0,2.0,1,92,1
1.0,2000.0,10.0,1,92,1
1.0,800.0,4.0,1,92,1
1.0,1600.0,12.0,1,92,1
0.0,1000.0,2.0,1,92,1
1.0,2000.0,12.0,1,92,1
1.0,1600.0,10.0,1,92,1
0.0,1800.0,2.0,1,92,1
1.0,1200.0,8.0,1,92,1
0.0,1600.0,2.0,1,92,1
1.0,2000.0,4.0,1,92,1
0.0,800.0,10.0,1,92,1
1.0,1000.0,6.0,0,92,1
1.0,1800.0,8.0,0,92,1
0.0,2000.0,8.0,0,92,1
1.0,1000.0,8.0,0,92,1
0.0,1400.0,6.0,0,92,1
1.0,1600.0,4.0,0,92,1
0.0,2000.0,12.0,0,92,1
1.0,1600.0,12.0,0,92,1
1.0,800.0,8.0,0,92,1
1.0,1400.0,10.0,0,92,1
1.0,800.0,12.0,0,92,1
0.0,1800.0,4.0,0,92,1
1.0,1200.0,8.0,0,92,1
1.0,2000.0,10.0,0,92,1
0.0,1400.0,4.0,0,92,1
0.0,2000.0,2.0,0,92,1
0.0,800.0,4.0,0,92,1
0.0,800.0,10.0,0,92,1
1.0,1800.0,10.0,0,92,1
1.0,1000.0,12.0,0,92,1
1.0,1800.0,2.0,0,92,1
1.0,1000.0,10.0,0,92,1
1.0,1200.0,2.0,0,92,1
0.0,1400.0,8.0,0,92,1
1.0,1200.0,10.0,0,92,1
0.0,1600.0,2.0,0,92,1
1.0,1600.0,6.0,0,92,1
0.0,1200.0,6.0,0,92,1
1.0,1000.0,2.0,0,92,1
1.0,1600.0,8.0,0,92,1
1.0,1200.0,12.0,0,92,1
1.0,1200.0,4.0,0,92,1
0.0,1800.0,12.0,0,92,1
1.0,2000.0,4.0,0,92,1
0.0,2000.0,6.0,0,92,1
1.0,1000.0,4.0,0,92,1
0.0,1600.0,10.0,0,92,1
0.0,1400.0,2.0,0,92,1
1.0,800.0,6.0,0,92,1
1.0,1800.0,6.0,0,92,1
0.0,800.0,2.0,0,92,1
0.0,1400.0,12.0,0,92,1
0.0,1000.0,8.0,1,93,0
0.0,1200.0,8.0,1,93,0
0.0,1800.0,6.0,1,93,0
0.0,2000.0,8.0,1,93,0
0.0,1400.0,12.0,1,93,0
0.0,1400.0,6.0,1,93,0
0.0,1000.0,12.0,1,93,0
0.0,1600.0,6.0,1,93,0
0.0,1600.0,8.0,1,93,0
0.0,1200.0,2.0,1,93,0
0.0,1600.0,10.0,1,93,0
0.0,1000.0,4.0,1,93,0
0.0,1400.0,4.0,1,93,0
0.0,800.0,4.0,1,93,0
0.0,1800.0,2.0,1,93,0
0.0,2000.0,12.0,1,93,0
0.0,1400.0,8.0,1,93,0
0.0,800.0,6.0,1,93,0
0.0,1800.0,10.0,1,93,0
0.0,800.0,8.0,1,93,0
0.0,1600.0,12.0,1,93,0
0.0,2000.0,2.0,1,93,0
0.0,1600.0,4.0,1,93,0
0.0,2000.0,4.0,1,93,0
0.0,1000.0,2.0,1,93,0
0.0,2000.0,6.0,1,93,0
0.0,1600.0,2.0,1,93,0
0.0,800.0,10.0,1,93,0
0.0,1400.0,10.0,1,93,0
0.0,1200.0,6.0,1,93,0
0.0,2000.0,10.0,1,93,0
0.0,1000.0,10.0,1,93,0
0.0,1400.0,2.0,1,93,0
0.0,1800.0,12.0,1,93,0
0.0,800.0,12.0,1,93,0
0.0,800.0,2.0,1,93,0
0.0,1800.0,4.0,1,93,0
0.0,1200.0,4.0,1,93,0
0.0,1800.0,8.0,1,93,0
0.0,1200.0,10.0,1,93,0
0.0,1000.0,6.0,1,93,0
0.0,1200.0,12.0,1,93,0
0.0,1600.0,2.0,0,93,0
0.0,1200.0,4.0,0,93,0
0.0,1400.0,4.0,0,93,0
0.0,1600.0,8.0,0,93,0
0.0,1000.0,10.0,0,93,0
0.0,1000.0,4.0,0,93,0
0.0,800.0,4.0,0,93,0
0.0,1000.0,2.0,0,93,0
0.0,1400.0,8.0,0,93,0
0.0,1600.0,12.0,0,93,0
0.0,2000.0,8.0,0,93,0
0.0,2000.0,4.0,0,93,0
0.0,1800.0,10.0,0,93,0
0.0,2000.0,2.0,0,93,0
0.0,1400.0,12.0,0,93,0
0.0,1800.0,4.0,0,93,0
0.0,1800.0,12.0,0,93,0
0.0,1600.0,10.0,0,93,0
0.0,1200.0,12.0,0,93,0
0.0,800.0,8.0,0,93,0
0.0,800.0,2.0,0,93,0
0.0,1400.0,6.0,0,93,0
0.0,800.0,10.0,0,93,0
0.0,1400.0,2.0,0,93,0
0.0,2000.0,10.0,0,93,0
0.0,1400.0,10.0,0,93,0
0.0,1000.0,6.0,0,93,0
0.0,1800.0,2.0,0,93,0
0.0,800.0,6.0,0,93,0
0.0,1600.0,4.0,0,93,0
0.0,1000.0,8.0,0,93,0
0.0,1200.0,2.0,0,93,0
0.0,2000.0,12.0,0,93,0
0.0,1200.0,10.0,0,93,0
0.0,1800.0,6.0,0,93,0
0.0,800.0,12.0,0,93,0
0.0,1800.0,8.0,0,93,0
0.0,1600.0,6.0,0,93,0
0.0,2000.0,6.0,0,93,0
0.0,1000.0,12.0,0,93,0
0.0,1200.0,6.0,0,93,0
0.0,1200.0,8.0,0,93,0
1.0,800.0,4.0,1,94,1
0.0,1600.0,2.0,1,94,1
1.0,1400.0,12.0,1,94,1
0.0,800.0,6.0,1,94,1
1.0,2000.0,6.0,1,94,1
0.0,1000.0,6.0,1,94,1
1.0,1400.0,4.0,1,94,1
0.0,1400.0,6.0,1,94,1
0.0,1000.0,4.0,1,94,1
1.0,1000.0,8.0,1,94,1
0.0,1600.0,4.0,1,94,1
1.0,2000.0,12.0,1,94,1
0.0,2000.0,10.0,1,94,1
1.0,1200.0,8.0,1,94,1
0.0,800.0,12.0,1,94,1
1.0,1000.0,12.0,1,94,1
0.0,1000.0,2.0,1,94,1
1.0,1600.0,10.0,1,94,1
0.0,1400.0,2.0,1,94,1
1.0,1600.0,8.0,1,94,1
1.0,2000.0,4.0,1,94,1
0.0,1200.0,12.0,1,94,1
0.0,1800.0,12.0,1,94,1
0.0,1800.0,6.0,1,94,1
0.0,1200.0,6.0,1,94,1
1.0,800.0,8.0,1,94,1
1.0,1000.0,10.0,1,94,1
1.0,1200.0,2.0,1,94,1
1.0,800.0,2.0,1,94,1
1.0,800.0,10.0,1,94,1
1.0,1600.0,6.0,1,94,1
1.0,2000.0,8.0,1,94,1
1.0,1800.0,4.0,1,94,1
1.0,2000.0,2.0,1,94,1
0.0,1800.0,8.0,1,94,1
0.0,1200.0,4.0,1,94,1
0.0,1400.0,10.0,1,94,1
1.0,1800.0,10.0,1,94,1
0.0,1400.0,8.0,1,94,1
1.0,1600.0,12.0,1,94,1
1.0,1800.0,2.0,1,94,1
1.0,1200.0,10.0,1,94,1
1.0,1000.0,2.0,0,94,1
1.0,800.0,10.0,0,94,1
1.0,1400.0,6.0,0,94,1
1.0,2000.0,8.0,0,94,1
1.0,1600.0,2.0,0,94,1
0.0,1800.0,2.0,0,94,1
0.0,1600.0,6.0,0,94,1
0.0,1800.0,8.0,0,94,1
0.0,1200.0,8.0,0,94,1
0.0,2000.0,4.0,0,94,1
1.0,1200.0,12.0,0,94,1
1.0,1400.0,10.0,0,94,1
1.0,1600.0,12.0,0,94,1
1.0,2000.0,10.0,0,94,1
1.0,1200.0,10.0,0,94,1
1.0,1800.0,6.0,0,94,1
1.0,1000.0,6.0,0,94,1
1.0,800.0,2.0,0,94,1
0.0,1400.0,8.0,0,94,1
0.0,1000.0,12.0,0,94,1
0.0,800.0,12.0,0,94,1
0.0,1400.0,4.0,0,94,1
0.0,2000.0,12.0,0,94,1
0.0,1400.0,12.0,0,94,1
1.0,1800.0,4.0,0,94,1
1.0,1000.0,4.0,0,94,1
1.0,1800.0,10.0,0,94,1
1.0,1200.0,2.0,0,94,1
1.0,1600.0,10.0,0,94,1
1.0,1200.0,6.0,0,94,1
1.0,1600.0,4.0,0,94,1
0.0,800.0,6.0,0,94,1
0.0,1000.0,8.0,0,94,1
0.0,1600.0,8.0,0,94,1
0.0,2000.0,6.0,0,94,1
0.0,800.0,8.0,0,94,1
0.0,1400.0,2.0,0,94,1
0.0,1800.0,12.0,0,94,1
0.0,2000.0,2.0,0,94,1
0.0,1000.0,10.0,0,94,1
1.0,1200.0,4.0,0,94,1
1.0,800.0,4.0,0,94,1
1.0,1400.0,4.0,1,95,0
1.0,800.0,8.0,1,95,0
1.0,1000.0,4.0,1,95,0
1.0,1400.0,12.0,1,95,0
1.0,1800.0,10.0,1,95,0
1.0,2000.0,6.0,1,95,0
1.0,800.0,6.0,1,95,0
1.0,1800.0,2.0,1,95,0
1.0,1200.0,12.0,1,95,0
1.0,1400.0,6.0,1,95,0
1.0,1400.0,8.0,1,95,0
1.0,2000.0,8.0,1,95,0
1.0,800.0,2.0,1,95,0
1.0,1200.0,6.0,1,95,0
1.0,1600.0,2.0,1,95,0
1.0,1600.0,6.0,1,95,0
1.0,800.0,10.0,1,95,0
1.0,2000.0,12.0,1,95,0
1.0,1600.0,4.0,1,95,0
1.0,1800.0,6.0,1,95,0
1.0,800.0,4.0,1,95,0
1.0,1800.0,12.0,1,95,0
1.0,1000.0,6.0,1,95,0
1.0,1000.0,12.0,1,95,0
1.0,1600.0,10.0,1,95,0
1.0,1600.0,12.0,1,95,0
1.0,1800.0,4.0,1,95,0
1.0,1200.0,2.0,1,95,0
1.0,1600.0,8.0,1,95,0
1.0,1400.0,2.0,1,95,0
1.0,1000.0,8.0,1,95,0
1.0,1400.0,10.0,1,95,0
1.0,800.0,12.0,1,95,0
1.0,1200.0,8.0,1,95,0
1.0,1200.0,10.0,1,95,0
1.0,2000.0,10.0,1,95,0
1.0,1000.0,2.0,1,95,0
1.0,1200.0,4.0,1,95,0
1.0,1000.0,10.0,1,95,0
1.0,2000.0,4.0,1,95,0
1.0,2000.0,2.0,1,95,0
1.0,1800.0,8.0,1,95,0
0.0,1600.0,6.0,0,95,0
1.0,2000.0,2.0,0,95,0
1.0,1000.0,4.0,0,95,0
1.0,1200.0,4.0,0,95,0
1.0,2000.0,4.0,0,95,0
0.0,1600.0,12.0,0,95,0
0.0,1800.0,12.0,0,95,0
0.0,1600.0,10.0,0,95,0
1.0,1400.0,4.0,0,95,0
1.0,1600.0,4.0,0,95,0
0.0,1200.0,12.0,0,95,0
1.0,800.0,4.0,0,95,0
0.0,800.0,6.0,0,95,0
1.0,800.0,2.0,0,95,0
0.0,1600.0,8.0,0,95,0
1.0,1400.0,2.0,0,95,0
0.0,1400.0,8.0,0,95,0
1.0,1800.0,2.0,0,95,0
0.0,800.0,8.0,0,95,0
1.0,1600.0,2.0,0,95,0
0.0,1000.0,8.0,0,95,0
0.0,1800.0,10.0,0,95,0
0.0,2000.0,12.0,0,95,0
0.0,800.0,12.0,0,95,0
1.0,2000.0,8.0,0,95,0
1.0,1200.0,2.0,0,95,0
0.0,1400.0,12.0,0,95,0
1.0,1000.0,2.0,0,95,0
0.0,1200.0,10.0,0,95,0
0.0,2000.0,6.0,0,95,0
0.0,1800.0,6.0,0,95,0
1.0,1800.0,4.0,0,95,0
0.0,1200.0,8.0,0,95,0
0.0,1000.0,12.0,0,95,0
0.0,1800.0,8.0,0,95,0
0.0,1400.0,10.0,0,95,0
0.0,1400.0,6.0,0,95,0
0.0,800.0,10.0,0,95,0
0.0,1000.0,6.0,0,95,0
0.0,1000.0,10.0,0,95,0
0.0,1200.0,6.0,0,95,0
0.0,2000.0,10.0,0,95,0
1.0,1400.0,4.0,0,96,1
1.0,1200.0,8.0,0,96,1
1.0,800.0,8.0,0,96,1
1.0,1600.0,4.0,0,96,1
1.0,2000.0,6.0,0,96,1
1.0,2000.0,2.0,0,96,1
1.0,2000.0,4.0,0,96,1
1.0,1200.0,12.0,0,96,1
1.0,1800.0,4.0,0,96,1
1.0,1000.0,4.0,0,96,1
1.0,800.0,2.0,0,96,1
1.0,1200.0,6.0,0,96,1
1.0,1800.0,6.0,0,96,1
1.0,1600.0,12.0,0,96,1
1.0,1400.0,2.0,0,96,1
1.0,800.0,4.0,0,96,1
1.0,1400.0,8.0,0,96,1
1.0,800.0,6.0,0,96,1
1.0,1400.0,6.0,0,96,1
1.0,1600.0,6.0,0,96,1
1.0,2000.0,12.0,0,96,1
1.0,1600.0,8.0,0,96,1
1.0,1000.0,8.0,0,96,1
1.0,1000.0,6.0,0,96,1
1.0,1600.0,2.0,0,96,1
1.0,2000.0,10.0,0,96,1
1.0,1000.0,10.0,0,96,1
1.0,1800.0,8.0,0,96,1
1.0,1400.0,10.0,0,96,1
1.0,1800.0,12.0,0,96,1
1.0,1000.0,2.0,0,96,1
1.0,1200.0,2.0,0,96,1
1.0,800.0,12.0,0,96,1
1.0,1000.0,12.0,0,96,1
1.0,1800.0,2.0,0,96,1
1.0,1800.0,10.0,0,96,1
1.0,1200.0,4.0,0,96,1
1.0,800.0,10.0,0,96,1
1.0,1400.0,12.0,0,96,1
1.0,1600.0,10.0,0,96,1
1.0,1200.0,10.0,0,96,1
1.0,2000.0,8.0,0,96,1
1.0,800.0,10.0,1,96,1
1.0,800.0,4.0,1,96,1
1.0,1000.0,4.0,1,96,1
1.0,1400.0,8.0,1,96,1
1.0,1400.0,2.0,1,96,1
1.0,800.0,12.0,1,96,1
1.0,2000.0,2.0,1,96,1
1.0,2000.0,10.0,1,96,1
1.0,800.0,8.0,1,96,1
1.0,2000.0,12.0,1,96,1
1.0,1600.0,12.0,1,96,1
1.0,1600.0,6.0,1,96,1
1.0,1200.0,2.0,1,96,1
1.0,1800.0,10.0,1,96,1
1.0,1800.0,8.0,1,96,1
1.0,1600.0,4.0,1,96,1
1.0,2000.0,6.0,1,96,1
1.0,1200.0,4.0,1,96,1
1.0,800.0,2.0,1,96,1
1.0,1200.0,12.0,1,96,1
1.0,1000.0,12.0,1,96,1
1.0,1600.0,2.0,1,96,1
1.0,1400.0,4.0,1,96,1
1.0,1000.0,2.0,1,96,1
1.0,800.0,6.0,1,96,1
1.0,1200.0,6.0,1,96,1
1.0,1800.0,12.0,1,96,1
1.0,1400.0,6.0,1,96,1
1.0,1400.0,12.0,1,96,1
1.0,2000.0,8.0,1,96,1
1.0,1400.0,10.0,1,96,1
1.0,1000.0,8.0,1,96,1
1.0,2000.0,4.0,1,96,1
1.0,1600.0,10.0,1,96,1
1.0,1800.0,2.0,1,96,1
1.0,1800.0,6.0,1,96,1
1.0,1000.0,10.0,1,96,1
1.0,1600.0,8.0,1,96,1
1.0,1800.0,4.0,1,96,1
1.0,1200.0,8.0,1,96,1
1.0,1200.0,10.0,1,96,1
1.0,1000.0,6.0,1,96,1
1.0,1000.0,4.0,0,97,0
1.0,800.0,12.0,0,97,0
1.0,800.0,10.0,0,97,0
1.0,1600.0,6.0,0,97,0
1.0,1600.0,8.0,0,97,0
1.0,2000.0,8.0,0,97,0
1.0,1000.0,12.0,0,97,0
1.0,1200.0,4.0,0,97,0
1.0,1000.0,10.0,0,97,0
1.0,1200.0,2.0,0,97,0
1.0,2000.0,10.0,0,97,0
1.0,2000.0,12.0,0,97,0
1.0,1800.0,10.0,0,97,0
1.0,1400.0,10.0,0,97,0
1.0,1200.0,6.0,0,97,0
1.0,1400.0,6.0,0,97,0
1.0,1000.0,6.0,0,97,0
1.0,800.0,8.0,0,97,0
1.0,1800.0,4.0,0,97,0
1.0,800.0,6.0,0,97,0
1.0,1400.0,2.0,0,97,0
1.0,2000.0,2.0,0,97,0
1.0,1400.0,4.0,0,97,0
1.0,2000.0,4.0,0,97,0
1.0,1600.0,2.0,0,97,0
1.0,1800.0,8.0,0,97,0
1.0,1000.0,2.0,0,97,0
1.0,1200.0,10.0,0,97,0
1.0,800.0,2.0,0,97,0
1.0,1400.0,12.0,0,97,0
1.0,1600.0,4.0,0,97,0
1.0,2000.0,6.0,0,97,0
1.0,1000.0,8.0,0,97,0
1.0,1800.0,12.0,0,97,0
1.0,1400.0,8.0,0,97,0
1.0,1800.0,6.0,0,97,0
1.0,1600.0,10.0,0,97,0
1.0,1800.0,2.0,0,97,0
1.0,1200.0,12.0,0,97,0
1.0,800.0,4.0,0,97,0
1.0,1600.0,12.0,0,97,0
1.0,1200.0,8.0,0,97,0
0.0,1800.0,2.0,1,97,0
1.0,2000.0,6.0,1,97,0
1.0,1600.0,8.0,1,97,0
1.0,1600.0,12.0,1,97,0
1.0,800.0,6.0,1,97,0
1.0,1000.0,6.0,1,97,0
1.0,1200.0,2.0,1,97,0
1.0,1800.0,4.0,1,97,0
1.0,1200.0,6.0,1,97,0
1.0,1600.0,2.0,1,97,0
1.0,1000.0,8.0,1,97,0
1.0,1200.0,4.0,1,97,0
1.0,800.0,12.0,1,97,0
1.0,800.0,2.0,1,97,0
1.0,1600.0,4.0,1,97,0
1.0,1400.0,2.0,1,97,0
1.0,800.0,10.0,1,97,0
1.0,1000.0,12.0,1,97,0
1.0,1000.0,4.0,1,97,0
1.0,1800.0,10.0,1,97,0
1.0,2000.0,12.0,1,97,0
1.0,1200.0,10.0,1,97,0
1.0,2000.0,4.0,1,97,0
1.0,1200.0,8.0,1,97,0
1.0,1400.0,4.0,1,97,0
1.0,1800.0,6.0,1,97,0
1.0,1600.0,10.0,1,97,0
1.0,1400.0,6.0,1,97,0
1.0,2000.0,10.0,1,97,0
1.0,1800.0,12.0,1,97,0
1.0,800.0,8.0,1,97,0
1.0,1000.0,10.0,1,97,0
1.0,2000.0,8.0,1,97,0
1.0,1400.0,12.0,1,97,0
1.0,2000.0,2.0,1,97,0
1.0,1400.0,10.0,1,97,0
1.0,1800.0,8.0,1,97,0
1.0,1400.0,8.0,1,97,0
1.0,1200.0,12.0,1,97,0
1.0,1600.0,6.0,1,97,0
1.0,1000.0,2.0,1,97,0
1.0,800.0,4.0,1,97,0
0.0,1000.0,4.0,0,98,0
0.0,1600.0,8.0,0,98,0
0.0,1200.0,6.0,0,98,0
1.0,2000.0,8.0,0,98,0
1.0,1400.0,4.0,0,98,0
0.0,1200.0,8.0,0,98,0
0.0,1600.0,10.0,0,98,0
0.0,1400.0,12.0,0,98,0
0.0,1400.0,8.0,0,98,0
1.0,1000.0,2.0,0,98,0
0.0,1600.0,4.0,0,98,0
0.0,1000.0,10.0,0,98,0
1.0,2000.0,4.0,0,98,0
1.0,1800.0,12.0,0,98,0
1.0,1600.0,2.0,0,98,0
0.0,2000.0,10.0,0,98,0
1.0,1400.0,2.0,0,98,0
0.0,1000.0,12.0,0,98,0
0.0,800.0,12.0,0,98,0
1.0,2000.0,12.0,0,98,0
1.0,1200.0,10.0,0,98,0
1.0,800.0,2.0,0,98,0
1.0,1000.0,6.0,0,98,0
1.0,1200.0,2.0,0,98,0
1.0,800.0,4.0,0,98,0
0.0,800.0,10.0,0,98,0
0.0,800.0,6.0,0,98,0
1.0,1800.0,8.0,0,98,0
1.0,1800.0,6.0,0,98,0
0.0,1000.0,8.0,0,98,0
1.0,1800.0,4.0,0,98,0
1.0,2000.0,6.0,0,98,0
1.0,1400.0,10.0,0,98,0
1.0,1200.0,4.0,0,98,0
1.0,1600.0,12.0,0,98,0
1.0,1800.0,2.0,0,98,0
1.0,1200.0,12.0,0,98,0
0.0,800.0,8.0,0,98,0
1.0,1600.0,6.0,0,98,0
1.0,2000.0,2.0,0,98,0
1.0,1800.0,10.0,0,98,0
1.0,1400.0,6.0,0,98,0
1.0,2000.0,4.0,1,98,0
1.0,2000.0,12.0,1,98,0
1.0,1600.0,4.0,1,98,0
0.0,800.0,12.0,1,98,0
1.0,2000.0,6.0,1,98,0
0.0,1600.0,12.0,1,98,0
1.0,1000.0,2.0,1,98,0
1.0,1600.0,2.0,1,98,0
1.0,1400.0,2.0,1,98,0
0.0,1400.0,12.0,1,98,0
1.0,800.0,8.0,1,98,0
0.0,1200.0,12.0,1,98,0
0.0,1400.0,10.0,1,98,0
1.0,1800.0,4.0,1,98,0
1.0,1800.0,12.0,1,98,0
1.0,800.0,4.0,1,98,0
1.0,2000.0,2.0,1,98,0
1.0,1600.0,10.0,1,98,0
1.0,1200.0,2.0,1,98,0
1.0,800.0,2.0,1,98,0
1.0,1000.0,10.0,1,98,0
1.0,1000.0,8.0,1,98,0
1.0,1200.0,6.0,1,98,0
1.0,1600.0,8.0,1,98,0
1.0,800.0,6.0,1,98,0
1.0,1800.0,10.0,1,98,0
1.0,2000.0,10.0,1,98,0
1.0,2000.0,8.0,1,98,0
1.0,1200.0,8.0,1,98,0
1.0,1000.0,4.0,1,98,0
1.0,1800.0,2.0,1,98,0
1.0,1600.0,6.0,1,98,0
1.0,1000.0,12.0,1,98,0
1.0,1200.0,10.0,1,98,0
1.0,1400.0,8.0,1,98,0
1.0,1200.0,4.0,1,98,0
1.0,1400.0,4.0,1,98,0
1.0,1800.0,6.0,1,98,0
1.0,1800.0,8.0,1,98,0
1.0,1000.0,6.0,1,98,0
1.0,1400.0,6.0,1,98,0
0.0,800.0,10.0,1,98,0
1.0,1200.0,4.0,0,99,1
0.0,2000.0,2.0,0,99,1
1.0,800.0,10.0,0,99,1
1.0,1800.0,2.0,0,99,1
0.0,2000.0,12.0,0,99,1
1.0,1000.0,10.0,0,99,1
1.0,1200.0,12.0,0,99,1
1.0,1200.0,2.0,0,99,1
1.0,1000.0,6.0,0,99,1
1.0,1800.0,12.0,0,99,1
1.0,1400.0,8.0,0,99,1
1.0,1600.0,6.0,0,99,1
1.0,1200.0,8.0,0,99,1
1.0,2000.0,8.0,0,99,1
0.0,800.0,12.0,0,99,1
1.0,1400.0,12.0,0,99,1
1.0,1000.0,12.0,0,99,1
1.0,1200.0,6.0,0,99,1
1.0,1800.0,4.0,0,99,1
1.0,2000.0,6.0,0,99,1
1.0,1800.0,6.0,0,99,1
1.0,800.0,2.0,0,99,1
1.0,1000.0,2.0,0,99,1
1.0,1600.0,12.0,0,99,1
0.0,1600.0,10.0,0,99,1
1.0,2000.0,4.0,0,99,1
1.0,1200.0,10.0,0,99,1
1.0,800.0,4.0,0,99,1
1.0,1800.0,8.0,0,99,1
1.0,1400.0,6.0,0,99,1
1.0,800.0,8.0,0,99,1
1.0,1400.0,2.0,0,99,1
1.0,1600.0,8.0,0,99,1
1.0,1000.0,4.0,0,99,1
1.0,1400.0,10.0,0,99,1
1.0,1400.0,4.0,0,99,1
1.0,1600.0,4.0,0,99,1
1.0,1800.0,10.0,0,99,1
0.0,1000.0,8.0,0,99,1
0.0,800.0,6.0,0,99,1
1.0,1600.0,2.0,0,99,1
0.0,2000.0,10.0,0,99,1
1.0,1800.0,2.0,1,99,1
1.0,1400.0,8.0,1,99,1
1.0,1400.0,6.0,1,99,1
0.0,2000.0,12.0,1,99,1
1.0,1200.0,8.0,1,99,1
0.0,800.0,12.0,1,99,1
1.0,1000.0,4.0,1,99,1
0.0,2000.0,6.0,1,99,1
1.0,800.0,4.0,1,99,1
1.0,1000.0,8.0,1,99,1
1.0,1600.0,12.0,1,99,1
1.0,1800.0,4.0,1,99,1
1.0,1200.0,10.0,1,99,1
1.0,1200.0,4.0,1,99,1
1.0,2000.0,4.0,1,99,1
1.0,1200.0,2.0,1,99,1
0.0,1000.0,12.0,1,99,1
1.0,1600.0,8.0,1,99,1
1.0,1800.0,8.0,1,99,1
0.0,800.0,10.0,1,99,1
1.0,1600.0,2.0,1,99,1
1.0,1600.0,10.0,1,99,1
1.0,1200.0,6.0,1,99,1
0.0,1400.0,12.0,1,99,1
1.0,2000.0,8.0,1,99,1
1.0,1600.0,4.0,1,99,1
1.0,1600.0,6.0,1,99,1
1.0,2000.0,10.0,1,99,1
0.0,1800.0,12.0,1,99,1
1.0,1000.0,2.0,1,99,1
1.0,800.0,2.0,1,99,1
1.0,1800.0,6.0,1,99,1
1.0,1400.0,10.0,1,99,1
0.0,800.0,8.0,1,99,1
1.0,1400.0,4.0,1,99,1
1.0,2000.0,2.0,1,99,1
1.0,1400.0,2.0,1,99,1
1.0,1000.0,6.0,1,99,1
1.0,800.0,6.0,1,99,1
1.0,1800.0,10.0,1,99,1
0.0,1000.0,10.0,1,99,1
0.0,1200.0,12.0,1,99,1
1.0,1000.0,2.0,1,100,1
1.0,1200.0,6.0,1,100,1
1.0,1600.0,2.0,1,100,1
1.0,800.0,4.0,1,100,1
1.0,2000.0,2.0,1,100,1
1.0,1000.0,12.0,1,100,1
1.0,1000.0,4.0,1,100,1
1.0,1800.0,8.0,1,100,1
1.0,800.0,10.0,1,100,1
1.0,1400.0,4.0,1,100,1
1.0,1400.0,10.0,1,100,1
1.0,1200.0,12.0,1,100,1
1.0,1000.0,10.0,1,100,1
1.0,1600.0,6.0,1,100,1
1.0,1000.0,8.0,1,100,1
1.0,2000.0,12.0,1,100,1
1.0,1800.0,10.0,1,100,1
1.0,1600.0,10.0,1,100,1
1.0,1600.0,12.0,1,100,1
1.0,2000.0,8.0,1,100,1
1.0,800.0,12.0,1,100,1
1.0,1800.0,12.0,1,100,1
1.0,2000.0,4.0,1,100,1
1.0,1400.0,2.0,1,100,1
1.0,1800.0,2.0,1,100,1
1.0,1200.0,4.0,1,100,1
1.0,1800.0,4.0,1,100,1
1.0,1200.0,2.0,1,100,1
1.0,800.0,6.0,1,100,1
1.0,800.0,2.0,1,100,1
1.0,1600.0,4.0,1,100,1
1.0,2000.0,10.0,1,100,1
1.0,800.0,8.0,1,100,1
1.0,1400.0,8.0,1,100,1
1.0,1400.0,12.0,1,100,1
1.0,1800.0,6.0,1,100,1
1.0,1200.0,10.0,1,100,1
1.0,1400.0,6.0,1,100,1
1.0,2000.0,6.0,1,100,1
1.0,1600.0,8.0,1,100,1
1.0,1000.0,6.0,1,100,1
1.0,1200.0,8.0,1,100,1
1.0,1800.0,10.0,0,100,1
1.0,1400.0,10.0,0,100,1
1.0,1200.0,6.0,0,100,1
1.0,800.0,4.0,0,100,1
1.0,1200.0,12.0,0,100,1
1.0,1200.0,2.0,0,100,1
1.0,1000.0,8.0,0,100,1
1.0,1800.0,12.0,0,100,1
1.0,1600.0,8.0,0,100,1
1.0,1000.0,10.0,0,100,1
1.0,1600.0,4.0,0,100,1
1.0,1200.0,8.0,0,100,1
1.0,1000.0,6.0,0,100,1
1.0,800.0,8.0,0,100,1
1.0,1400.0,6.0,0,100,1
1.0,1400.0,12.0,0,100,1
1.0,800.0,10.0,0,100,1
1.0,1200.0,4.0,0,100,1
1.0,2000.0,4.0,0,100,1
1.0,1600.0,10.0,0,100,1
1.0,2000.0,12.0,0,100,1
1.0,1600.0,12.0,0,100,1
1.0,1000.0,4.0,0,100,1
1.0,1800.0,2.0,0,100,1
1.0,1800.0,4.0,0,100,1
1.0,1600.0,6.0,0,100,1
1.0,2000.0,2.0,0,100,1
1.0,1800.0,8.0,0,100,1
1.0,800.0,2.0,0,100,1
1.0,1400.0,8.0,0,100,1
1.0,1800.0,6.0,0,100,1
1.0,2000.0,10.0,0,100,1
1.0,2000.0,6.0,0,100,1
1.0,1400.0,4.0,0,100,1
1.0,2000.0,8.0,0,100,1
1.0,800.0,12.0,0,100,1
1.0,800.0,6.0,0,100,1
1.0,1400.0,2.0,0,100,1
1.0,1200.0,10.0,0,100,1
1.0,1000.0,2.0,0,100,1
1.0,1600.0,2.0,0,100,1
1.0,1000.0,12.0,0,100,1
1.0,1400.0,12.0,0,101,0
1.0,1000.0,4.0,0,101,0
1.0,1400.0,10.0,0,101,0
1.0,2000.0,10.0,0,101,0
1.0,800.0,10.0,0,101,0
1.0,1800.0,6.0,0,101,0
1.0,1400.0,6.0,0,101,0
1.0,1800.0,8.0,0,101,0
1.0,1600.0,4.0,0,101,0
1.0,1000.0,10.0,0,101,0
1.0,1200.0,4.0,0,101,0
1.0,1200.0,10.0,0,101,0
1.0,1400.0,2.0,0,101,0
1.0,1000.0,8.0,0,101,0
1.0,1800.0,12.0,0,101,0
1.0,1600.0,12.0,0,101,0
1.0,1000.0,12.0,0,101,0
1.0,2000.0,8.0,0,101,0
1.0,1600.0,8.0,0,101,0
1.0,1800.0,10.0,0,101,0
1.0,1200.0,8.0,0,101,0
1.0,1000.0,6.0,0,101,0
1.0,1200.0,6.0,0,101,0
1.0,1800.0,2.0,0,101,0
1.0,2000.0,6.0,0,101,0
1.0,2000.0,12.0,0,101,0
1.0,800.0,2.0,0,101,0
1.0,1200.0,2.0,0,101,0
1.0,1400.0,8.0,0,101,0
1.0,1600.0,2.0,0,101,0
1.0,2000.0,2.0,0,101,0
1.0,1800.0,4.0,0,101,0
1.0,800.0,8.0,0,101,0
1.0,1400.0,4.0,0,101,0
1.0,1600.0,10.0,0,101,0
1.0,1600.0,6.0,0,101,0
1.0,1000.0,2.0,0,101,0
1.0,1200.0,12.0,0,101,0
1.0,800.0,4.0,0,101,0
1.0,800.0,6.0,0,101,0
1.0,800.0,12.0,0,101,0
1.0,2000.0,4.0,0,101,0
1.0,1000.0,8.0,1,101,0
1.0,1600.0,10.0,1,101,0
1.0,1800.0,6.0,1,101,0
1.0,1800.0,8.0,1,101,0
1.0,1600.0,2.0,1,101,0
1.0,2000.0,2.0,1,101,0
1.0,1400.0,10.0,1,101,0
1.0,1000.0,4.0,1,101,0
1.0,800.0,2.0,1,101,0
1.0,1800.0,4.0,1,101,0
1.0,2000.0,4.0,1,101,0
1.0,800.0,10.0,1,101,0
1.0,1200.0,6.0,1,101,0
1.0,1000.0,10.0,1,101,0
1.0,2000.0,10.0,1,101,0
1.0,1800.0,12.0,1,101,0
1.0,1000.0,12.0,1,101,0
1.0,2000.0,12.0,1,101,0
1.0,800.0,4.0,1,101,0
1.0,1800.0,2.0,1,101,0
1.0,1600.0,12.0,1,101,0
1.0,1800.0,10.0,1,101,0
1.0,1400.0,12.0,1,101,0
1.0,1400.0,6.0,1,101,0
1.0,800.0,6.0,1,101,0
1.0,1000.0,6.0,1,101,0
1.0,1200.0,10.0,1,101,0
1.0,2000.0,8.0,1,101,0
1.0,1200.0,4.0,1,101,0
1.0,1400.0,2.0,1,101,0
1.0,1600.0,4.0,1,101,0
1.0,1600.0,8.0,1,101,0
1.0,1200.0,2.0,1,101,0
1.0,1200.0,8.0,1,101,0
1.0,800.0,12.0,1,101,0
1.0,800.0,8.0,1,101,0
1.0,1600.0,6.0,1,101,0
1.0,2000.0,6.0,1,101,0
1.0,1400.0,8.0,1,101,0
1.0,1200.0,12.0,1,101,0
1.0,1000.0,2.0,1,101,0
1.0,1400.0,4.0,1,101,0
1.0,800.0,2.0,1,102,0
1.0,1000.0,8.0,1,102,0
1.0,1200.0,8.0,1,102,0
1.0,2000.0,2.0,1,102,0
1.0,1600.0,12.0,1,102,0
1.0,800.0,6.0,1,102,0
1.0,800.0,8.0,1,102,0
1.0,1200.0,12.0,1,102,0
1.0,1000.0,12.0,1,102,0
1.0,1200.0,4.0,1,102,0
1.0,1000.0,4.0,1,102,0
1.0,1200.0,6.0,1,102,0
1.0,1800.0,6.0,1,102,0
1.0,1600.0,10.0,1,102,0
1.0,2000.0,12.0,1,102,0
1.0,1400.0,6.0,1,102,0
1.0,1400.0,2.0,1,102,0
1.0,1000.0,6.0,1,102,0
1.0,1400.0,8.0,1,102,0
1.0,1600.0,8.0,1,102,0
1.0,2000.0,8.0,1,102,0
1.0,1800.0,2.0,1,102,0
1.0,1000.0,10.0,1,102,0
1.0,800.0,4.0,1,102,0
1.0,800.0,10.0,1,102,0
1.0,800.0,12.0,1,102,0
1.0,2000.0,4.0,1,102,0
1.0,1800.0,12.0,1,102,0
1.0,1000.0,2.0,1,102,0
1.0,1800.0,10.0,1,102,0
1.0,1400.0,12.0,1,102,0
1.0,1800.0,4.0,1,102,0
1.0,1200.0,2.0,1,102,0
1.0,1600.0,2.0,1,102,0
1.0,1600.0,6.0,1,102,0
1.0,1400.0,4.0,1,102,0
1.0,2000.0,10.0,1,102,0
1.0,1200.0,10.0,1,102,0
1.0,2000.0,6.0,1,102,0
1.0,1400.0,10.0,1,102,0
1.0,1600.0,4.0,1,102,0
1.0,1800.0,8.0,1,102,0
1.0,800.0,2.0,0,102,0
1.0,2000.0,10.0,0,102,0
1.0,1200.0,4.0,0,102,0
1.0,800.0,8.0,0,102,0
1.0,1600.0,6.0,0,102,0
1.0,1000.0,2.0,0,102,0
1.0,1000.0,6.0,0,102,0
1.0,1200.0,2.0,0,102,0
1.0,1800.0,6.0,0,102,0
1.0,2000.0,2.0,0,102,0
1.0,1800.0,12.0,0,102,0
1.0,2000.0,12.0,0,102,0
1.0,1600.0,4.0,0,102,0
1.0,2000.0,6.0,0,102,0
1.0,1400.0,2.0,0,102,0
1.0,1600.0,8.0,0,102,0
1.0,1800.0,4.0,0,102,0
1.0,1400.0,6.0,0,102,0
1.0,2000.0,8.0,0,102,0
1.0,800.0,4.0,0,102,0
1.0,1200.0,12.0,0,102,0
1.0,1800.0,8.0,0,102,0
1.0,1000.0,12.0,0,102,0
1.0,1600.0,12.0,0,102,0
1.0,800.0,10.0,0,102,0
1.0,1400.0,8.0,0,102,0
1.0,1400.0,12.0,0,102,0
1.0,1200.0,10.0,0,102,0
1.0,1600.0,10.0,0,102,0
1.0,800.0,12.0,0,102,0
1.0,1000.0,4.0,0,102,0
1.0,1200.0,8.0,0,102,0
1.0,1400.0,4.0,0,102,0
1.0,1200.0,6.0,0,102,0
1.0,800.0,6.0,0,102,0
1.0,1600.0,2.0,0,102,0
1.0,1000.0,10.0,0,102,0
1.0,2000.0,4.0,0,102,0
1.0,1000.0,8.0,0,102,0
1.0,1800.0,2.0,0,102,0
1.0,1400.0,10.0,0,102,0
1.0,1800.0,10.0,0,102,0
1.0,1200.0,10.0,0,103,1
0.0,2000.0,8.0,0,103,1
0.0,2000.0,10.0,0,103,1
1.0,1600.0,4.0,0,103,1
0.0,2000.0,4.0,0,103,1
1.0,1400.0,4.0,0,103,1
0.0,1600.0,12.0,0,103,1
0.0,1800.0,10.0,0,103,1
1.0,1200.0,8.0,0,103,1
0.0,2000.0,6.0,0,103,1
1.0,1200.0,6.0,0,103,1
1.0,800.0,8.0,0,103,1
0.0,1600.0,8.0,0,103,1
0.0,1400.0,10.0,0,103,1
0.0,1600.0,10.0,0,103,1
0.0,1800.0,12.0,0,103,1
1.0,1400.0,2.0,0,103,1
1.0,1400.0,6.0,0,103,1
1.0,1200.0,4.0,0,103,1
1.0,1800.0,4.0,0,103,1
1.0,1000.0,10.0,0,103,1
1.0,1000.0,12.0,0,103,1
1.0,800.0,12.0,0,103,1
1.0,1200.0,2.0,0,103,1
1.0,800.0,2.0,0,103,1
0.0,1400.0,8.0,0,103,1
1.0,800.0,10.0,0,103,1
0.0,1800.0,8.0,0,103,1
0.0,1200.0,12.0,0,103,1
1.0,1000.0,2.0,0,103,1
1.0,1000.0,4.0,0,103,1
1.0,800.0,4.0,0,103,1
1.0,1800.0,2.0,0,103,1
1.0,1600.0,2.0,0,103,1
0.0,2000.0,12.0,0,103,1
0.0,1400.0,12.0,0,103,1
1.0,1000.0,6.0,0,103,1
1.0,800.0,6.0,0,103,1
0.0,1800.0,6.0,0,103,1
0.0,2000.0,2.0,0,103,1
0.0,1600.0,6.0,0,103,1
1.0,1000.0,8.0,0,103,1
1.0,1600.0,4.0,1,103,1
0.0,1200.0,12.0,1,103,1
0.0,2000.0,6.0,1,103,1
1.0,1600.0,6.0,1,103,1
1.0,1000.0,10.0,1,103,1
1.0,800.0,4.0,1,103,1
1.0,800.0,2.0,1,103,1
0.0,2000.0,4.0,1,103,1
1.0,1600.0,2.0,1,103,1
1.0,1000.0,6.0,1,103,1
1.0,800.0,6.0,1,103,1
1.0,1800.0,12.0,1,103,1
1.0,1600.0,12.0,1,103,1
1.0,800.0,8.0,1,103,1
0.0,1400.0,12.0,1,103,1
1.0,1800.0,4.0,1,103,1
1.0,1200.0,8.0,1,103,1
1.0,1400.0,4.0,1,103,1
1.0,1800.0,6.0,1,103,1
0.0,2000.0,12.0,1,103,1
0.0,2000.0,8.0,1,103,1
1.0,1400.0,10.0,1,103,1
1.0,1000.0,2.0,1,103,1
0.0,1800.0,10.0,1,103,1
1.0,1000.0,8.0,1,103,1
1.0,800.0,12.0,1,103,1
1.0,1200.0,2.0,1,103,1
1.0,800.0,10.0,1,103,1
0.0,1600.0,10.0,1,103,1
0.0,1800.0,8.0,1,103,1
1.0,1200.0,6.0,1,103,1
1.0,1400.0,2.0,1,103,1
1.0,1400.0,6.0,1,103,1
1.0,1800.0,2.0,1,103,1
1.0,1400.0,8.0,1,103,1
1.0,1000.0,12.0,1,103,1
0.0,2000.0,10.0,1,103,1
1.0,1000.0,4.0,1,103,1
1.0,1200.0,4.0,1,103,1
1.0,1200.0,10.0,1,103,1
0.0,1600.0,8.0,1,103,1
0.0,2000.0,2.0,1,103,1
1.0,1400.0,4.0,0,104,0
1.0,2000.0,8.0,0,104,0
1.0,1800.0,12.0,0,104,0
1.0,1600.0,10.0,0,104,0
1.0,800.0,2.0,0,104,0
1.0,1000.0,2.0,0,104,0
1.0,1000.0,8.0,0,104,0
0.0,1000.0,10.0,0,104,0
1.0,1400.0,10.0,0,104,0
1.0,1800.0,8.0,0,104,0
1.0,800.0,4.0,0,104,0
1.0,2000.0,10.0,0,104,0
1.0,2000.0,2.0,0,104,0
1.0,1600.0,6.0,0,104,0
1.0,1600.0,2.0,0,104,0
1.0,1400.0,12.0,0,104,0
1.0,1800.0,2.0,0,104,0
1.0,800.0,12.0,0,104,0
1.0,1400.0,2.0,0,104,0
1.0,1400.0,8.0,0,104,0
1.0,1200.0,10.0,0,104,0
1.0,1000.0,6.0,0,104,0
1.0,1800.0,10.0,0,104,0
1.0,2000.0,6.0,0,104,0
1.0,1200.0,12.0,0,104,0
1.0,2000.0,4.0,0,104,0
1.0,1200.0,2.0,0,104,0
1.0,2000.0,12.0,0,104,0
1.0,800.0,10.0,0,104,0
1.0,1600.0,12.0,0,104,0
1.0,1200.0,6.0,0,104,0
1.0,1600.0,8.0,0,104,0
1.0,1000.0,4.0,0,104,0
1.0,1200.0,8.0,0,104,0
1.0,800.0,8.0,0,104,0
1.0,1200.0,4.0,0,104,0
1.0,1600.0,4.0,0,104,0
1.0,1800.0,6.0,0,104,0
1.0,1400.0,6.0,0,104,0
1.0,1800.0,4.0,0,104,0
1.0,800.0,6.0,0,104,0
1.0,1000.0,12.0,0,104,0
1.0,1200.0,8.0,1,104,0
1.0,800.0,8.0,1,104,0
1.0,2000.0,4.0,1,104,0
1.0,1200.0,12.0,1,104,0
1.0,1200.0,10.0,1,104,0
1.0,1600.0,12.0,1,104,0
1.0,1000.0,12.0,1,104,0
1.0,1600.0,2.0,1,104,0
1.0,1400.0,12.0,1,104,0
1.0,1800.0,4.0,1,104,0
1.0,1400.0,10.0,1,104,0
1.0,1600.0,8.0,1,104,0
1.0,1400.0,8.0,1,104,0
1.0,1800.0,10.0,1,104,0
1.0,800.0,12.0,1,104,0
1.0,1400.0,2.0,1,104,0
1.0,800.0,10.0,1,104,0
1.0,800.0,6.0,1,104,0
1.0,2000.0,12.0,1,104,0
1.0,1800.0,8.0,1,104,0
1.0,1200.0,6.0,1,104,0
1.0,1000.0,2.0,1,104,0
1.0,1600.0,4.0,1,104,0
1.0,1200.0,2.0,1,104,0
1.0,1000.0,6.0,1,104,0
1.0,2000.0,10.0,1,104,0
1.0,2000.0,2.0,1,104,0
1.0,1600.0,10.0,1,104,0
1.0,1800.0,12.0,1,104,0
1.0,1800.0,6.0,1,104,0
1.0,1400.0,6.0,1,104,0
1.0,1600.0,6.0,1,104,0
1.0,1000.0,4.0,1,104,0
1.0,1800.0,2.0,1,104,0
1.0,800.0,2.0,1,104,0
1.0,800.0,4.0,1,104,0
1.0,1000.0,10.0,1,104,0
1.0,1000.0,8.0,1,104,0
1.0,1400.0,4.0,1,104,0
1.0,2000.0,8.0,1,104,0
1.0,1200.0,4.0,1,104,0
1.0,2000.0,6.0,1,104,0
1.0,1400.0,6.0,0,105,1
1.0,1200.0,2.0,0,105,1
1.0,1200.0,10.0,0,105,1
1.0,800.0,4.0,0,105,1
1.0,1000.0,2.0,0,105,1
1.0,1200.0,12.0,0,105,1
1.0,1800.0,6.0,0,105,1
1.0,1400.0,4.0,0,105,1
1.0,1800.0,2.0,0,105,1
1.0,1400.0,12.0,0,105,1
1.0,1200.0,8.0,0,105,1
1.0,800.0,2.0,0,105,1
1.0,1400.0,8.0,0,105,1
1.0,1000.0,4.0,0,105,1
1.0,2000.0,6.0,0,105,1
1.0,1600.0,4.0,0,105,1
1.0,1600.0,2.0,0,105,1
1.0,2000.0,4.0,0,105,1
1.0,800.0,12.0,0,105,1
1.0,800.0,8.0,0,105,1
1.0,1800.0,12.0,0,105,1
1.0,1200.0,6.0,0,105,1
1.0,2000.0,2.0,0,105,1
1.0,1600.0,12.0,0,105,1
1.0,1000.0,6.0,0,105,1
1.0,1600.0,8.0,0,105,1
1.0,1600.0,6.0,0,105,1
1.0,800.0,10.0,0,105,1
0.0,1000.0,12.0,0,105,1
1.0,2000.0,8.0,0,105,1
1.0,1800.0,10.0,0,105,1
1.0,1600.0,10.0,0,105,1
1.0,1800.0,8.0,0,105,1
1.0,1800.0,4.0,0,105,1
1.0,2000.0,10.0,0,105,1
1.0,1400.0,2.0,0,105,1
1.0,1000.0,8.0,0,105,1
1.0,1400.0,10.0,0,105,1
1.0,1200.0,4.0,0,105,1
1.0,2000.0,12.0,0,105,1
1.0,800.0,6.0,0,105,1
1.0,1000.0,10.0,0,105,1
1.0,800.0,4.0,1,105,1
1.0,1600.0,8.0,1,105,1
1.0,1400.0,2.0,1,105,1
1.0,1000.0,4.0,1,105,1
1.0,1200.0,2.0,1,105,1
1.0,2000.0,8.0,1,105,1
1.0,1800.0,6.0,1,105,1
1.0,1400.0,4.0,1,105,1
1.0,1600.0,12.0,1,105,1
1.0,1400.0,10.0,1,105,1
1.0,2000.0,4.0,1,105,1
1.0,1800.0,12.0,1,105,1
1.0,1200.0,10.0,1,105,1
1.0,800.0,8.0,1,105,1
1.0,1200.0,4.0,1,105,1
1.0,1200.0,6.0,1,105,1
1.0,1800.0,2.0,1,105,1
1.0,1600.0,4.0,1,105,1
1.0,1000.0,12.0,1,105,1
1.0,1800.0,10.0,1,105,1
1.0,1400.0,6.0,1,105,1
1.0,2000.0,10.0,1,105,1
1.0,1600.0,6.0,1,105,1
1.0,1400.0,12.0,1,105,1
1.0,1800.0,8.0,1,105,1
1.0,1000.0,6.0,1,105,1
1.0,1200.0,12.0,1,105,1
1.0,1000.0,10.0,1,105,1
1.0,2000.0,2.0,1,105,1
1.0,1400.0,8.0,1,105,1
1.0,800.0,6.0,1,105,1
1.0,1200.0,8.0,1,105,1
1.0,2000.0,6.0,1,105,1
1.0,800.0,10.0,1,105,1
1.0,1600.0,10.0,1,105,1
1.0,1000.0,8.0,1,105,1
1.0,2000.0,12.0,1,105,1
1.0,800.0,2.0,1,105,1
1.0,1800.0,4.0,1,105,1
0.0,800.0,12.0,1,105,1
1.0,1000.0,2.0,1,105,1
1.0,1600.0,2.0,1,105,1
0.0,1400.0,8.0,1,106,1
0.0,1400.0,12.0,1,106,1
0.0,2000.0,10.0,1,106,1
0.0,1400.0,2.0,1,106,1
0.0,1800.0,12.0,1,106,1
0.0,1200.0,6.0,1,106,1
0.0,1400.0,4.0,1,106,1
0.0,1000.0,4.0,1,106,1
0.0,2000.0,6.0,1,106,1
0.0,1800.0,10.0,1,106,1
0.0,2000.0,12.0,1,106,1
0.0,1200.0,12.0,1,106,1
0.0,2000.0,4.0,1,106,1
0.0,1400.0,10.0,1,106,1
0.0,1800.0,6.0,1,106,1
0.0,1000.0,2.0,1,106,1
0.0,1200.0,10.0,1,106,1
0.0,800.0,8.0,1,106,1
0.0,1000.0,8.0,1,106,1
0.0,1600.0,6.0,1,106,1
0.0,1200.0,4.0,1,106,1
0.0,800.0,4.0,1,106,1
0.0,1600.0,10.0,1,106,1
0.0,2000.0,2.0,1,106,1
0.0,800.0,10.0,1,106,1
0.0,1600.0,8.0,1,106,1
0.0,1000.0,10.0,1,106,1
0.0,1600.0,4.0,1,106,1
0.0,800.0,12.0,1,106,1
0.0,1200.0,2.0,1,106,1
0.0,1400.0,6.0,1,106,1
0.0,800.0,2.0,1,106,1
0.0,1800.0,4.0,1,106,1
0.0,800.0,6.0,1,106,1
0.0,1800.0,2.0,1,106,1
0.0,2000.0,8.0,1,106,1
0.0,1000.0,12.0,1,106,1
0.0,1600.0,2.0,1,106,1
0.0,1800.0,8.0,1,106,1
0.0,1600.0,12.0,1,106,1
0.0,1000.0,6.0,1,106,1
0.0,1200.0,8.0,1,106,1
0.0,1000.0,10.0,0,106,1
0.0,1600.0,6.0,0,106,1
0.0,800.0,4.0,0,106,1
0.0,1200.0,2.0,0,106,1
0.0,1600.0,8.0,0,106,1
0.0,2000.0,6.0,0,106,1
0.0,2000.0,2.0,0,106,1
0.0,1200.0,4.0,0,106,1
0.0,1200.0,6.0,0,106,1
0.0,1000.0,8.0,0,106,1
0.0,1200.0,10.0,0,106,1
0.0,1400.0,12.0,0,106,1
0.0,800.0,2.0,0,106,1
0.0,1000.0,2.0,0,106,1
0.0,2000.0,12.0,0,106,1
0.0,1600.0,12.0,0,106,1
0.0,1400.0,10.0,0,106,1
0.0,800.0,8.0,0,106,1
0.0,1400.0,2.0,0,106,1
0.0,1000.0,6.0,0,106,1
0.0,1800.0,2.0,0,106,1
0.0,1000.0,12.0,0,106,1
0.0,800.0,6.0,0,106,1
0.0,800.0,12.0,0,106,1
0.0,1200.0,12.0,0,106,1
0.0,1800.0,10.0,0,106,1
0.0,2000.0,4.0,0,106,1
0.0,1600.0,2.0,0,106,1
0.0,1800.0,12.0,0,106,1
0.0,2000.0,10.0,0,106,1
0.0,2000.0,8.0,0,106,1
0.0,1400.0,6.0,0,106,1
0.0,1200.0,8.0,0,106,1
0.0,1400.0,8.0,0,106,1
0.0,1800.0,8.0,0,106,1
0.0,1800.0,6.0,0,106,1
0.0,1000.0,4.0,0,106,1
0.0,1600.0,4.0,0,106,1
0.0,1600.0,10.0,0,106,1
0.0,1400.0,4.0,0,106,1
0.0,1800.0,4.0,0,106,1
0.0,800.0,10.0,0,106,1
1.0,1400.0,12.0,0,107,0
1.0,1800.0,10.0,0,107,0
1.0,2000.0,12.0,0,107,0
1.0,1200.0,2.0,0,107,0
1.0,2000.0,4.0,0,107,0
1.0,1200.0,12.0,0,107,0
1.0,1600.0,2.0,0,107,0
1.0,2000.0,10.0,0,107,0
1.0,1800.0,2.0,0,107,0
1.0,1200.0,8.0,0,107,0
0.0,800.0,10.0,0,107,0
1.0,1800.0,12.0,0,107,0
1.0,1200.0,6.0,0,107,0
1.0,1600.0,6.0,0,107,0
0.0,800.0,2.0,0,107,0
1.0,1800.0,6.0,0,107,0
1.0,1400.0,10.0,0,107,0
1.0,2000.0,6.0,0,107,0
1.0,1600.0,10.0,0,107,0
1.0,1400.0,2.0,0,107,0
0.0,1000.0,8.0,0,107,0
1.0,1800.0,8.0,0,107,0
1.0,1400.0,4.0,0,107,0
0.0,800.0,6.0,0,107,0
1.0,1400.0,8.0,0,107,0
1.0,2000.0,2.0,0,107,0
0.0,1000.0,2.0,0,107,0
1.0,1600.0,8.0,0,107,0
1.0,1200.0,10.0,0,107,0
0.0,1000.0,10.0,0,107,0
1.0,1800.0,4.0,0,107,0
1.0,1600.0,4.0,0,107,0
0.0,800.0,4.0,0,107,0
0.0,800.0,8.0,0,107,0
1.0,1400.0,6.0,0,107,0
0.0,1000.0,6.0,0,107,0
0.0,1000.0,4.0,0,107,0
1.0,2000.0,8.0,0,107,0
0.0,800.0,12.0,0,107,0
1.0,1600.0,12.0,0,107,0
0.0,1000.0,12.0,0,107,0
1.0,1200.0,4.0,0,107,0
1.0,1600.0,10.0,1,107,0
1.0,1400.0,4.0,1,107,0
1.0,1200.0,6.0,1,107,0
1.0,2000.0,6.0,1,107,0
1.0,800.0,2.0,1,107,0
1.0,1200.0,10.0,1,107,0
1.0,1600.0,12.0,1,107,0
1.0,1200.0,8.0,1,107,0
1.0,1800.0,8.0,1,107,0
1.0,1800.0,6.0,1,107,0
1.0,1400.0,6.0,1,107,0
1.0,1600.0,2.0,1,107,0
1.0,1400.0,8.0,1,107,0
1.0,2000.0,12.0,1,107,0
1.0,2000.0,10.0,1,107,0
1.0,800.0,4.0,1,107,0
1.0,1200.0,4.0,1,107,0
1.0,800.0,8.0,1,107,0
1.0,1800.0,2.0,1,107,0
1.0,1000.0,12.0,1,107,0
1.0,800.0,12.0,1,107,0
1.0,800.0,10.0,1,107,0
1.0,800.0,6.0,1,107,0
1.0,1200.0,2.0,1,107,0
1.0,1800.0,12.0,1,107,0
1.0,1600.0,6.0,1,107,0
1.0,1800.0,10.0,1,107,0
1.0,2000.0,2.0,1,107,0
1.0,1000.0,8.0,1,107,0
1.0,1000.0,10.0,1,107,0
1.0,1000.0,6.0,1,107,0
1.0,2000.0,8.0,1,107,0
1.0,2000.0,4.0,1,107,0
1.0,1400.0,12.0,1,107,0
1.0,1200.0,12.0,1,107,0
1.0,1600.0,8.0,1,107,0
1.0,1000.0,2.0,1,107,0
1.0,1600.0,4.0,1,107,0
1.0,1000.0,4.0,1,107,0
1.0,1400.0,10.0,1,107,0
1.0,1800.0,4.0,1,107,0
1.0,1400.0,2.0,1,107,0
1.0,800.0,4.0,1,108,1
1.0,1000.0,2.0,1,108,1
1.0,1200.0,12.0,1,108,1
1.0,1000.0,12.0,1,108,1
1.0,800.0,10.0,1,108,1
1.0,1000.0,4.0,1,108,1
1.0,2000.0,10.0,1,108,1
1.0,1400.0,4.0,1,108,1
1.0,1000.0,8.0,1,108,1
1.0,1400.0,12.0,1,108,1
1.0,1600.0,12.0,1,108,1
1.0,1200.0,10.0,1,108,1
1.0,1200.0,8.0,1,108,1
1.0,1800.0,4.0,1,108,1
1.0,1800.0,8.0,1,108,1
1.0,1400.0,2.0,1,108,1
1.0,2000.0,12.0,1,108,1
1.0,2000.0,8.0,1,108,1
1.0,1000.0,6.0,1,108,1
1.0,1400.0,8.0,1,108,1
1.0,800.0,6.0,1,108,1
1.0,1600.0,4.0,1,108,1
1.0,2000.0,2.0,1,108,1
1.0,800.0,8.0,1,108,1
1.0,1600.0,2.0,1,108,1
1.0,2000.0,4.0,1,108,1
1.0,1800.0,2.0,1,108,1
1.0,1600.0,6.0,1,108,1
1.0,1200.0,6.0,1,108,1
1.0,1400.0,6.0,1,108,1
1.0,1200.0,2.0,1,108,1
1.0,800.0,12.0,1,108,1
1.0,1000.0,10.0,1,108,1
1.0,1400.0,10.0,1,108,1
1.0,1600.0,10.0,1,108,1
1.0,1200.0,4.0,1,108,1
1.0,800.0,2.0,1,108,1
1.0,1800.0,10.0,1,108,1
1.0,2000.0,6.0,1,108,1
1.0,1800.0,6.0,1,108,1
1.0,1800.0,12.0,1,108,1
1.0,1600.0,8.0,1,108,1
1.0,2000.0,2.0,0,108,1
1.0,1200.0,8.0,0,108,1
1.0,1400.0,8.0,0,108,1
1.0,1200.0,6.0,0,108,1
1.0,1400.0,2.0,0,108,1
1.0,1400.0,10.0,0,108,1
1.0,2000.0,12.0,0,108,1
1.0,2000.0,4.0,0,108,1
1.0,800.0,8.0,0,108,1
1.0,1800.0,10.0,0,108,1
1.0,1800.0,8.0,0,108,1
1.0,1800.0,4.0,0,108,1
1.0,1000.0,6.0,0,108,1
1.0,1200.0,10.0,0,108,1
1.0,1600.0,8.0,0,108,1
1.0,800.0,6.0,0,108,1
1.0,1600.0,4.0,0,108,1
1.0,1800.0,6.0,0,108,1
1.0,1600.0,12.0,0,108,1
1.0,1200.0,12.0,0,108,1
1.0,1600.0,2.0,0,108,1
1.0,1600.0,6.0,0,108,1
1.0,800.0,12.0,0,108,1
1.0,2000.0,10.0,0,108,1
1.0,1200.0,4.0,0,108,1
1.0,800.0,10.0,0,108,1
1.0,800.0,2.0,0,108,1
1.0,1200.0,2.0,0,108,1
1.0,1000.0,2.0,0,108,1
1.0,800.0,4.0,0,108,1
1.0,1400.0,12.0,0,108,1
1.0,1400.0,4.0,0,108,1
1.0,1400.0,6.0,0,108,1
1.0,1000.0,10.0,0,108,1
1.0,2000.0,6.0,0,108,1
1.0,2000.0,8.0,0,108,1
1.0,1800.0,2.0,0,108,1
1.0,1000.0,8.0,0,108,1
1.0,1000.0,4.0,0,108,1
1.0,1800.0,12.0,0,108,1
1.0,1000.0,12.0,0,108,1
1.0,1600.0,10.0,0,108,1
1.0,1800.0,8.0,0,109,1
0.0,2000.0,12.0,0,109,1
1.0,1200.0,12.0,0,109,1
1.0,1000.0,2.0,0,109,1
1.0,1200.0,6.0,0,109,1
1.0,1200.0,4.0,0,109,1
1.0,1400.0,12.0,0,109,1
1.0,1400.0,2.0,0,109,1
0.0,2000.0,4.0,0,109,1
1.0,1000.0,4.0,0,109,1
1.0,800.0,4.0,0,109,1
1.0,1800.0,6.0,0,109,1
1.0,1000.0,12.0,0,109,1
1.0,1000.0,6.0,0,109,1
1.0,800.0,2.0,0,109,1
1.0,800.0,6.0,0,109,1
1.0,1800.0,12.0,0,109,1
1.0,1000.0,8.0,0,109,1
1.0,1600.0,4.0,0,109,1
1.0,1600.0,12.0,0,109,1
1.0,1600.0,6.0,0,109,1
1.0,1600.0,2.0,0,109,1
0.0,2000.0,10.0,0,109,1
0.0,2000.0,8.0,0,109,1
1.0,1600.0,8.0,0,109,1
1.0,1000.0,10.0,0,109,1
1.0,1200.0,2.0,0,109,1
1.0,800.0,8.0,0,109,1
1.0,800.0,10.0,0,109,1
0.0,2000.0,6.0,0,109,1
1.0,1600.0,10.0,0,109,1
1.0,1800.0,4.0,0,109,1
1.0,1400.0,8.0,0,109,1
1.0,1400.0,4.0,0,109,1
1.0,1400.0,6.0,0,109,1
1.0,1800.0,2.0,0,109,1
0.0,2000.0,2.0,0,109,1
1.0,1800.0,10.0,0,109,1
1.0,1400.0,10.0,0,109,1
1.0,800.0,12.0,0,109,1
1.0,1200.0,8.0,0,109,1
1.0,1200.0,10.0,0,109,1
1.0,1000.0,8.0,1,109,1
0.0,2000.0,8.0,1,109,1
1.0,1400.0,6.0,1,109,1
1.0,800.0,10.0,1,109,1
1.0,1800.0,6.0,1,109,1
1.0,1000.0,6.0,1,109,1
0.0,2000.0,12.0,1,109,1
1.0,1600.0,8.0,1,109,1
1.0,1400.0,8.0,1,109,1
1.0,1800.0,4.0,1,109,1
1.0,1600.0,6.0,1,109,1
1.0,1200.0,8.0,1,109,1
1.0,1000.0,4.0,1,109,1
1.0,1000.0,12.0,1,109,1
1.0,1600.0,4.0,1,109,1
1.0,800.0,12.0,1,109,1
1.0,800.0,4.0,1,109,1
1.0,1600.0,2.0,1,109,1
0.0,2000.0,4.0,1,109,1
1.0,1000.0,2.0,1,109,1
1.0,1800.0,12.0,1,109,1
1.0,1400.0,4.0,1,109,1
1.0,1400.0,12.0,1,109,1
1.0,1200.0,12.0,1,109,1
0.0,2000.0,6.0,1,109,1
1.0,800.0,2.0,1,109,1
1.0,1800.0,8.0,1,109,1
1.0,1800.0,2.0,1,109,1
1.0,1200.0,6.0,1,109,1
1.0,1200.0,2.0,1,109,1
1.0,1200.0,10.0,1,109,1
0.0,2000.0,10.0,1,109,1
1.0,1600.0,10.0,1,109,1
1.0,1000.0,10.0,1,109,1
1.0,1400.0,2.0,1,109,1
1.0,1200.0,4.0,1,109,1
1.0,1400.0,10.0,1,109,1
0.0,2000.0,2.0,1,109,1
1.0,1600.0,12.0,1,109,1
1.0,800.0,6.0,1,109,1
1.0,1800.0,10.0,1,109,1
1.0,800.0,8.0,1,109,1
1.0,1600.0,6.0,1,110,0
1.0,800.0,12.0,1,110,0
1.0,1200.0,12.0,1,110,0
1.0,1400.0,10.0,1,110,0
1.0,1200.0,10.0,1,110,0
1.0,1000.0,2.0,1,110,0
1.0,1400.0,8.0,1,110,0
1.0,800.0,8.0,1,110,0
1.0,1400.0,6.0,1,110,0
1.0,1400.0,2.0,1,110,0
1.0,1800.0,2.0,1,110,0
1.0,2000.0,10.0,1,110,0
1.0,1800.0,6.0,1,110,0
1.0,1600.0,4.0,1,110,0
1.0,1800.0,10.0,1,110,0
1.0,1000.0,4.0,1,110,0
1.0,1600.0,8.0,1,110,0
1.0,1800.0,12.0,1,110,0
1.0,800.0,6.0,1,110,0
1.0,800.0,10.0,1,110,0
1.0,2000.0,12.0,1,110,0
1.0,2000.0,4.0,1,110,0
1.0,1200.0,6.0,1,110,0
0.0,1000.0,10.0,1,110,0
1.0,1600.0,10.0,1,110,0
1.0,2000.0,2.0,1,110,0
1.0,1600.0,12.0,1,110,0
1.0,1000.0,6.0,1,110,0
1.0,1200.0,8.0,1,110,0
1.0,1400.0,12.0,1,110,0
1.0,800.0,4.0,1,110,0
1.0,1800.0,4.0,1,110,0
1.0,1200.0,2.0,1,110,0
1.0,1600.0,2.0,1,110,0
1.0,2000.0,8.0,1,110,0
1.0,1000.0,8.0,1,110,0
0.0,1000.0,12.0,1,110,0
1.0,2000.0,6.0,1,110,0
1.0,1400.0,4.0,1,110,0
1.0,1200.0,4.0,1,110,0
1.0,1800.0,8.0,1,110,0
1.0,800.0,2.0,1,110,0
0.0,2000.0,12.0,0,110,0
1.0,1400.0,6.0,0,110,0
1.0,1000.0,4.0,0,110,0
0.0,1600.0,12.0,0,110,0
1.0,1600.0,2.0,0,110,0
0.0,1400.0,12.0,0,110,0
1.0,1400.0,4.0,0,110,0
0.0,1200.0,12.0,0,110,0
1.0,1200.0,6.0,0,110,0
0.0,1000.0,10.0,0,110,0
0.0,800.0,12.0,0,110,0
1.0,2000.0,8.0,0,110,0
1.0,1000.0,6.0,0,110,0
1.0,800.0,4.0,0,110,0
0.0,1200.0,8.0,0,110,0
0.0,1000.0,8.0,0,110,0
1.0,1800.0,6.0,0,110,0
1.0,1800.0,2.0,0,110,0
1.0,1800.0,8.0,0,110,0
0.0,800.0,6.0,0,110,0
1.0,1800.0,4.0,0,110,0
1.0,1200.0,4.0,0,110,0
0.0,1200.0,10.0,0,110,0
0.0,2000.0,10.0,0,110,0
1.0,1600.0,4.0,0,110,0
1.0,1600.0,8.0,0,110,0
1.0,800.0,2.0,0,110,0
1.0,1000.0,2.0,0,110,0
1.0,2000.0,6.0,0,110,0
0.0,1600.0,10.0,0,110,0
1.0,2000.0,2.0,0,110,0
0.0,1800.0,12.0,0,110,0
1.0,1400.0,2.0,0,110,0
1.0,1600.0,6.0,0,110,0
0.0,800.0,10.0,0,110,0
1.0,2000.0,4.0,0,110,0
0.0,1400.0,8.0,0,110,0
0.0,1000.0,12.0,0,110,0
0.0,1400.0,10.0,0,110,0
1.0,1800.0,10.0,0,110,0
1.0,1200.0,2.0,0,110,0
0.0,800.0,8.0,0,110,0
0.0,1600.0,12.0,0,111,1
0.0,1600.0,8.0,0,111,1
0.0,800.0,2.0,0,111,1
0.0,2000.0,4.0,0,111,1
0.0,1000.0,12.0,0,111,1
0.0,1800.0,10.0,0,111,1
0.0,800.0,10.0,0,111,1
0.0,1000.0,6.0,0,111,1
0.0,1200.0,6.0,0,111,1
0.0,1400.0,4.0,0,111,1
0.0,2000.0,12.0,0,111,1
0.0,800.0,6.0,0,111,1
0.0,1000.0,4.0,0,111,1
0.0,1000.0,2.0,0,111,1
0.0,2000.0,8.0,0,111,1
0.0,1800.0,8.0,0,111,1
0.0,800.0,8.0,0,111,1
0.0,1800.0,2.0,0,111,1
0.0,1200.0,10.0,0,111,1
0.0,800.0,12.0,0,111,1
0.0,1400.0,6.0,0,111,1
0.0,2000.0,10.0,0,111,1
0.0,1800.0,4.0,0,111,1
0.0,1600.0,6.0,0,111,1
0.0,1200.0,12.0,0,111,1
0.0,1400.0,8.0,0,111,1
0.0,2000.0,2.0,0,111,1
0.0,1600.0,4.0,0,111,1
0.0,800.0,4.0,0,111,1
0.0,1400.0,2.0,0,111,1
0.0,1000.0,8.0,0,111,1
0.0,1800.0,6.0,0,111,1
0.0,1600.0,2.0,0,111,1
0.0,1600.0,10.0,0,111,1
0.0,1400.0,12.0,0,111,1
0.0,1000.0,10.0,0,111,1
0.0,1800.0,12.0,0,111,1
0.0,1200.0,2.0,0,111,1
0.0,1400.0,10.0,0,111,1
0.0,2000.0,6.0,0,111,1
0.0,1200.0,4.0,0,111,1
0.0,1200.0,8.0,0,111,1
0.0,1600.0,6.0,1,111,1
0.0,1200.0,6.0,1,111,1
0.0,1000.0,6.0,1,111,1
0.0,800.0,10.0,1,111,1
0.0,1200.0,8.0,1,111,1
0.0,2000.0,6.0,1,111,1
0.0,1800.0,4.0,1,111,1
0.0,1800.0,6.0,1,111,1
0.0,2000.0,4.0,1,111,1
0.0,1600.0,2.0,1,111,1
0.0,800.0,8.0,1,111,1
0.0,1200.0,12.0,1,111,1
0.0,1800.0,8.0,1,111,1
0.0,1000.0,4.0,1,111,1
0.0,1400.0,2.0,1,111,1
0.0,800.0,2.0,1,111,1
0.0,1200.0,4.0,1,111,1
0.0,2000.0,12.0,1,111,1
0.0,1600.0,10.0,1,111,1
0.0,2000.0,8.0,1,111,1
0.0,1800.0,12.0,1,111,1
0.0,800.0,6.0,1,111,1
0.0,1800.0,2.0,1,111,1
0.0,1000.0,8.0,1,111,1
0.0,1200.0,10.0,1,111,1
0.0,1000.0,12.0,1,111,1
0.0,1000.0,10.0,1,111,1
0.0,1600.0,12.0,1,111,1
0.0,2000.0,2.0,1,111,1
0.0,1400.0,10.0,1,111,1
0.0,1600.0,4.0,1,111,1
0.0,1400.0,6.0,1,111,1
0.0,800.0,12.0,1,111,1
0.0,1400.0,4.0,1,111,1
0.0,1600.0,8.0,1,111,1
0.0,1200.0,2.0,1,111,1
0.0,2000.0,10.0,1,111,1
0.0,1000.0,2.0,1,111,1
0.0,1400.0,8.0,1,111,1
0.0,1800.0,10.0,1,111,1
0.0,800.0,4.0,1,111,1
0.0,1400.0,12.0,1,111,1
0.0,2000.0,8.0,0,112,1
0.0,1800.0,12.0,0,112,1
0.0,1800.0,6.0,0,112,1
0.0,800.0,10.0,0,112,1
0.0,1000.0,8.0,0,112,1
0.0,800.0,12.0,0,112,1
0.0,1400.0,12.0,0,112,1
0.0,1400.0,6.0,0,112,1
0.0,1600.0,8.0,0,112,1
0.0,2000.0,2.0,0,112,1
0.0,800.0,6.0,0,112,1
0.0,2000.0,12.0,0,112,1
0.0,1400.0,2.0,0,112,1
0.0,1600.0,6.0,0,112,1
0.0,1400.0,8.0,0,112,1
0.0,2000.0,6.0,0,112,1
0.0,1000.0,6.0,0,112,1
0.0,1600.0,4.0,0,112,1
0.0,1800.0,2.0,0,112,1
0.0,1400.0,4.0,0,112,1
0.0,1400.0,10.0,0,112,1
0.0,1200.0,6.0,0,112,1
0.0,800.0,4.0,0,112,1
0.0,1600.0,12.0,0,112,1
0.0,1000.0,10.0,0,112,1
0.0,1800.0,8.0,0,112,1
0.0,1600.0,2.0,0,112,1
0.0,1200.0,4.0,0,112,1
0.0,1800.0,10.0,0,112,1
0.0,1600.0,10.0,0,112,1
0.0,1000.0,12.0,0,112,1
0.0,1800.0,4.0,0,112,1
0.0,1200.0,10.0,0,112,1
0.0,1000.0,4.0,0,112,1
0.0,2000.0,10.0,0,112,1
0.0,1200.0,8.0,0,112,1
0.0,1000.0,2.0,0,112,1
0.0,1200.0,12.0,0,112,1
0.0,800.0,8.0,0,112,1
0.0,2000.0,4.0,0,112,1
0.0,800.0,2.0,0,112,1
0.0,1200.0,2.0,0,112,1
0.0,1600.0,10.0,1,112,1
0.0,1400.0,12.0,1,112,1
0.0,800.0,12.0,1,112,1
0.0,1200.0,10.0,1,112,1
0.0,1000.0,2.0,1,112,1
0.0,1400.0,4.0,1,112,1
0.0,1800.0,6.0,1,112,1
0.0,1200.0,6.0,1,112,1
0.0,1800.0,10.0,1,112,1
0.0,1400.0,2.0,1,112,1
0.0,1000.0,8.0,1,112,1
0.0,2000.0,2.0,1,112,1
0.0,1600.0,12.0,1,112,1
0.0,1000.0,6.0,1,112,1
0.0,1200.0,4.0,1,112,1
0.0,800.0,2.0,1,112,1
0.0,1800.0,2.0,1,112,1
0.0,800.0,10.0,1,112,1
0.0,2000.0,4.0,1,112,1
0.0,800.0,8.0,1,112,1
0.0,1800.0,4.0,1,112,1
0.0,1400.0,6.0,1,112,1
0.0,800.0,6.0,1,112,1
0.0,2000.0,8.0,1,112,1
0.0,1400.0,8.0,1,112,1
0.0,2000.0,10.0,1,112,1
0.0,1600.0,4.0,1,112,1
0.0,2000.0,12.0,1,112,1
0.0,1200.0,2.0,1,112,1
0.0,800.0,4.0,1,112,1
0.0,1200.0,12.0,1,112,1
0.0,1000.0,12.0,1,112,1
0.0,1800.0,8.0,1,112,1
0.0,1000.0,10.0,1,112,1
0.0,1600.0,6.0,1,112,1
0.0,2000.0,6.0,1,112,1
0.0,1800.0,12.0,1,112,1
0.0,1600.0,8.0,1,112,1
0.0,1600.0,2.0,1,112,1
0.0,1000.0,4.0,1,112,1
0.0,1400.0,10.0,1,112,1
0.0,1200.0,8.0,1,112,1
1.0,1600.0,12.0,1,113,0
1.0,1800.0,4.0,1,113,0
0.0,1000.0,12.0,1,113,0
1.0,2000.0,6.0,1,113,0
1.0,1400.0,4.0,1,113,0
1.0,1800.0,12.0,1,113,0
1.0,1400.0,10.0,1,113,0
1.0,1000.0,6.0,1,113,0
0.0,800.0,10.0,1,113,0
1.0,1000.0,4.0,1,113,0
0.0,800.0,12.0,1,113,0
1.0,1800.0,10.0,1,113,0
1.0,2000.0,10.0,1,113,0
1.0,800.0,2.0,1,113,0
0.0,800.0,8.0,1,113,0
1.0,1800.0,8.0,1,113,0
0.0,800.0,6.0,1,113,0
1.0,2000.0,2.0,1,113,0
1.0,800.0,4.0,1,113,0
1.0,1400.0,2.0,1,113,0
1.0,1200.0,4.0,1,113,0
1.0,1200.0,12.0,1,113,0
1.0,1000.0,2.0,1,113,0
1.0,1000.0,8.0,1,113,0
1.0,1600.0,4.0,1,113,0
1.0,1400.0,6.0,1,113,0
1.0,2000.0,4.0,1,113,0
1.0,1600.0,6.0,1,113,0
1.0,1000.0,10.0,1,113,0
1.0,2000.0,8.0,1,113,0
1.0,1600.0,2.0,1,113,0
1.0,1400.0,8.0,1,113,0
1.0,1600.0,8.0,1,113,0
1.0,1200.0,10.0,1,113,0
1.0,1800.0,6.0,1,113,0
1.0,2000.0,12.0,1,113,0
1.0,1200.0,2.0,1,113,0
1.0,1600.0,10.0,1,113,0
1.0,1800.0,2.0,1,113,0
1.0,1200.0,6.0,1,113,0
1.0,1400.0,12.0,1,113,0
1.0,1200.0,8.0,1,113,0
1.0,2000.0,2.0,0,113,0
1.0,1400.0,8.0,0,113,0
1.0,1600.0,2.0,0,113,0
0.0,800.0,12.0,0,113,0
1.0,2000.0,6.0,0,113,0
1.0,1200.0,8.0,0,113,0
1.0,1600.0,8.0,0,113,0
1.0,800.0,4.0,0,113,0
1.0,1000.0,8.0,0,113,0
1.0,1800.0,12.0,0,113,0
1.0,1400.0,12.0,0,113,0
1.0,1000.0,10.0,0,113,0
1.0,2000.0,12.0,0,113,0
1.0,1000.0,12.0,0,113,0
0.0,800.0,10.0,0,113,0
1.0,1000.0,6.0,0,113,0
1.0,1600.0,4.0,0,113,0
1.0,1800.0,10.0,0,113,0
1.0,1400.0,2.0,0,113,0
1.0,1200.0,10.0,0,113,0
1.0,1800.0,4.0,0,113,0
1.0,1200.0,2.0,0,113,0
1.0,1600.0,10.0,0,113,0
1.0,1800.0,6.0,0,113,0
1.0,2000.0,8.0,0,113,0
1.0,1000.0,4.0,0,113,0
1.0,1600.0,6.0,0,113,0
1.0,1800.0,8.0,0,113,0
1.0,1200.0,6.0,0,113,0
1.0,2000.0,10.0,0,113,0
1.0,1400.0,4.0,0,113,0
1.0,1200.0,12.0,0,113,0
1.0,2000.0,4.0,0,113,0
1.0,800.0,2.0,0,113,0
1.0,1600.0,12.0,0,113,0
1.0,1000.0,2.0,0,113,0
1.0,1400.0,6.0,0,113,0
1.0,1200.0,4.0,0,113,0
1.0,1800.0,2.0,0,113,0
1.0,800.0,6.0,0,113,0
1.0,800.0,8.0,0,113,0
1.0,1400.0,10.0,0,113,0
1.0,1000.0,6.0,1,114,1
0.0,2000.0,12.0,1,114,1
1.0,1400.0,8.0,1,114,1
1.0,1800.0,12.0,1,114,1
1.0,800.0,10.0,1,114,1
0.0,2000.0,2.0,1,114,1
1.0,1600.0,2.0,1,114,1
1.0,1200.0,8.0,1,114,1
1.0,1600.0,12.0,1,114,1
1.0,1400.0,12.0,1,114,1
1.0,1400.0,4.0,1,114,1
1.0,1800.0,8.0,1,114,1
0.0,2000.0,10.0,1,114,1
0.0,2000.0,4.0,1,114,1
1.0,1200.0,4.0,1,114,1
1.0,800.0,12.0,1,114,1
1.0,1400.0,2.0,1,114,1
1.0,1200.0,10.0,1,114,1
1.0,1800.0,6.0,1,114,1
1.0,800.0,4.0,1,114,1
1.0,1600.0,10.0,1,114,1
0.0,2000.0,6.0,1,114,1
1.0,1400.0,6.0,1,114,1
1.0,1800.0,10.0,1,114,1
1.0,1000.0,12.0,1,114,1
1.0,1200.0,6.0,1,114,1
1.0,1600.0,4.0,1,114,1
1.0,1000.0,4.0,1,114,1
1.0,1800.0,4.0,1,114,1
1.0,800.0,8.0,1,114,1
1.0,1600.0,8.0,1,114,1
1.0,800.0,6.0,1,114,1
1.0,1000.0,2.0,1,114,1
1.0,1600.0,6.0,1,114,1
1.0,800.0,2.0,1,114,1
1.0,1200.0,12.0,1,114,1
1.0,1400.0,10.0,1,114,1
0.0,2000.0,8.0,1,114,1
1.0,1200.0,2.0,1,114,1
1.0,1000.0,8.0,1,114,1
1.0,1000.0,10.0,1,114,1
1.0,1800.0,2.0,1,114,1
0.0,1200.0,12.0,0,114,1
0.0,1800.0,4.0,0,114,1
0.0,2000.0,10.0,0,114,1
0.0,800.0,4.0,0,114,1
0.0,1600.0,2.0,0,114,1
0.0,1000.0,12.0,0,114,1
0.0,1600.0,6.0,0,114,1
0.0,1000.0,6.0,0,114,1
0.0,1600.0,8.0,0,114,1
0.0,1400.0,12.0,0,114,1
0.0,1200.0,10.0,0,114,1
0.0,1000.0,10.0,0,114,1
0.0,2000.0,4.0,0,114,1
0.0,1800.0,2.0,0,114,1
0.0,1400.0,2.0,0,114,1
0.0,1800.0,12.0,0,114,1
0.0,1200.0,6.0,0,114,1
0.0,2000.0,12.0,0,114,1
0.0,1200.0,8.0,0,114,1
0.0,1800.0,8.0,0,114,1
0.0,1400.0,10.0,0,114,1
0.0,1400.0,6.0,0,114,1
0.0,800.0,10.0,0,114,1
0.0,1400.0,4.0,0,114,1
0.0,1800.0,10.0,0,114,1
0.0,2000.0,6.0,0,114,1
0.0,1800.0,6.0,0,114,1
0.0,800.0,12.0,0,114,1
0.0,1000.0,4.0,0,114,1
0.0,1200.0,2.0,0,114,1
0.0,1600.0,4.0,0,114,1
0.0,1000.0,2.0,0,114,1
0.0,800.0,6.0,0,114,1
0.0,1600.0,10.0,0,114,1
0.0,2000.0,2.0,0,114,1
0.0,1400.0,8.0,0,114,1
0.0,2000.0,8.0,0,114,1
0.0,800.0,2.0,0,114,1
0.0,800.0,8.0,0,114,1
0.0,1600.0,12.0,0,114,1
0.0,1200.0,4.0,0,114,1
0.0,1000.0,8.0,0,114,1
1.0,2000.0,4.0,1,115,0
0.0,800.0,10.0,1,115,0
1.0,1600.0,8.0,1,115,0
1.0,800.0,8.0,1,115,0
1.0,800.0,6.0,1,115,0
1.0,2000.0,10.0,1,115,0
1.0,1200.0,4.0,1,115,0
1.0,1400.0,12.0,1,115,0
1.0,2000.0,2.0,1,115,0
1.0,1800.0,6.0,1,115,0
1.0,2000.0,8.0,1,115,0
1.0,1800.0,10.0,1,115,0
1.0,1400.0,10.0,1,115,0
1.0,1800.0,2.0,1,115,0
1.0,1800.0,12.0,1,115,0
1.0,1400.0,8.0,1,115,0
1.0,1000.0,8.0,1,115,0
1.0,1200.0,12.0,1,115,0
1.0,1600.0,2.0,1,115,0
1.0,1200.0,10.0,1,115,0
1.0,1000.0,12.0,1,115,0
1.0,1000.0,4.0,1,115,0
1.0,1600.0,12.0,1,115,0
1.0,1000.0,6.0,1,115,0
1.0,1200.0,6.0,1,115,0
1.0,1800.0,4.0,1,115,0
1.0,1000.0,10.0,1,115,0
1.0,2000.0,12.0,1,115,0
1.0,1600.0,4.0,1,115,0
1.0,1000.0,2.0,1,115,0
1.0,1800.0,8.0,1,115,0
1.0,800.0,12.0,1,115,0
1.0,1200.0,2.0,1,115,0
1.0,800.0,4.0,1,115,0
1.0,2000.0,6.0,1,115,0
1.0,1400.0,2.0,1,115,0
1.0,1600.0,10.0,1,115,0
1.0,1400.0,4.0,1,115,0
1.0,1200.0,8.0,1,115,0
1.0,800.0,2.0,1,115,0
1.0,1600.0,6.0,1,115,0
1.0,1400.0,6.0,1,115,0
0.0,800.0,10.0,0,115,0
1.0,800.0,2.0,0,115,0
0.0,1400.0,8.0,0,115,0
0.0,2000.0,10.0,0,115,0
0.0,1400.0,12.0,0,115,0
0.0,800.0,12.0,0,115,0
0.0,800.0,8.0,0,115,0
1.0,2000.0,6.0,0,115,0
0.0,2000.0,12.0,0,115,0
1.0,1600.0,6.0,0,115,0
0.0,1400.0,10.0,0,115,0
1.0,800.0,6.0,0,115,0
1.0,1600.0,4.0,0,115,0
0.0,1800.0,10.0,0,115,0
1.0,1200.0,2.0,0,115,0
0.0,2000.0,8.0,0,115,0
0.0,1200.0,12.0,0,115,0
1.0,1000.0,2.0,0,115,0
0.0,1600.0,10.0,0,115,0
1.0,1000.0,4.0,0,115,0
0.0,1600.0,12.0,0,115,0
1.0,1800.0,6.0,0,115,0
0.0,1000.0,12.0,0,115,0
1.0,1400.0,6.0,0,115,0
1.0,1800.0,4.0,0,115,0
0.0,1800.0,8.0,0,115,0
1.0,2000.0,4.0,0,115,0
1.0,1200.0,4.0,0,115,0
1.0,1400.0,2.0,0,115,0
1.0,1200.0,6.0,0,115,0
0.0,1200.0,10.0,0,115,0
0.0,1600.0,8.0,0,115,0
0.0,1800.0,12.0,0,115,0
1.0,1600.0,2.0,0,115,0
1.0,2000.0,2.0,0,115,0
1.0,1400.0,4.0,0,115,0
0.0,1000.0,8.0,0,115,0
1.0,1000.0,6.0,0,115,0
1.0,800.0,4.0,0,115,0
0.0,1200.0,8.0,0,115,0
1.0,1800.0,2.0,0,115,0
0.0,1000.0,10.0,0,115,0
1.0,800.0,12.0,0,116,0
1.0,1200.0,2.0,0,116,0
1.0,1000.0,2.0,0,116,0
1.0,1200.0,12.0,0,116,0
1.0,2000.0,12.0,0,116,0
1.0,1200.0,4.0,0,116,0
1.0,800.0,6.0,0,116,0
1.0,800.0,2.0,0,116,0
1.0,1600.0,2.0,0,116,0
1.0,800.0,8.0,0,116,0
1.0,1800.0,8.0,0,116,0
1.0,1600.0,10.0,0,116,0
1.0,1600.0,4.0,0,116,0
1.0,2000.0,4.0,0,116,0
1.0,2000.0,10.0,0,116,0
1.0,1000.0,8.0,0,116,0
1.0,1000.0,12.0,0,116,0
1.0,2000.0,2.0,0,116,0
1.0,800.0,4.0,0,116,0
1.0,1800.0,6.0,0,116,0
1.0,2000.0,6.0,0,116,0
1.0,1400.0,12.0,0,116,0
1.0,1600.0,8.0,0,116,0
1.0,1400.0,2.0,0,116,0
1.0,1800.0,4.0,0,116,0
1.0,1200.0,8.0,0,116,0
1.0,1000.0,10.0,0,116,0
1.0,1200.0,10.0,0,116,0
1.0,1800.0,2.0,0,116,0
1.0,1400.0,10.0,0,116,0
1.0,1400.0,6.0,0,116,0
1.0,1800.0,12.0,0,116,0
1.0,1000.0,4.0,0,116,0
1.0,1000.0,6.0,0,116,0
1.0,1400.0,4.0,0,116,0
1.0,1800.0,10.0,0,116,0
1.0,1600.0,6.0,0,116,0
1.0,1600.0,12.0,0,116,0
1.0,2000.0,8.0,0,116,0
1.0,1400.0,8.0,0,116,0
1.0,800.0,10.0,0,116,0
1.0,1200.0,6.0,0,116,0
1.0,1800.0,12.0,1,116,0
1.0,1400.0,12.0,1,116,0
1.0,800.0,4.0,1,116,0
1.0,1400.0,10.0,1,116,0
1.0,1800.0,2.0,1,116,0
1.0,2000.0,12.0,1,116,0
1.0,1000.0,10.0,1,116,0
1.0,2000.0,4.0,1,116,0
1.0,1600.0,10.0,1,116,0
1.0,2000.0,2.0,1,116,0
1.0,1400.0,6.0,1,116,0
1.0,1000.0,12.0,1,116,0
1.0,800.0,10.0,1,116,0
1.0,1200.0,12.0,1,116,0
1.0,1200.0,10.0,1,116,0
1.0,2000.0,8.0,1,116,0
1.0,800.0,8.0,1,116,0
1.0,1200.0,4.0,1,116,0
1.0,1400.0,2.0,1,116,0
1.0,1600.0,8.0,1,116,0
1.0,1400.0,8.0,1,116,0
1.0,2000.0,10.0,1,116,0
1.0,1800.0,8.0,1,116,0
1.0,1600.0,2.0,1,116,0
1.0,1200.0,6.0,1,116,0
1.0,1600.0,4.0,1,116,0
1.0,800.0,6.0,1,116,0
1.0,1200.0,8.0,1,116,0
1.0,800.0,12.0,1,116,0
1.0,1800.0,10.0,1,116,0
1.0,1800.0,4.0,1,116,0
1.0,1000.0,6.0,1,116,0
1.0,1000.0,4.0,1,116,0
1.0,1000.0,2.0,1,116,0
1.0,1000.0,8.0,1,116,0
1.0,1600.0,6.0,1,116,0
1.0,1800.0,6.0,1,116,0
1.0,800.0,2.0,1,116,0
1.0,2000.0,6.0,1,116,0
1.0,1600.0,12.0,1,116,0
1.0,1200.0,2.0,1,116,0
1.0,1400.0,4.0,1,116,0
1.0,1200.0,10.0,0,117,0
1.0,800.0,6.0,0,117,0
1.0,1000.0,4.0,0,117,0
1.0,1600.0,12.0,0,117,0
1.0,1400.0,4.0,0,117,0
1.0,2000.0,8.0,0,117,0
1.0,1600.0,8.0,0,117,0
1.0,1000.0,6.0,0,117,0
0.0,1200.0,8.0,0,117,0
0.0,1600.0,10.0,0,117,0
0.0,1800.0,2.0,0,117,0
0.0,1200.0,12.0,0,117,0
0.0,2000.0,6.0,0,117,0
1.0,800.0,8.0,0,117,0
1.0,2000.0,4.0,0,117,0
0.0,2000.0,2.0,0,117,0
1.0,1200.0,6.0,0,117,0
0.0,1000.0,8.0,0,117,0
0.0,1800.0,6.0,0,117,0
0.0,1000.0,12.0,0,117,0
0.0,800.0,2.0,0,117,0
0.0,2000.0,12.0,0,117,0
0.0,1400.0,10.0,0,117,0
1.0,2000.0,10.0,0,117,0
0.0,1000.0,2.0,0,117,0
0.0,1800.0,4.0,0,117,0
0.0,1600.0,6.0,0,117,0
1.0,1400.0,2.0,0,117,0
1.0,800.0,4.0,0,117,0
1.0,800.0,10.0,0,117,0
1.0,1800.0,8.0,0,117,0
1.0,1400.0,6.0,0,117,0
1.0,1200.0,4.0,0,117,0
1.0,1800.0,10.0,0,117,0
1.0,1400.0,8.0,0,117,0
1.0,1400.0,12.0,0,117,0
1.0,1600.0,4.0,0,117,0
1.0,1600.0,2.0,0,117,0
1.0,1800.0,12.0,0,117,0
1.0,1200.0,2.0,0,117,0
0.0,800.0,12.0,0,117,0
0.0,1000.0,10.0,0,117,0
0.0,1200.0,12.0,1,117,0
0.0,1200.0,4.0,1,117,0
1.0,1400.0,2.0,1,117,0
0.0,1800.0,6.0,1,117,0
1.0,1000.0,12.0,1,117,0
1.0,2000.0,6.0,1,117,0
1.0,1400.0,10.0,1,117,0
1.0,1400.0,8.0,1,117,0
1.0,1000.0,4.0,1,117,0
1.0,1000.0,10.0,1,117,0
1.0,1600.0,12.0,1,117,0
0.0,1200.0,8.0,1,117,0
1.0,1000.0,8.0,1,117,0
0.0,1200.0,6.0,1,117,0
1.0,1600.0,6.0,1,117,0
0.0,800.0,10.0,1,117,0
1.0,1800.0,4.0,1,117,0
1.0,2000.0,12.0,1,117,0
1.0,1600.0,10.0,1,117,0
1.0,1000.0,6.0,1,117,0
1.0,1600.0,2.0,1,117,0
1.0,1000.0,2.0,1,117,0
1.0,1400.0,12.0,1,117,0
1.0,1600.0,8.0,1,117,0
1.0,800.0,6.0,1,117,0
1.0,800.0,4.0,1,117,0
1.0,1600.0,4.0,1,117,0
1.0,2000.0,4.0,1,117,0
1.0,1800.0,10.0,1,117,0
1.0,1200.0,10.0,1,117,0
1.0,1200.0,2.0,1,117,0
1.0,2000.0,2.0,1,117,0
1.0,800.0,2.0,1,117,0
1.0,1400.0,4.0,1,117,0
1.0,1800.0,2.0,1,117,0
0.0,2000.0,8.0,1,117,0
1.0,800.0,8.0,1,117,0
1.0,1400.0,6.0,1,117,0
1.0,1800.0,12.0,1,117,0
1.0,1800.0,8.0,1,117,0
1.0,2000.0,10.0,1,117,0
1.0,800.0,12.0,1,117,0
1.0,1200.0,10.0,0,118,0
1.0,1400.0,8.0,0,118,0
1.0,1800.0,6.0,0,118,0
1.0,1400.0,2.0,0,118,0
1.0,1000.0,6.0,0,118,0
1.0,1000.0,8.0,0,118,0
1.0,1400.0,10.0,0,118,0
1.0,800.0,10.0,0,118,0
1.0,2000.0,4.0,0,118,0
0.0,800.0,8.0,0,118,0
1.0,1000.0,10.0,0,118,0
0.0,800.0,6.0,0,118,0
1.0,1800.0,4.0,0,118,0
1.0,1200.0,2.0,0,118,0
1.0,1000.0,12.0,0,118,0
1.0,1400.0,12.0,0,118,0
1.0,800.0,2.0,0,118,0
1.0,1200.0,8.0,0,118,0
1.0,2000.0,10.0,0,118,0
1.0,1000.0,4.0,0,118,0
1.0,800.0,12.0,0,118,0
1.0,1600.0,8.0,0,118,0
1.0,2000.0,6.0,0,118,0
1.0,1800.0,12.0,0,118,0
1.0,1200.0,12.0,0,118,0
1.0,1800.0,10.0,0,118,0
1.0,1200.0,4.0,0,118,0
1.0,2000.0,8.0,0,118,0
1.0,2000.0,12.0,0,118,0
1.0,1400.0,4.0,0,118,0
1.0,1600.0,10.0,0,118,0
1.0,2000.0,2.0,0,118,0
1.0,1600.0,6.0,0,118,0
1.0,1600.0,12.0,0,118,0
1.0,1600.0,2.0,0,118,0
1.0,1800.0,8.0,0,118,0
1.0,800.0,4.0,0,118,0
1.0,1600.0,4.0,0,118,0
1.0,1800.0,2.0,0,118,0
1.0,1000.0,2.0,0,118,0
1.0,1400.0,6.0,0,118,0
1.0,1200.0,6.0,0,118,0
1.0,2000.0,8.0,1,118,0
1.0,800.0,2.0,1,118,0
1.0,1800.0,12.0,1,118,0
1.0,2000.0,10.0,1,118,0
1.0,2000.0,2.0,1,118,0
1.0,1200.0,12.0,1,118,0
1.0,1400.0,4.0,1,118,0
1.0,1200.0,10.0,1,118,0
1.0,1400.0,12.0,1,118,0
1.0,1400.0,6.0,1,118,0
1.0,1600.0,10.0,1,118,0
1.0,2000.0,12.0,1,118,0
0.0,800.0,6.0,1,118,0
1.0,1000.0,4.0,1,118,0
1.0,1000.0,12.0,1,118,0
1.0,1600.0,2.0,1,118,0
1.0,1400.0,8.0,1,118,0
1.0,1000.0,8.0,1,118,0
1.0,1800.0,6.0,1,118,0
1.0,1600.0,4.0,1,118,0
0.0,800.0,8.0,1,118,0
1.0,1600.0,6.0,1,118,0
1.0,1600.0,8.0,1,118,0
1.0,1800.0,4.0,1,118,0
1.0,1600.0,12.0,1,118,0
1.0,2000.0,4.0,1,118,0
1.0,1200.0,2.0,1,118,0
1.0,1800.0,8.0,1,118,0
1.0,1200.0,4.0,1,118,0
1.0,1000.0,10.0,1,118,0
1.0,1000.0,2.0,1,118,0
1.0,1800.0,2.0,1,118,0
1.0,1200.0,8.0,1,118,0
1.0,1200.0,6.0,1,118,0
1.0,1400.0,2.0,1,118,0
1.0,1400.0,10.0,1,118,0
1.0,800.0,4.0,1,118,0
1.0,1800.0,10.0,1,118,0
1.0,800.0,12.0,1,118,0
1.0,1000.0,6.0,1,118,0
1.0,800.0,10.0,1,118,0
1.0,2000.0,6.0,1,118,0
1.0,1000.0,12.0,0,119,1
1.0,2000.0,12.0,0,119,1
1.0,1400.0,10.0,0,119,1
1.0,1600.0,8.0,0,119,1
1.0,1200.0,10.0,0,119,1
0.0,2000.0,4.0,0,119,1
1.0,1600.0,10.0,0,119,1
1.0,800.0,10.0,0,119,1
1.0,1000.0,8.0,0,119,1
1.0,800.0,6.0,0,119,1
1.0,1400.0,2.0,0,119,1
1.0,1600.0,12.0,0,119,1
1.0,1200.0,4.0,0,119,1
1.0,1400.0,8.0,0,119,1
1.0,800.0,12.0,0,119,1
0.0,1400.0,12.0,0,119,1
1.0,1800.0,4.0,0,119,1
1.0,1800.0,6.0,0,119,1
1.0,1600.0,2.0,0,119,1
0.0,1200.0,8.0,0,119,1
1.0,2000.0,10.0,0,119,1
1.0,1000.0,4.0,0,119,1
1.0,1200.0,2.0,0,119,1
1.0,1400.0,4.0,0,119,1
1.0,1800.0,8.0,0,119,1
1.0,800.0,8.0,0,119,1
1.0,1800.0,12.0,0,119,1
1.0,800.0,2.0,0,119,1
1.0,1200.0,6.0,0,119,1
1.0,800.0,4.0,0,119,1
1.0,1200.0,12.0,0,119,1
1.0,2000.0,2.0,0,119,1
1.0,1800.0,10.0,0,119,1
0.0,1000.0,10.0,0,119,1
1.0,1600.0,6.0,0,119,1
1.0,2000.0,6.0,0,119,1
0.0,2000.0,8.0,0,119,1
1.0,1000.0,6.0,0,119,1
1.0,1800.0,2.0,0,119,1
1.0,1600.0,4.0,0,119,1
1.0,1000.0,2.0,0,119,1
0.0,1400.0,6.0,0,119,1
0.0,1000.0,6.0,1,119,1
1.0,1600.0,2.0,1,119,1
1.0,1800.0,4.0,1,119,1
0.0,1600.0,12.0,1,119,1
1.0,1200.0,6.0,1,119,1
1.0,1600.0,10.0,1,119,1
0.0,800.0,6.0,1,119,1
0.0,1200.0,10.0,1,119,1
1.0,1400.0,10.0,1,119,1
0.0,2000.0,10.0,1,119,1
1.0,1200.0,4.0,1,119,1
1.0,1800.0,6.0,1,119,1
0.0,800.0,8.0,1,119,1
1.0,1400.0,4.0,1,119,1
0.0,1800.0,2.0,1,119,1
0.0,800.0,4.0,1,119,1
1.0,2000.0,4.0,1,119,1
1.0,2000.0,8.0,1,119,1
0.0,800.0,12.0,1,119,1
1.0,1000.0,10.0,1,119,1
1.0,2000.0,2.0,1,119,1
1.0,1400.0,12.0,1,119,1
1.0,1600.0,8.0,1,119,1
0.0,1200.0,2.0,1,119,1
1.0,1200.0,12.0,1,119,1
1.0,1000.0,12.0,1,119,1
1.0,1200.0,8.0,1,119,1
0.0,2000.0,6.0,1,119,1
0.0,1000.0,4.0,1,119,1
1.0,1000.0,2.0,1,119,1
1.0,1000.0,8.0,1,119,1
0.0,1800.0,8.0,1,119,1
1.0,800.0,10.0,1,119,1
0.0,1800.0,10.0,1,119,1
1.0,800.0,2.0,1,119,1
0.0,1400.0,8.0,1,119,1
1.0,1600.0,4.0,1,119,1
0.0,1400.0,6.0,1,119,1
1.0,1400.0,2.0,1,119,1
1.0,2000.0,12.0,1,119,1
1.0,1800.0,12.0,1,119,1
1.0,1600.0,6.0,1,119,1
1.0,1800.0,4.0,1,120,0
0.0,1600.0,8.0,1,120,0
1.0,1600.0,6.0,1,120,0
0.0,800.0,6.0,1,120,0
1.0,1000.0,6.0,1,120,0
0.0,800.0,12.0,1,120,0
1.0,800.0,8.0,1,120,0
1.0,1600.0,12.0,1,120,0
1.0,1200.0,6.0,1,120,0
1.0,1200.0,10.0,1,120,0
1.0,1400.0,12.0,1,120,0
1.0,800.0,4.0,1,120,0
1.0,1200.0,8.0,1,120,0
1.0,1800.0,6.0,1,120,0
1.0,1400.0,10.0,1,120,0
1.0,1400.0,6.0,1,120,0
1.0,1600.0,2.0,1,120,0
0.0,1800.0,10.0,1,120,0
1.0,2000.0,6.0,1,120,0
1.0,1800.0,8.0,1,120,0
1.0,1400.0,2.0,1,120,0
1.0,1200.0,4.0,1,120,0
1.0,1400.0,4.0,1,120,0
1.0,1600.0,4.0,1,120,0
0.0,1400.0,8.0,1,120,0
1.0,1600.0,10.0,1,120,0
0.0,1000.0,10.0,1,120,0
1.0,1200.0,2.0,1,120,0
0.0,1000.0,12.0,1,120,0
1.0,2000.0,2.0,1,120,0
1.0,1000.0,2.0,1,120,0
1.0,2000.0,4.0,1,120,0
0.0,1000.0,8.0,1,120,0
1.0,1800.0,2.0,1,120,0
0.0,800.0,10.0,1,120,0
1.0,800.0,2.0,1,120,0
1.0,1200.0,12.0,1,120,0
1.0,1800.0,12.0,1,120,0
1.0,2000.0,10.0,1,120,0
1.0,2000.0,12.0,1,120,0
1.0,2000.0,8.0,1,120,0
1.0,1000.0,4.0,1,120,0
1.0,1800.0,2.0,0,120,0
0.0,800.0,10.0,0,120,0
1.0,1600.0,4.0,0,120,0
1.0,1200.0,6.0,0,120,0
1.0,2000.0,4.0,0,120,0
1.0,1800.0,12.0,0,120,0
1.0,1400.0,10.0,0,120,0
0.0,800.0,12.0,0,120,0
1.0,1800.0,6.0,0,120,0
1.0,1800.0,10.0,0,120,0
1.0,2000.0,6.0,0,120,0
1.0,1000.0,6.0,0,120,0
1.0,1000.0,4.0,0,120,0
0.0,1000.0,12.0,0,120,0
1.0,800.0,2.0,0,120,0
1.0,1600.0,6.0,0,120,0
1.0,1600.0,2.0,0,120,0
1.0,2000.0,10.0,0,120,0
1.0,800.0,4.0,0,120,0
0.0,1200.0,8.0,0,120,0
1.0,1600.0,12.0,0,120,0
0.0,1000.0,10.0,0,120,0
1.0,1200.0,4.0,0,120,0
0.0,800.0,6.0,0,120,0
1.0,800.0,8.0,0,120,0
1.0,1600.0,8.0,0,120,0
1.0,1400.0,12.0,0,120,0
1.0,2000.0,12.0,0,120,0
1.0,1200.0,12.0,0,120,0
0.0,1000.0,8.0,0,120,0
1.0,1400.0,8.0,0,120,0
1.0,1400.0,4.0,0,120,0
1.0,2000.0,8.0,0,120,0
1.0,1800.0,8.0,0,120,0
1.0,1000.0,2.0,0,120,0
1.0,1800.0,4.0,0,120,0
1.0,1600.0,10.0,0,120,0
1.0,2000.0,2.0,0,120,0
1.0,1200.0,10.0,0,120,0
1.0,1200.0,2.0,0,120,0
1.0,1400.0,6.0,0,120,0
1.0,1400.0,2.0,0,120,0
1.0,2000.0,2.0,1,121,0
1.0,1200.0,2.0,1,121,0
1.0,1800.0,6.0,1,121,0
0.0,1000.0,8.0,1,121,0
1.0,1000.0,10.0,1,121,0
0.0,1200.0,6.0,1,121,0
1.0,1400.0,2.0,1,121,0
0.0,800.0,6.0,1,121,0
1.0,800.0,12.0,1,121,0
1.0,1600.0,6.0,1,121,0
1.0,1600.0,8.0,1,121,0
1.0,1800.0,10.0,1,121,0
1.0,1400.0,10.0,1,121,0
1.0,1600.0,10.0,1,121,0
0.0,800.0,10.0,1,121,0
1.0,1400.0,8.0,1,121,0
1.0,1000.0,12.0,1,121,0
1.0,2000.0,8.0,1,121,0
1.0,1600.0,2.0,1,121,0
1.0,2000.0,6.0,1,121,0
1.0,1600.0,4.0,1,121,0
1.0,2000.0,12.0,1,121,0
1.0,1200.0,10.0,1,121,0
1.0,800.0,4.0,1,121,0
1.0,1800.0,4.0,1,121,0
1.0,2000.0,10.0,1,121,0
1.0,1600.0,12.0,1,121,0
1.0,1800.0,12.0,1,121,0
1.0,1400.0,4.0,1,121,0
1.0,1000.0,2.0,1,121,0
1.0,1200.0,8.0,1,121,0
1.0,1800.0,8.0,1,121,0
1.0,1200.0,4.0,1,121,0
1.0,1000.0,4.0,1,121,0
1.0,1800.0,2.0,1,121,0
1.0,1000.0,6.0,1,121,0
1.0,800.0,2.0,1,121,0
1.0,800.0,8.0,1,121,0
1.0,1200.0,12.0,1,121,0
1.0,2000.0,4.0,1,121,0
1.0,1400.0,12.0,1,121,0
1.0,1400.0,6.0,1,121,0
1.0,1600.0,2.0,0,121,0
0.0,1400.0,8.0,0,121,0
1.0,1200.0,8.0,0,121,0
1.0,1400.0,10.0,0,121,0
1.0,800.0,4.0,0,121,0
1.0,800.0,2.0,0,121,0
1.0,800.0,8.0,0,121,0
1.0,1400.0,2.0,0,121,0
1.0,1800.0,10.0,0,121,0
1.0,1800.0,6.0,0,121,0
1.0,1800.0,12.0,0,121,0
1.0,1600.0,4.0,0,121,0
1.0,2000.0,2.0,0,121,0
1.0,800.0,6.0,0,121,0
1.0,1000.0,6.0,0,121,0
1.0,1400.0,4.0,0,121,0
1.0,800.0,10.0,0,121,0
0.0,1800.0,4.0,0,121,0
1.0,1200.0,12.0,0,121,0
1.0,1000.0,8.0,0,121,0
1.0,1600.0,8.0,0,121,0
1.0,800.0,12.0,0,121,0
1.0,1600.0,10.0,0,121,0
1.0,1200.0,4.0,0,121,0
1.0,1600.0,6.0,0,121,0
1.0,1000.0,2.0,0,121,0
0.0,2000.0,4.0,0,121,0
1.0,1200.0,10.0,0,121,0
0.0,1400.0,6.0,0,121,0
1.0,2000.0,8.0,0,121,0
1.0,1200.0,6.0,0,121,0
1.0,1800.0,2.0,0,121,0
1.0,1000.0,10.0,0,121,0
1.0,1600.0,12.0,0,121,0
1.0,2000.0,10.0,0,121,0
1.0,2000.0,12.0,0,121,0
1.0,1800.0,8.0,0,121,0
1.0,1000.0,4.0,0,121,0
0.0,1400.0,12.0,0,121,0
1.0,1000.0,12.0,0,121,0
1.0,2000.0,6.0,0,121,0
1.0,1200.0,2.0,0,121,0
1.0,1600.0,10.0,1,122,1
1.0,800.0,4.0,1,122,1
1.0,800.0,10.0,1,122,1
1.0,2000.0,10.0,1,122,1
1.0,1800.0,10.0,1,122,1
1.0,1400.0,10.0,1,122,1
1.0,1000.0,2.0,1,122,1
1.0,1600.0,6.0,1,122,1
1.0,800.0,6.0,1,122,1
1.0,2000.0,8.0,1,122,1
1.0,1400.0,8.0,1,122,1
1.0,1200.0,8.0,1,122,1
1.0,800.0,12.0,1,122,1
1.0,2000.0,4.0,1,122,1
1.0,1400.0,2.0,1,122,1
1.0,1400.0,12.0,1,122,1
1.0,1200.0,10.0,1,122,1
1.0,1800.0,4.0,1,122,1
1.0,1000.0,12.0,1,122,1
1.0,1600.0,8.0,1,122,1
1.0,1200.0,4.0,1,122,1
1.0,1000.0,4.0,1,122,1
1.0,1000.0,8.0,1,122,1
1.0,1800.0,8.0,1,122,1
1.0,2000.0,2.0,1,122,1
1.0,1800.0,2.0,1,122,1
1.0,1600.0,12.0,1,122,1
1.0,1200.0,12.0,1,122,1
1.0,800.0,2.0,1,122,1
1.0,2000.0,12.0,1,122,1
1.0,1400.0,6.0,1,122,1
1.0,2000.0,6.0,1,122,1
1.0,1000.0,10.0,1,122,1
1.0,1600.0,2.0,1,122,1
1.0,1400.0,4.0,1,122,1
1.0,800.0,8.0,1,122,1
1.0,1200.0,2.0,1,122,1
1.0,1000.0,6.0,1,122,1
1.0,1800.0,12.0,1,122,1
1.0,1800.0,6.0,1,122,1
1.0,1200.0,6.0,1,122,1
1.0,1600.0,4.0,1,122,1
1.0,1400.0,2.0,0,122,1
1.0,1800.0,12.0,0,122,1
1.0,1400.0,8.0,0,122,1
1.0,1800.0,6.0,0,122,1
1.0,1400.0,12.0,0,122,1
1.0,2000.0,4.0,0,122,1
1.0,1000.0,10.0,0,122,1
1.0,1000.0,12.0,0,122,1
1.0,1600.0,6.0,0,122,1
1.0,1000.0,2.0,0,122,1
1.0,800.0,12.0,0,122,1
1.0,2000.0,2.0,0,122,1
1.0,1200.0,2.0,0,122,1
1.0,1200.0,12.0,0,122,1
1.0,1200.0,10.0,0,122,1
1.0,1600.0,4.0,0,122,1
1.0,1000.0,8.0,0,122,1
1.0,1600.0,8.0,0,122,1
1.0,1800.0,2.0,0,122,1
1.0,1400.0,4.0,0,122,1
1.0,2000.0,8.0,0,122,1
1.0,1600.0,2.0,0,122,1
1.0,1800.0,10.0,0,122,1
1.0,800.0,6.0,0,122,1
1.0,1600.0,12.0,0,122,1
1.0,1000.0,6.0,0,122,1
1.0,1600.0,10.0,0,122,1
1.0,1000.0,4.0,0,122,1
1.0,1800.0,4.0,0,122,1
1.0,1400.0,6.0,0,122,1
1.0,1400.0,10.0,0,122,1
1.0,2000.0,6.0,0,122,1
1.0,1800.0,8.0,0,122,1
1.0,800.0,2.0,0,122,1
1.0,800.0,10.0,0,122,1
1.0,800.0,4.0,0,122,1
1.0,2000.0,12.0,0,122,1
1.0,1200.0,8.0,0,122,1
1.0,800.0,8.0,0,122,1
1.0,1200.0,6.0,0,122,1
1.0,2000.0,10.0,0,122,1
1.0,1200.0,4.0,0,122,1
0.0,1800.0,6.0,0,123,1
0.0,800.0,8.0,0,123,1
0.0,800.0,6.0,0,123,1
0.0,800.0,12.0,0,123,1
0.0,1000.0,6.0,0,123,1
0.0,1600.0,12.0,0,123,1
0.0,1000.0,8.0,0,123,1
0.0,1800.0,12.0,0,123,1
0.0,1400.0,12.0,0,123,1
0.0,1800.0,2.0,0,123,1
0.0,800.0,10.0,0,123,1
1.0,800.0,2.0,0,123,1
1.0,1600.0,2.0,0,123,1
1.0,1000.0,2.0,0,123,1
0.0,1200.0,6.0,0,123,1
0.0,2000.0,4.0,0,123,1
0.0,1000.0,4.0,0,123,1
1.0,1400.0,2.0,0,123,1
0.0,2000.0,8.0,0,123,1
0.0,1400.0,4.0,0,123,1
0.0,1800.0,8.0,0,123,1
0.0,1800.0,10.0,0,123,1
0.0,1600.0,4.0,0,123,1
0.0,1000.0,10.0,0,123,1
0.0,2000.0,6.0,0,123,1
0.0,1800.0,4.0,0,123,1
0.0,1400.0,8.0,0,123,1
0.0,2000.0,12.0,0,123,1
0.0,1600.0,8.0,0,123,1
0.0,1400.0,6.0,0,123,1
0.0,2000.0,2.0,0,123,1
1.0,1200.0,2.0,0,123,1
0.0,1600.0,10.0,0,123,1
0.0,1200.0,10.0,0,123,1
0.0,1400.0,10.0,0,123,1
0.0,1200.0,4.0,0,123,1
0.0,2000.0,10.0,0,123,1
0.0,1600.0,6.0,0,123,1
0.0,1000.0,12.0,0,123,1
0.0,800.0,4.0,0,123,1
0.0,1200.0,12.0,0,123,1
0.0,1200.0,8.0,0,123,1
0.0,2000.0,12.0,1,123,1
0.0,1000.0,6.0,1,123,1
0.0,1800.0,12.0,1,123,1
1.0,1000.0,4.0,1,123,1
0.0,1600.0,10.0,1,123,1
1.0,800.0,2.0,1,123,1
0.0,800.0,6.0,1,123,1
0.0,1200.0,8.0,1,123,1
0.0,1400.0,4.0,1,123,1
0.0,2000.0,6.0,1,123,1
0.0,1600.0,4.0,1,123,1
0.0,1000.0,8.0,1,123,1
0.0,800.0,10.0,1,123,1
0.0,1800.0,8.0,1,123,1
0.0,1000.0,12.0,1,123,1
0.0,1800.0,10.0,1,123,1
0.0,1800.0,6.0,1,123,1
0.0,1200.0,10.0,1,123,1
0.0,1000.0,10.0,1,123,1
0.0,1400.0,8.0,1,123,1
0.0,1200.0,6.0,1,123,1
1.0,1600.0,2.0,1,123,1
0.0,800.0,4.0,1,123,1
1.0,1400.0,2.0,1,123,1
0.0,800.0,12.0,1,123,1
1.0,1000.0,2.0,1,123,1
0.0,1600.0,6.0,1,123,1
0.0,2000.0,4.0,1,123,1
1.0,1800.0,2.0,1,123,1
0.0,1800.0,4.0,1,123,1
0.0,800.0,8.0,1,123,1
0.0,1400.0,12.0,1,123,1
0.0,1400.0,10.0,1,123,1
0.0,1200.0,12.0,1,123,1
0.0,2000.0,10.0,1,123,1
0.0,1400.0,6.0,1,123,1
1.0,1200.0,2.0,1,123,1
0.0,1600.0,12.0,1,123,1
0.0,1200.0,4.0,1,123,1
0.0,2000.0,8.0,1,123,1
1.0,2000.0,2.0,1,123,1
0.0,1600.0,8.0,1,123,1
1.0,1800.0,12.0,1,124,1
1.0,800.0,10.0,1,124,1
1.0,800.0,6.0,1,124,1
0.0,1600.0,10.0,1,124,1
1.0,1800.0,10.0,1,124,1
0.0,1800.0,4.0,1,124,1
1.0,1800.0,2.0,1,124,1
1.0,1800.0,8.0,1,124,1
0.0,1000.0,12.0,1,124,1
1.0,1600.0,4.0,1,124,1
0.0,800.0,8.0,1,124,1
1.0,1400.0,4.0,1,124,1
0.0,2000.0,2.0,1,124,1
1.0,800.0,4.0,1,124,1
0.0,800.0,12.0,1,124,1
1.0,1200.0,2.0,1,124,1
0.0,1000.0,4.0,1,124,1
1.0,800.0,2.0,1,124,1
0.0,2000.0,8.0,1,124,1
1.0,1800.0,6.0,1,124,1
1.0,1200.0,10.0,1,124,1
1.0,1400.0,12.0,1,124,1
0.0,1200.0,12.0,1,124,1
1.0,1400.0,10.0,1,124,1
1.0,1200.0,8.0,1,124,1
1.0,1400.0,6.0,1,124,1
0.0,1400.0,8.0,1,124,1
1.0,2000.0,12.0,1,124,1
0.0,1200.0,6.0,1,124,1
0.0,1600.0,6.0,1,124,1
1.0,1000.0,2.0,1,124,1
0.0,1600.0,12.0,1,124,1
1.0,1600.0,2.0,1,124,1
0.0,1200.0,4.0,1,124,1
1.0,2000.0,10.0,1,124,1
1.0,1400.0,2.0,1,124,1
0.0,2000.0,4.0,1,124,1
0.0,1000.0,8.0,1,124,1
0.0,1000.0,6.0,1,124,1
1.0,1000.0,10.0,1,124,1
1.0,1600.0,8.0,1,124,1
0.0,2000.0,6.0,1,124,1
1.0,1000.0,6.0,0,124,1
0.0,800.0,4.0,0,124,1
1.0,1800.0,2.0,0,124,1
0.0,2000.0,10.0,0,124,1
1.0,1800.0,8.0,0,124,1
0.0,1800.0,4.0,0,124,1
1.0,1200.0,6.0,0,124,1
0.0,2000.0,12.0,0,124,1
1.0,1400.0,12.0,0,124,1
0.0,1400.0,8.0,0,124,1
1.0,800.0,8.0,0,124,1
0.0,1400.0,4.0,0,124,1
1.0,1800.0,6.0,0,124,1
0.0,1600.0,10.0,0,124,1
1.0,1600.0,8.0,0,124,1
1.0,1400.0,6.0,0,124,1
0.0,1000.0,10.0,0,124,1
1.0,1800.0,12.0,0,124,1
0.0,2000.0,4.0,0,124,1
1.0,1000.0,4.0,0,124,1
0.0,800.0,2.0,0,124,1
1.0,800.0,10.0,0,124,1
0.0,1200.0,4.0,0,124,1
1.0,1600.0,2.0,0,124,1
1.0,1600.0,12.0,0,124,1
0.0,1000.0,8.0,0,124,1
1.0,1400.0,2.0,0,124,1
0.0,2000.0,8.0,0,124,1
1.0,1600.0,4.0,0,124,1
0.0,1000.0,2.0,0,124,1
1.0,1400.0,10.0,0,124,1
0.0,2000.0,2.0,0,124,1
1.0,1200.0,2.0,0,124,1
0.0,1600.0,6.0,0,124,1
1.0,1200.0,10.0,0,124,1
1.0,1200.0,8.0,0,124,1
0.0,2000.0,6.0,0,124,1
1.0,800.0,6.0,0,124,1
0.0,1200.0,12.0,0,124,1
1.0,1000.0,12.0,0,124,1
0.0,800.0,12.0,0,124,1
0.0,1800.0,10.0,0,124,1
1.0,1000.0,6.0,1,125,1
1.0,800.0,12.0,1,125,1
1.0,1200.0,10.0,1,125,1
1.0,1200.0,6.0,1,125,1
1.0,1000.0,12.0,1,125,1
1.0,1200.0,4.0,1,125,1
1.0,1200.0,2.0,1,125,1
0.0,1600.0,2.0,1,125,1
1.0,1400.0,6.0,1,125,1
0.0,2000.0,12.0,1,125,1
0.0,800.0,6.0,1,125,1
0.0,1400.0,8.0,1,125,1
1.0,800.0,10.0,1,125,1
1.0,1400.0,12.0,1,125,1
0.0,2000.0,4.0,1,125,1
1.0,1800.0,4.0,1,125,1
0.0,1400.0,4.0,1,125,1
1.0,1200.0,8.0,1,125,1
0.0,1200.0,12.0,1,125,1
1.0,800.0,2.0,1,125,1
0.0,1800.0,6.0,1,125,1
1.0,1800.0,10.0,1,125,1
0.0,1800.0,2.0,1,125,1
1.0,1600.0,12.0,1,125,1
0.0,800.0,8.0,1,125,1
1.0,1600.0,6.0,1,125,1
0.0,800.0,4.0,1,125,1
1.0,2000.0,10.0,1,125,1
0.0,1800.0,12.0,1,125,1
0.0,1600.0,10.0,1,125,1
1.0,2000.0,2.0,1,125,1
0.0,1600.0,8.0,1,125,1
1.0,2000.0,6.0,1,125,1
0.0,1400.0,2.0,1,125,1
1.0,1800.0,8.0,1,125,1
0.0,1000.0,2.0,1,125,1
0.0,1400.0,10.0,1,125,1
1.0,1600.0,4.0,1,125,1
0.0,1000.0,8.0,1,125,1
1.0,1000.0,10.0,1,125,1
1.0,1000.0,4.0,1,125,1
1.0,2000.0,8.0,1,125,1
1.0,1800.0,2.0,0,125,1
1.0,1200.0,2.0,0,125,1
1.0,1000.0,10.0,0,125,1
1.0,800.0,12.0,0,125,1
1.0,800.0,4.0,0,125,1
1.0,1400.0,10.0,0,125,1
1.0,1600.0,8.0,0,125,1
1.0,800.0,6.0,0,125,1
1.0,1200.0,12.0,0,125,1
1.0,2000.0,12.0,0,125,1
1.0,1200.0,8.0,0,125,1
0.0,1600.0,6.0,0,125,1
1.0,1000.0,8.0,0,125,1
1.0,1800.0,6.0,0,125,1
0.0,1600.0,10.0,0,125,1
0.0,2000.0,4.0,0,125,1
1.0,1400.0,4.0,0,125,1
0.0,1600.0,4.0,0,125,1
1.0,1000.0,4.0,0,125,1
0.0,1400.0,6.0,0,125,1
0.0,2000.0,2.0,0,125,1
0.0,1800.0,10.0,0,125,1
0.0,1000.0,12.0,0,125,1
0.0,1800.0,8.0,0,125,1
1.0,1000.0,2.0,0,125,1
1.0,1600.0,2.0,0,125,1
0.0,2000.0,6.0,0,125,1
1.0,1400.0,8.0,0,125,1
1.0,1400.0,2.0,0,125,1
1.0,2000.0,8.0,0,125,1
1.0,1800.0,4.0,0,125,1
0.0,1200.0,10.0,0,125,1
1.0,1800.0,12.0,0,125,1
0.0,1400.0,12.0,0,125,1
1.0,800.0,2.0,0,125,1
0.0,800.0,10.0,0,125,1
1.0,1200.0,4.0,0,125,1
1.0,800.0,8.0,0,125,1
0.0,1600.0,12.0,0,125,1
1.0,1200.0,6.0,0,125,1
0.0,2000.0,10.0,0,125,1
1.0,1000.0,6.0,0,125,1
1.0,2000.0,8.0,1,126,0
1.0,1400.0,4.0,1,126,0
1.0,1400.0,10.0,1,126,0
1.0,1200.0,12.0,1,126,0
1.0,1000.0,10.0,1,126,0
1.0,1600.0,10.0,1,126,0
1.0,2000.0,4.0,1,126,0
1.0,1800.0,2.0,1,126,0
1.0,1600.0,8.0,1,126,0
0.0,1400.0,6.0,1,126,0
1.0,1200.0,10.0,1,126,0
1.0,1600.0,2.0,1,126,0
1.0,1400.0,12.0,1,126,0
1.0,1400.0,2.0,1,126,0
1.0,2000.0,12.0,1,126,0
1.0,1200.0,6.0,1,126,0
1.0,1000.0,6.0,1,126,0
1.0,1800.0,4.0,1,126,0
1.0,800.0,10.0,1,126,0
1.0,800.0,12.0,1,126,0
1.0,800.0,6.0,1,126,0
1.0,800.0,4.0,1,126,0
1.0,1000.0,4.0,1,126,0
1.0,800.0,2.0,1,126,0
1.0,1000.0,2.0,1,126,0
1.0,1000.0,8.0,1,126,0
1.0,2000.0,2.0,1,126,0
1.0,1000.0,12.0,1,126,0
1.0,1200.0,4.0,1,126,0
1.0,2000.0,6.0,1,126,0
1.0,1800.0,6.0,1,126,0
1.0,1600.0,6.0,1,126,0
1.0,1800.0,12.0,1,126,0
1.0,1600.0,12.0,1,126,0
1.0,1200.0,2.0,1,126,0
1.0,1800.0,8.0,1,126,0
1.0,2000.0,10.0,1,126,0
1.0,1800.0,10.0,1,126,0
1.0,800.0,8.0,1,126,0
1.0,1200.0,8.0,1,126,0
1.0,1600.0,4.0,1,126,0
1.0,1400.0,8.0,1,126,0
1.0,1400.0,4.0,0,126,0
1.0,2000.0,6.0,0,126,0
1.0,800.0,10.0,0,126,0
1.0,1200.0,6.0,0,126,0
1.0,1200.0,8.0,0,126,0
1.0,1400.0,8.0,0,126,0
1.0,1200.0,4.0,0,126,0
1.0,2000.0,10.0,0,126,0
1.0,1800.0,4.0,0,126,0
1.0,2000.0,12.0,0,126,0
1.0,800.0,2.0,0,126,0
1.0,1800.0,8.0,0,126,0
1.0,1000.0,4.0,0,126,0
1.0,1400.0,6.0,0,126,0
1.0,1600.0,2.0,0,126,0
1.0,1200.0,10.0,0,126,0
1.0,1400.0,12.0,0,126,0
1.0,1200.0,12.0,0,126,0
1.0,800.0,4.0,0,126,0
1.0,1400.0,2.0,0,126,0
1.0,2000.0,4.0,0,126,0
1.0,2000.0,8.0,0,126,0
1.0,1800.0,6.0,0,126,0
1.0,1600.0,4.0,0,126,0
1.0,1000.0,12.0,0,126,0
1.0,1000.0,6.0,0,126,0
1.0,1600.0,12.0,0,126,0
1.0,1800.0,10.0,0,126,0
1.0,800.0,12.0,0,126,0
1.0,1000.0,10.0,0,126,0
1.0,1000.0,8.0,0,126,0
1.0,1400.0,10.0,0,126,0
1.0,2000.0,2.0,0,126,0
1.0,1200.0,2.0,0,126,0
1.0,1800.0,2.0,0,126,0
1.0,1000.0,2.0,0,126,0
1.0,1800.0,12.0,0,126,0
1.0,1600.0,8.0,0,126,0
1.0,800.0,6.0,0,126,0
1.0,1600.0,10.0,0,126,0
1.0,800.0,8.0,0,126,0
1.0,1600.0,6.0,0,126,0
1.0,1800.0,4.0,0,127,0
1.0,800.0,6.0,0,127,0
1.0,1600.0,10.0,0,127,0
1.0,1200.0,6.0,0,127,0
1.0,1800.0,2.0,0,127,0
1.0,1800.0,10.0,0,127,0
0.0,1000.0,8.0,0,127,0
0.0,800.0,10.0,0,127,0
1.0,1600.0,2.0,0,127,0
1.0,1000.0,6.0,0,127,0
1.0,2000.0,10.0,0,127,0
0.0,1000.0,12.0,0,127,0
1.0,1800.0,6.0,0,127,0
1.0,1000.0,10.0,0,127,0
1.0,1400.0,2.0,0,127,0
1.0,2000.0,8.0,0,127,0
1.0,1200.0,4.0,0,127,0
1.0,800.0,2.0,0,127,0
1.0,1000.0,4.0,0,127,0
1.0,1800.0,8.0,0,127,0
0.0,1600.0,12.0,0,127,0
0.0,1200.0,12.0,0,127,0
1.0,1200.0,8.0,0,127,0
1.0,1200.0,2.0,0,127,0
1.0,1400.0,8.0,0,127,0
0.0,800.0,4.0,0,127,0
0.0,1800.0,12.0,0,127,0
1.0,1200.0,10.0,0,127,0
1.0,2000.0,4.0,0,127,0
1.0,2000.0,12.0,0,127,0
1.0,1000.0,2.0,0,127,0
1.0,2000.0,2.0,0,127,0
1.0,1600.0,8.0,0,127,0
1.0,1400.0,10.0,0,127,0
1.0,1400.0,4.0,0,127,0
0.0,800.0,12.0,0,127,0
0.0,1400.0,12.0,0,127,0
1.0,1600.0,4.0,0,127,0
0.0,800.0,8.0,0,127,0
1.0,2000.0,6.0,0,127,0
1.0,1600.0,6.0,0,127,0
1.0,1400.0,6.0,0,127,0
1.0,1200.0,8.0,1,127,0
1.0,1400.0,8.0,1,127,0
1.0,2000.0,10.0,1,127,0
1.0,1800.0,2.0,1,127,0
1.0,2000.0,8.0,1,127,0
1.0,1000.0,2.0,1,127,0
1.0,1200.0,4.0,1,127,0
1.0,1200.0,10.0,1,127,0
1.0,1400.0,12.0,1,127,0
1.0,1400.0,2.0,1,127,0
1.0,1600.0,6.0,1,127,0
1.0,2000.0,12.0,1,127,0
1.0,1600.0,4.0,1,127,0
1.0,1400.0,4.0,1,127,0
1.0,1000.0,4.0,1,127,0
1.0,1000.0,8.0,1,127,0
1.0,800.0,4.0,1,127,0
1.0,1000.0,10.0,1,127,0
1.0,1600.0,8.0,1,127,0
1.0,800.0,12.0,1,127,0
1.0,800.0,2.0,1,127,0
1.0,1000.0,12.0,1,127,0
1.0,800.0,6.0,1,127,0
1.0,800.0,8.0,1,127,0
1.0,2000.0,4.0,1,127,0
1.0,1400.0,6.0,1,127,0
1.0,1400.0,10.0,1,127,0
1.0,1800.0,6.0,1,127,0
1.0,1200.0,2.0,1,127,0
1.0,1800.0,8.0,1,127,0
1.0,2000.0,2.0,1,127,0
1.0,1600.0,2.0,1,127,0
1.0,1800.0,10.0,1,127,0
1.0,1200.0,12.0,1,127,0
1.0,2000.0,6.0,1,127,0
1.0,1600.0,12.0,1,127,0
1.0,1200.0,6.0,1,127,0
1.0,800.0,10.0,1,127,0
1.0,1800.0,4.0,1,127,0
1.0,1000.0,6.0,1,127,0
1.0,1800.0,12.0,1,127,0
1.0,1600.0,10.0,1,127,0
0.0,800.0,12.0,1,128,0
1.0,2000.0,2.0,1,128,0
1.0,1800.0,6.0,1,128,0
0.0,800.0,10.0,1,128,0
0.0,800.0,8.0,1,128,0
0.0,2000.0,12.0,1,128,0
0.0,1000.0,10.0,1,128,0
0.0,800.0,4.0,1,128,0
1.0,1800.0,4.0,1,128,0
1.0,2000.0,4.0,1,128,0
0.0,1200.0,4.0,1,128,0
0.0,2000.0,10.0,1,128,0
0.0,1800.0,12.0,1,128,0
0.0,1200.0,12.0,1,128,0
0.0,1400.0,4.0,1,128,0
0.0,1200.0,10.0,1,128,0
0.0,1800.0,8.0,1,128,0
0.0,1600.0,8.0,1,128,0
0.0,800.0,6.0,1,128,0
0.0,1600.0,6.0,1,128,0
0.0,1400.0,10.0,1,128,0
0.0,1600.0,12.0,1,128,0
0.0,1400.0,6.0,1,128,0
0.0,1000.0,12.0,1,128,0
1.0,1000.0,2.0,1,128,0
0.0,1400.0,12.0,1,128,0
1.0,1600.0,4.0,1,128,0
0.0,1000.0,6.0,1,128,0
1.0,1200.0,2.0,1,128,0
0.0,2000.0,8.0,1,128,0
1.0,1600.0,2.0,1,128,0
0.0,1000.0,8.0,1,128,0
1.0,1400.0,2.0,1,128,0
0.0,1200.0,6.0,1,128,0
1.0,800.0,2.0,1,128,0
0.0,1400.0,8.0,1,128,0
0.0,1200.0,8.0,1,128,0
0.0,2000.0,6.0,1,128,0
0.0,1800.0,10.0,1,128,0
1.0,1800.0,2.0,1,128,0
0.0,1600.0,10.0,1,128,0
0.0,1000.0,4.0,1,128,0
0.0,1000.0,12.0,0,128,0
0.0,2000.0,4.0,0,128,0
0.0,1400.0,4.0,0,128,0
1.0,1200.0,2.0,0,128,0
1.0,1000.0,2.0,0,128,0
0.0,1400.0,12.0,0,128,0
0.0,800.0,8.0,0,128,0
1.0,1400.0,2.0,0,128,0
0.0,1800.0,6.0,0,128,0
0.0,1800.0,10.0,0,128,0
0.0,1200.0,10.0,0,128,0
0.0,1600.0,8.0,0,128,0
0.0,1200.0,12.0,0,128,0
0.0,800.0,4.0,0,128,0
0.0,2000.0,12.0,0,128,0
0.0,1600.0,10.0,0,128,0
0.0,1800.0,4.0,0,128,0
0.0,1200.0,8.0,0,128,0
0.0,1800.0,8.0,0,128,0
0.0,1400.0,10.0,0,128,0
0.0,1800.0,12.0,0,128,0
1.0,2000.0,2.0,0,128,0
0.0,2000.0,10.0,0,128,0
1.0,1800.0,2.0,0,128,0
0.0,1000.0,4.0,0,128,0
0.0,800.0,12.0,0,128,0
0.0,1000.0,8.0,0,128,0
0.0,1600.0,12.0,0,128,0
1.0,1600.0,2.0,0,128,0
0.0,1600.0,6.0,0,128,0
0.0,800.0,6.0,0,128,0
0.0,1000.0,6.0,0,128,0
0.0,1200.0,4.0,0,128,0
0.0,1200.0,6.0,0,128,0
0.0,1400.0,6.0,0,128,0
0.0,1400.0,8.0,0,128,0
0.0,2000.0,8.0,0,128,0
0.0,1600.0,4.0,0,128,0
1.0,800.0,2.0,0,128,0
0.0,800.0,10.0,0,128,0
0.0,2000.0,6.0,0,128,0
0.0,1000.0,10.0,0,128,0
0.0,1400.0,12.0,0,129,0
1.0,1800.0,12.0,0,129,0
1.0,1000.0,8.0,0,129,0
1.0,1200.0,12.0,0,129,0
1.0,1800.0,2.0,0,129,0
1.0,2000.0,4.0,0,129,0
1.0,1000.0,12.0,0,129,0
1.0,1200.0,4.0,0,129,0
0.0,800.0,8.0,0,129,0
1.0,1800.0,10.0,0,129,0
1.0,1800.0,4.0,0,129,0
1.0,1800.0,6.0,0,129,0
1.0,2000.0,2.0,0,129,0
1.0,1600.0,12.0,0,129,0
1.0,1400.0,10.0,0,129,0
1.0,1000.0,2.0,0,129,0
1.0,1400.0,6.0,0,129,0
1.0,800.0,4.0,0,129,0
1.0,1200.0,8.0,0,129,0
1.0,800.0,2.0,0,129,0
1.0,1600.0,10.0,0,129,0
1.0,1600.0,4.0,0,129,0
1.0,1400.0,4.0,0,129,0
1.0,1000.0,4.0,0,129,0
1.0,1000.0,6.0,0,129,0
1.0,2000.0,12.0,0,129,0
0.0,800.0,12.0,0,129,0
1.0,1400.0,8.0,0,129,0
1.0,2000.0,10.0,0,129,0
1.0,1600.0,6.0,0,129,0
1.0,2000.0,8.0,0,129,0
0.0,800.0,10.0,0,129,0
1.0,1800.0,8.0,0,129,0
1.0,1200.0,6.0,0,129,0
1.0,1000.0,10.0,0,129,0
1.0,1400.0,2.0,0,129,0
1.0,1200.0,10.0,0,129,0
1.0,1600.0,2.0,0,129,0
0.0,800.0,6.0,0,129,0
1.0,1600.0,8.0,0,129,0
1.0,2000.0,6.0,0,129,0
1.0,1200.0,2.0,0,129,0
1.0,1800.0,4.0,1,129,0
1.0,2000.0,8.0,1,129,0
1.0,800.0,10.0,1,129,0
1.0,1400.0,10.0,1,129,0
1.0,1200.0,6.0,1,129,0
1.0,800.0,8.0,1,129,0
1.0,1000.0,4.0,1,129,0
1.0,1200.0,4.0,1,129,0
1.0,1800.0,8.0,1,129,0
1.0,1000.0,12.0,1,129,0
1.0,2000.0,10.0,1,129,0
1.0,1800.0,2.0,1,129,0
1.0,1800.0,10.0,1,129,0
1.0,2000.0,6.0,1,129,0
1.0,1200.0,2.0,1,129,0
1.0,1200.0,12.0,1,129,0
1.0,1600.0,10.0,1,129,0
1.0,2000.0,4.0,1,129,0
1.0,800.0,6.0,1,129,0
1.0,1200.0,10.0,1,129,0
1.0,1200.0,8.0,1,129,0
1.0,1800.0,12.0,1,129,0
1.0,1400.0,4.0,1,129,0
1.0,1000.0,10.0,1,129,0
0.0,800.0,12.0,1,129,0
1.0,1400.0,6.0,1,129,0
1.0,1600.0,12.0,1,129,0
1.0,2000.0,12.0,1,129,0
1.0,1400.0,2.0,1,129,0
1.0,1800.0,6.0,1,129,0
1.0,1600.0,6.0,1,129,0
1.0,1600.0,2.0,1,129,0
1.0,1400.0,12.0,1,129,0
1.0,1000.0,8.0,1,129,0
1.0,800.0,2.0,1,129,0
1.0,1000.0,2.0,1,129,0
1.0,1600.0,4.0,1,129,0
1.0,2000.0,2.0,1,129,0
1.0,1000.0,6.0,1,129,0
1.0,1400.0,8.0,1,129,0
1.0,1600.0,8.0,1,129,0
1.0,800.0,4.0,1,129,0
1.0,1800.0,8.0,1,130,0
1.0,1400.0,6.0,1,130,0
1.0,2000.0,4.0,1,130,0
0.0,2000.0,12.0,1,130,0
1.0,1200.0,8.0,1,130,0
0.0,1000.0,10.0,1,130,0
1.0,1000.0,12.0,1,130,0
1.0,1600.0,2.0,1,130,0
1.0,1800.0,4.0,1,130,0
1.0,1200.0,2.0,1,130,0
1.0,1000.0,6.0,1,130,0
1.0,1400.0,10.0,1,130,0
1.0,1200.0,12.0,1,130,0
1.0,1600.0,8.0,1,130,0
1.0,1800.0,12.0,1,130,0
1.0,1600.0,6.0,1,130,0
1.0,1200.0,6.0,1,130,0
0.0,1000.0,4.0,1,130,0
0.0,1000.0,8.0,1,130,0
1.0,1400.0,2.0,1,130,0
1.0,1200.0,10.0,1,130,0
1.0,1800.0,2.0,1,130,0
1.0,800.0,2.0,1,130,0
1.0,800.0,10.0,1,130,0
1.0,2000.0,8.0,1,130,0
1.0,1600.0,12.0,1,130,0
0.0,800.0,12.0,1,130,0
1.0,800.0,6.0,1,130,0
1.0,800.0,8.0,1,130,0
1.0,1200.0,4.0,1,130,0
1.0,1600.0,4.0,1,130,0
1.0,1400.0,8.0,1,130,0
1.0,1000.0,2.0,1,130,0
1.0,1400.0,12.0,1,130,0
1.0,1600.0,10.0,1,130,0
1.0,2000.0,10.0,1,130,0
1.0,1800.0,10.0,1,130,0
1.0,2000.0,6.0,1,130,0
1.0,1400.0,4.0,1,130,0
1.0,1800.0,6.0,1,130,0
1.0,2000.0,2.0,1,130,0
1.0,800.0,4.0,1,130,0
1.0,1200.0,2.0,0,130,0
1.0,800.0,2.0,0,130,0
1.0,1200.0,12.0,0,130,0
1.0,800.0,10.0,0,130,0
1.0,1600.0,8.0,0,130,0
1.0,1800.0,2.0,0,130,0
1.0,1400.0,2.0,0,130,0
1.0,1800.0,12.0,0,130,0
1.0,1200.0,6.0,0,130,0
1.0,1000.0,10.0,0,130,0
1.0,2000.0,12.0,0,130,0
1.0,1800.0,4.0,0,130,0
1.0,1200.0,8.0,0,130,0
1.0,1000.0,4.0,0,130,0
1.0,1400.0,12.0,0,130,0
1.0,800.0,4.0,0,130,0
1.0,1000.0,12.0,0,130,0
1.0,1400.0,6.0,0,130,0
1.0,1000.0,8.0,0,130,0
1.0,2000.0,10.0,0,130,0
1.0,800.0,6.0,0,130,0
1.0,1600.0,10.0,0,130,0
1.0,1600.0,6.0,0,130,0
1.0,1400.0,8.0,0,130,0
1.0,1600.0,12.0,0,130,0
1.0,1800.0,6.0,0,130,0
1.0,1400.0,10.0,0,130,0
1.0,1800.0,8.0,0,130,0
1.0,2000.0,4.0,0,130,0
1.0,800.0,8.0,0,130,0
1.0,2000.0,8.0,0,130,0
1.0,800.0,12.0,0,130,0
1.0,1200.0,10.0,0,130,0
1.0,1000.0,6.0,0,130,0
1.0,1600.0,2.0,0,130,0
1.0,1000.0,2.0,0,130,0
1.0,1800.0,10.0,0,130,0
1.0,1600.0,4.0,0,130,0
1.0,2000.0,6.0,0,130,0
1.0,1200.0,4.0,0,130,0
1.0,1400.0,4.0,0,130,0
1.0,2000.0,2.0,0,130,0
1.0,800.0,8.0,1,131,1
1.0,1400.0,4.0,1,131,1
1.0,1200.0,10.0,1,131,1
1.0,1200.0,6.0,1,131,1
0.0,800.0,2.0,1,131,1
1.0,1400.0,6.0,1,131,1
1.0,1000.0,2.0,1,131,1
0.0,1800.0,2.0,1,131,1
1.0,800.0,4.0,1,131,1
1.0,1000.0,12.0,1,131,1
1.0,1800.0,4.0,1,131,1
1.0,1000.0,10.0,1,131,1
1.0,1400.0,10.0,1,131,1
0.0,1000.0,4.0,1,131,1
1.0,1200.0,12.0,1,131,1
0.0,1600.0,2.0,1,131,1
0.0,1600.0,8.0,1,131,1
1.0,1000.0,6.0,1,131,1
1.0,1600.0,12.0,1,131,1
1.0,2000.0,12.0,1,131,1
1.0,1600.0,10.0,1,131,1
0.0,1200.0,2.0,1,131,1
1.0,800.0,10.0,1,131,1
1.0,1400.0,2.0,1,131,1
1.0,800.0,12.0,1,131,1
1.0,1400.0,8.0,1,131,1
1.0,1800.0,10.0,1,131,1
1.0,1600.0,4.0,1,131,1
1.0,1800.0,8.0,1,131,1
1.0,2000.0,10.0,1,131,1
1.0,2000.0,8.0,1,131,1
1.0,2000.0,6.0,1,131,1
1.0,800.0,6.0,1,131,1
1.0,1200.0,4.0,1,131,1
1.0,1600.0,6.0,1,131,1
1.0,1000.0,8.0,1,131,1
1.0,1800.0,12.0,1,131,1
1.0,1200.0,8.0,1,131,1
1.0,1800.0,6.0,1,131,1
1.0,2000.0,2.0,1,131,1
1.0,1400.0,12.0,1,131,1
1.0,2000.0,4.0,1,131,1
1.0,1000.0,4.0,0,131,1
1.0,1200.0,2.0,0,131,1
1.0,800.0,6.0,0,131,1
1.0,2000.0,8.0,0,131,1
1.0,1600.0,10.0,0,131,1
1.0,2000.0,12.0,0,131,1
1.0,1600.0,2.0,0,131,1
1.0,1600.0,6.0,0,131,1
1.0,1200.0,6.0,0,131,1
1.0,1400.0,4.0,0,131,1
1.0,1000.0,6.0,0,131,1
1.0,1000.0,8.0,0,131,1
1.0,800.0,12.0,0,131,1
1.0,1200.0,8.0,0,131,1
1.0,1200.0,10.0,0,131,1
1.0,1800.0,12.0,0,131,1
1.0,1000.0,10.0,0,131,1
1.0,1200.0,4.0,0,131,1
1.0,1800.0,10.0,0,131,1
1.0,1400.0,10.0,0,131,1
1.0,1800.0,6.0,0,131,1
1.0,2000.0,6.0,0,131,1
1.0,1600.0,12.0,0,131,1
1.0,800.0,10.0,0,131,1
1.0,1000.0,2.0,0,131,1
1.0,1000.0,12.0,0,131,1
1.0,1800.0,4.0,0,131,1
1.0,1400.0,8.0,0,131,1
1.0,1600.0,8.0,0,131,1
1.0,1800.0,2.0,0,131,1
1.0,2000.0,4.0,0,131,1
1.0,800.0,4.0,0,131,1
1.0,1400.0,2.0,0,131,1
1.0,1400.0,12.0,0,131,1
1.0,1200.0,12.0,0,131,1
1.0,800.0,8.0,0,131,1
1.0,2000.0,2.0,0,131,1
1.0,800.0,2.0,0,131,1
1.0,1400.0,6.0,0,131,1
1.0,2000.0,10.0,0,131,1
1.0,1800.0,8.0,0,131,1
1.0,1600.0,4.0,0,131,1
1.0,2000.0,2.0,0,132,1
1.0,1600.0,8.0,0,132,1
1.0,1400.0,10.0,0,132,1
1.0,1200.0,4.0,0,132,1
1.0,1400.0,6.0,0,132,1
1.0,1000.0,8.0,0,132,1
1.0,1800.0,6.0,0,132,1
1.0,1200.0,10.0,0,132,1
1.0,1800.0,8.0,0,132,1
1.0,1600.0,4.0,0,132,1
1.0,800.0,10.0,0,132,1
1.0,2000.0,6.0,0,132,1
1.0,1800.0,4.0,0,132,1
1.0,2000.0,8.0,0,132,1
1.0,1600.0,10.0,0,132,1
1.0,1800.0,2.0,0,132,1
1.0,1600.0,6.0,0,132,1
1.0,1000.0,2.0,0,132,1
1.0,800.0,8.0,0,132,1
1.0,800.0,4.0,0,132,1
1.0,1400.0,4.0,0,132,1
1.0,800.0,12.0,0,132,1
1.0,1400.0,8.0,0,132,1
1.0,1000.0,4.0,0,132,1
1.0,800.0,6.0,0,132,1
1.0,1000.0,10.0,0,132,1
1.0,1400.0,2.0,0,132,1
1.0,2000.0,10.0,0,132,1
1.0,1200.0,2.0,0,132,1
1.0,1000.0,6.0,0,132,1
1.0,800.0,2.0,0,132,1
1.0,2000.0,4.0,0,132,1
1.0,1600.0,12.0,0,132,1
1.0,1600.0,2.0,0,132,1
1.0,1200.0,6.0,0,132,1
1.0,1200.0,12.0,0,132,1
1.0,1800.0,12.0,0,132,1
1.0,1200.0,8.0,0,132,1
0.0,2000.0,12.0,0,132,1
1.0,1000.0,12.0,0,132,1
1.0,1400.0,12.0,0,132,1
1.0,1800.0,10.0,0,132,1
1.0,1200.0,12.0,1,132,1
1.0,1800.0,2.0,1,132,1
1.0,1200.0,10.0,1,132,1
1.0,800.0,6.0,1,132,1
1.0,1400.0,2.0,1,132,1
1.0,1000.0,10.0,1,132,1
1.0,2000.0,2.0,1,132,1
1.0,800.0,4.0,1,132,1
1.0,1800.0,10.0,1,132,1
1.0,1600.0,12.0,1,132,1
1.0,2000.0,8.0,1,132,1
1.0,800.0,2.0,1,132,1
1.0,1800.0,4.0,1,132,1
1.0,1000.0,6.0,1,132,1
1.0,2000.0,6.0,1,132,1
1.0,1000.0,8.0,1,132,1
1.0,1600.0,8.0,1,132,1
1.0,2000.0,12.0,1,132,1
1.0,1200.0,8.0,1,132,1
1.0,800.0,12.0,1,132,1
1.0,1800.0,8.0,1,132,1
1.0,1600.0,6.0,1,132,1
1.0,1200.0,6.0,1,132,1
1.0,2000.0,4.0,1,132,1
1.0,1000.0,2.0,1,132,1
1.0,1800.0,6.0,1,132,1
1.0,1400.0,6.0,1,132,1
1.0,1400.0,8.0,1,132,1
1.0,1400.0,4.0,1,132,1
1.0,2000.0,10.0,1,132,1
1.0,1800.0,12.0,1,132,1
1.0,1400.0,12.0,1,132,1
1.0,1200.0,2.0,1,132,1
1.0,1200.0,4.0,1,132,1
1.0,1600.0,4.0,1,132,1
1.0,1600.0,10.0,1,132,1
1.0,1000.0,4.0,1,132,1
1.0,800.0,10.0,1,132,1
1.0,1000.0,12.0,1,132,1
1.0,800.0,8.0,1,132,1
1.0,1600.0,2.0,1,132,1
1.0,1400.0,10.0,1,132,1
1.0,1000.0,4.0,0,133,1
1.0,800.0,8.0,0,133,1
1.0,1000.0,6.0,0,133,1
1.0,2000.0,12.0,0,133,1
1.0,1400.0,8.0,0,133,1
0.0,1600.0,8.0,0,133,1
1.0,2000.0,2.0,0,133,1
1.0,800.0,10.0,0,133,1
1.0,1000.0,8.0,0,133,1
1.0,1400.0,4.0,0,133,1
1.0,1800.0,10.0,0,133,1
1.0,800.0,4.0,0,133,1
1.0,800.0,12.0,0,133,1
1.0,2000.0,10.0,0,133,1
1.0,1200.0,8.0,0,133,1
1.0,1600.0,6.0,0,133,1
0.0,1400.0,10.0,0,133,1
1.0,1200.0,12.0,0,133,1
1.0,1600.0,12.0,0,133,1
1.0,2000.0,8.0,0,133,1
1.0,1800.0,6.0,0,133,1
1.0,2000.0,4.0,0,133,1
1.0,2000.0,6.0,0,133,1
1.0,1800.0,12.0,0,133,1
1.0,1800.0,4.0,0,133,1
1.0,1200.0,10.0,0,133,1
1.0,1800.0,8.0,0,133,1
1.0,1200.0,6.0,0,133,1
1.0,1200.0,2.0,0,133,1
1.0,1400.0,12.0,0,133,1
1.0,1600.0,2.0,0,133,1
1.0,1600.0,10.0,0,133,1
0.0,1200.0,4.0,0,133,1
0.0,1400.0,2.0,0,133,1
0.0,800.0,6.0,0,133,1
0.0,800.0,2.0,0,133,1
0.0,1000.0,2.0,0,133,1
1.0,1000.0,10.0,0,133,1
1.0,1400.0,6.0,0,133,1
0.0,1600.0,4.0,0,133,1
0.0,1800.0,2.0,0,133,1
0.0,1000.0,12.0,0,133,1
1.0,2000.0,4.0,1,133,1
1.0,1400.0,12.0,1,133,1
1.0,1200.0,10.0,1,133,1
1.0,1400.0,4.0,1,133,1
1.0,800.0,6.0,1,133,1
1.0,1400.0,10.0,1,133,1
1.0,1400.0,8.0,1,133,1
1.0,1000.0,12.0,1,133,1
1.0,2000.0,8.0,1,133,1
1.0,1200.0,2.0,1,133,1
0.0,1600.0,10.0,1,133,1
0.0,1600.0,8.0,1,133,1
1.0,800.0,8.0,1,133,1
1.0,1000.0,4.0,1,133,1
1.0,1200.0,4.0,1,133,1
1.0,1400.0,6.0,1,133,1
0.0,1800.0,8.0,1,133,1
0.0,1800.0,12.0,1,133,1
1.0,1000.0,10.0,1,133,1
0.0,2000.0,12.0,1,133,1
1.0,800.0,10.0,1,133,1
0.0,1000.0,2.0,1,133,1
1.0,1000.0,6.0,1,133,1
0.0,800.0,12.0,1,133,1
0.0,1600.0,12.0,1,133,1
1.0,2000.0,2.0,1,133,1
1.0,1200.0,8.0,1,133,1
1.0,2000.0,10.0,1,133,1
1.0,1800.0,6.0,1,133,1
0.0,1600.0,4.0,1,133,1
1.0,1200.0,6.0,1,133,1
1.0,1800.0,10.0,1,133,1
1.0,1800.0,2.0,1,133,1
1.0,1600.0,6.0,1,133,1
1.0,1000.0,8.0,1,133,1
1.0,800.0,2.0,1,133,1
1.0,1800.0,4.0,1,133,1
1.0,2000.0,6.0,1,133,1
1.0,1400.0,2.0,1,133,1
1.0,800.0,4.0,1,133,1
1.0,1200.0,12.0,1,133,1
1.0,1600.0,2.0,1,133,1
1.0,1400.0,4.0,0,134,0
1.0,1800.0,10.0,0,134,0
1.0,800.0,4.0,0,134,0
0.0,800.0,12.0,0,134,0
0.0,1600.0,6.0,0,134,0
1.0,1000.0,6.0,0,134,0
1.0,1200.0,10.0,0,134,0
0.0,2000.0,12.0,0,134,0
1.0,2000.0,4.0,0,134,0
0.0,2000.0,10.0,0,134,0
0.0,800.0,8.0,0,134,0
1.0,1600.0,8.0,0,134,0
1.0,800.0,10.0,0,134,0
0.0,1000.0,8.0,0,134,0
1.0,1400.0,12.0,0,134,0
1.0,1800.0,2.0,0,134,0
0.0,1800.0,12.0,0,134,0
1.0,800.0,6.0,0,134,0
0.0,1200.0,6.0,0,134,0
1.0,1000.0,12.0,0,134,0
1.0,1400.0,2.0,0,134,0
1.0,1000.0,2.0,0,134,0
1.0,1400.0,8.0,0,134,0
1.0,1400.0,6.0,0,134,0
0.0,1800.0,4.0,0,134,0
1.0,1200.0,2.0,0,134,0
1.0,800.0,2.0,0,134,0
1.0,1600.0,10.0,0,134,0
0.0,2000.0,2.0,0,134,0
1.0,1000.0,10.0,0,134,0
1.0,1600.0,12.0,0,134,0
1.0,1400.0,10.0,0,134,0
0.0,1200.0,4.0,0,134,0
1.0,1600.0,2.0,0,134,0
0.0,1800.0,6.0,0,134,0
1.0,1000.0,4.0,0,134,0
1.0,1800.0,8.0,0,134,0
1.0,1200.0,12.0,0,134,0
1.0,2000.0,8.0,0,134,0
1.0,2000.0,6.0,0,134,0
0.0,1600.0,4.0,0,134,0
1.0,1200.0,8.0,0,134,0
1.0,1000.0,12.0,1,134,0
1.0,1400.0,12.0,1,134,0
1.0,1000.0,8.0,1,134,0
1.0,2000.0,10.0,1,134,0
1.0,1400.0,6.0,1,134,0
1.0,1800.0,10.0,1,134,0
1.0,1800.0,6.0,1,134,0
1.0,1400.0,2.0,1,134,0
1.0,800.0,12.0,1,134,0
0.0,2000.0,2.0,1,134,0
1.0,1800.0,8.0,1,134,0
0.0,1600.0,4.0,1,134,0
1.0,1200.0,2.0,1,134,0
0.0,800.0,6.0,1,134,0
1.0,1000.0,4.0,1,134,0
0.0,1600.0,8.0,1,134,0
1.0,1200.0,6.0,1,134,0
0.0,1800.0,2.0,1,134,0
1.0,1400.0,10.0,1,134,0
0.0,800.0,10.0,1,134,0
1.0,2000.0,6.0,1,134,0
1.0,1600.0,12.0,1,134,0
1.0,1200.0,8.0,1,134,0
1.0,2000.0,12.0,1,134,0
0.0,1800.0,4.0,1,134,0
1.0,2000.0,8.0,1,134,0
0.0,2000.0,4.0,1,134,0
0.0,1000.0,2.0,1,134,0
1.0,1600.0,2.0,1,134,0
1.0,800.0,8.0,1,134,0
1.0,1200.0,10.0,1,134,0
1.0,1200.0,12.0,1,134,0
1.0,1400.0,4.0,1,134,0
1.0,800.0,4.0,1,134,0
1.0,1600.0,6.0,1,134,0
1.0,1000.0,10.0,1,134,0
1.0,1600.0,10.0,1,134,0
1.0,1800.0,12.0,1,134,0
1.0,1200.0,4.0,1,134,0
0.0,800.0,2.0,1,134,0
1.0,1000.0,6.0,1,134,0
1.0,1400.0,8.0,1,134,0
1.0,800.0,8.0,0,135,1
1.0,1600.0,4.0,0,135,1
1.0,1000.0,12.0,0,135,1
1.0,1800.0,6.0,0,135,1
1.0,1800.0,2.0,0,135,1
1.0,1600.0,6.0,0,135,1
1.0,1800.0,12.0,0,135,1
1.0,1600.0,8.0,0,135,1
1.0,800.0,2.0,0,135,1
1.0,1000.0,4.0,0,135,1
1.0,1400.0,4.0,0,135,1
1.0,2000.0,2.0,0,135,1
1.0,1400.0,12.0,0,135,1
1.0,1200.0,4.0,0,135,1
1.0,800.0,4.0,0,135,1
1.0,1200.0,12.0,0,135,1
1.0,1800.0,4.0,0,135,1
1.0,1800.0,8.0,0,135,1
1.0,1000.0,10.0,0,135,1
1.0,1200.0,2.0,0,135,1
1.0,2000.0,12.0,0,135,1
1.0,800.0,6.0,0,135,1
1.0,1600.0,2.0,0,135,1
1.0,1400.0,6.0,0,135,1
1.0,1400.0,8.0,0,135,1
1.0,1000.0,8.0,0,135,1
1.0,2000.0,6.0,0,135,1
1.0,800.0,10.0,0,135,1
1.0,1000.0,6.0,0,135,1
1.0,1400.0,10.0,0,135,1
1.0,1600.0,12.0,0,135,1
1.0,1800.0,10.0,0,135,1
1.0,800.0,12.0,0,135,1
1.0,2000.0,10.0,0,135,1
1.0,1200.0,6.0,0,135,1
1.0,1200.0,8.0,0,135,1
1.0,1000.0,2.0,0,135,1
1.0,1600.0,10.0,0,135,1
0.0,1200.0,10.0,0,135,1
1.0,2000.0,4.0,0,135,1
0.0,2000.0,8.0,0,135,1
0.0,1400.0,2.0,0,135,1
1.0,2000.0,10.0,1,135,1
0.0,2000.0,6.0,1,135,1
1.0,1600.0,2.0,1,135,1
0.0,1400.0,4.0,1,135,1
1.0,1800.0,8.0,1,135,1
0.0,1800.0,2.0,1,135,1
1.0,800.0,12.0,1,135,1
0.0,800.0,6.0,1,135,1
1.0,1200.0,10.0,1,135,1
1.0,1000.0,2.0,1,135,1
0.0,800.0,2.0,1,135,1
1.0,1000.0,6.0,1,135,1
0.0,1000.0,4.0,1,135,1
1.0,2000.0,4.0,1,135,1
0.0,1600.0,8.0,1,135,1
1.0,1200.0,6.0,1,135,1
1.0,1600.0,4.0,1,135,1
1.0,1000.0,10.0,1,135,1
1.0,1800.0,6.0,1,135,1
0.0,1800.0,4.0,1,135,1
1.0,1800.0,10.0,1,135,1
0.0,1200.0,8.0,1,135,1
1.0,1400.0,10.0,1,135,1
0.0,1200.0,12.0,1,135,1
1.0,800.0,10.0,1,135,1
0.0,1600.0,10.0,1,135,1
1.0,1200.0,4.0,1,135,1
0.0,1400.0,6.0,1,135,1
1.0,1000.0,12.0,1,135,1
1.0,2000.0,2.0,1,135,1
1.0,2000.0,8.0,1,135,1
1.0,1600.0,12.0,1,135,1
0.0,1400.0,2.0,1,135,1
1.0,800.0,4.0,1,135,1
1.0,1000.0,8.0,1,135,1
1.0,2000.0,12.0,1,135,1
1.0,800.0,8.0,1,135,1
0.0,1600.0,6.0,1,135,1
1.0,1200.0,2.0,1,135,1
1.0,1400.0,8.0,1,135,1
1.0,1800.0,12.0,1,135,1
1.0,1400.0,12.0,1,135,1
1.0,1400.0,6.0,1,136,0
1.0,1600.0,6.0,1,136,0
1.0,1000.0,8.0,1,136,0
1.0,1400.0,8.0,1,136,0
0.0,1200.0,8.0,1,136,0
1.0,1200.0,2.0,1,136,0
1.0,800.0,2.0,1,136,0
0.0,800.0,8.0,1,136,0
0.0,800.0,6.0,1,136,0
1.0,1600.0,8.0,1,136,0
0.0,2000.0,12.0,1,136,0
0.0,1800.0,2.0,1,136,0
0.0,2000.0,8.0,1,136,0
1.0,2000.0,4.0,1,136,0
1.0,1400.0,4.0,1,136,0
1.0,1200.0,10.0,1,136,0
1.0,1600.0,2.0,1,136,0
1.0,1200.0,6.0,1,136,0
0.0,1000.0,2.0,1,136,0
0.0,800.0,4.0,1,136,0
0.0,1000.0,10.0,1,136,0
0.0,1000.0,12.0,1,136,0
0.0,1800.0,12.0,1,136,0
0.0,1000.0,6.0,1,136,0
0.0,1800.0,8.0,1,136,0
0.0,1200.0,4.0,1,136,0
0.0,1800.0,6.0,1,136,0
0.0,2000.0,10.0,1,136,0
1.0,1800.0,4.0,1,136,0
0.0,1800.0,10.0,1,136,0
0.0,1400.0,12.0,1,136,0
1.0,2000.0,2.0,1,136,0
0.0,1000.0,4.0,1,136,0
0.0,1600.0,4.0,1,136,0
0.0,1400.0,10.0,1,136,0
0.0,800.0,10.0,1,136,0
0.0,2000.0,6.0,1,136,0
0.0,1600.0,10.0,1,136,0
1.0,1400.0,2.0,1,136,0
0.0,1200.0,12.0,1,136,0
0.0,1600.0,12.0,1,136,0
0.0,800.0,12.0,1,136,0
1.0,1800.0,10.0,0,136,0
0.0,1000.0,8.0,0,136,0
1.0,1200.0,2.0,0,136,0
0.0,1000.0,4.0,0,136,0
0.0,1600.0,10.0,0,136,0
0.0,1000.0,6.0,0,136,0
0.0,800.0,10.0,0,136,0
0.0,1200.0,6.0,0,136,0
0.0,800.0,6.0,0,136,0
0.0,2000.0,12.0,0,136,0
1.0,1800.0,2.0,0,136,0
0.0,1400.0,12.0,0,136,0
0.0,1800.0,6.0,0,136,0
0.0,800.0,4.0,0,136,0
0.0,1800.0,8.0,0,136,0
0.0,1400.0,4.0,0,136,0
0.0,1000.0,12.0,0,136,0
0.0,1600.0,4.0,0,136,0
0.0,1400.0,6.0,0,136,0
0.0,2000.0,8.0,0,136,0
1.0,1600.0,2.0,0,136,0
0.0,1600.0,12.0,0,136,0
1.0,2000.0,6.0,0,136,0
0.0,2000.0,10.0,0,136,0
1.0,800.0,2.0,0,136,0
0.0,1400.0,8.0,0,136,0
0.0,1000.0,10.0,0,136,0
0.0,1600.0,8.0,0,136,0
1.0,1800.0,12.0,0,136,0
0.0,1200.0,8.0,0,136,0
0.0,2000.0,4.0,0,136,0
0.0,1200.0,12.0,0,136,0
0.0,1600.0,6.0,0,136,0
0.0,1400.0,2.0,0,136,0
0.0,800.0,12.0,0,136,0
0.0,1200.0,10.0,0,136,0
0.0,1400.0,10.0,0,136,0
1.0,2000.0,2.0,0,136,0
0.0,800.0,8.0,0,136,0
0.0,1200.0,4.0,0,136,0
1.0,1000.0,2.0,0,136,0
0.0,1800.0,4.0,0,136,0
1.0,1600.0,8.0,1,137,0
1.0,1200.0,10.0,1,137,0
0.0,1000.0,10.0,1,137,0
1.0,2000.0,4.0,1,137,0
1.0,2000.0,6.0,1,137,0
1.0,1000.0,6.0,1,137,0
1.0,1600.0,2.0,1,137,0
1.0,2000.0,8.0,1,137,0
1.0,2000.0,12.0,1,137,0
1.0,1000.0,4.0,1,137,0
1.0,1400.0,8.0,1,137,0
0.0,2000.0,2.0,1,137,0
0.0,1600.0,4.0,1,137,0
1.0,1000.0,8.0,1,137,0
1.0,1200.0,12.0,1,137,0
0.0,1400.0,6.0,1,137,0
0.0,1800.0,12.0,1,137,0
0.0,1600.0,12.0,1,137,0
1.0,1200.0,2.0,1,137,0
1.0,1600.0,6.0,1,137,0
1.0,1200.0,6.0,1,137,0
1.0,1400.0,12.0,1,137,0
1.0,800.0,2.0,1,137,0
1.0,800.0,6.0,1,137,0
1.0,800.0,12.0,1,137,0
0.0,1000.0,12.0,1,137,0
1.0,800.0,10.0,1,137,0
0.0,1600.0,10.0,1,137,0
1.0,1200.0,4.0,1,137,0
1.0,1800.0,8.0,1,137,0
1.0,1400.0,4.0,1,137,0
1.0,1800.0,10.0,1,137,0
1.0,2000.0,10.0,1,137,0
0.0,1000.0,2.0,1,137,0
1.0,1400.0,2.0,1,137,0
1.0,1200.0,8.0,1,137,0
1.0,1800.0,2.0,1,137,0
1.0,800.0,8.0,1,137,0
1.0,1800.0,4.0,1,137,0
1.0,1400.0,10.0,1,137,0
1.0,1800.0,6.0,1,137,0
1.0,800.0,4.0,1,137,0
1.0,1800.0,12.0,0,137,0
1.0,800.0,2.0,0,137,0
1.0,1400.0,6.0,0,137,0
1.0,1000.0,4.0,0,137,0
0.0,1400.0,10.0,0,137,0
0.0,1000.0,12.0,0,137,0
1.0,1800.0,10.0,0,137,0
1.0,1800.0,6.0,0,137,0
0.0,1200.0,12.0,0,137,0
1.0,2000.0,12.0,0,137,0
0.0,800.0,8.0,0,137,0
1.0,1800.0,4.0,0,137,0
1.0,1200.0,2.0,0,137,0
1.0,1200.0,10.0,0,137,0
1.0,1200.0,6.0,0,137,0
1.0,2000.0,8.0,0,137,0
1.0,1600.0,10.0,0,137,0
1.0,1600.0,12.0,0,137,0
1.0,1000.0,8.0,0,137,0
1.0,1000.0,10.0,0,137,0
1.0,1000.0,6.0,0,137,0
1.0,2000.0,6.0,0,137,0
1.0,2000.0,2.0,0,137,0
1.0,1400.0,2.0,0,137,0
1.0,1600.0,2.0,0,137,0
0.0,800.0,4.0,0,137,0
1.0,1200.0,8.0,0,137,0
0.0,2000.0,4.0,0,137,0
1.0,1800.0,2.0,0,137,0
0.0,800.0,12.0,0,137,0
1.0,1600.0,4.0,0,137,0
1.0,1400.0,8.0,0,137,0
1.0,1800.0,8.0,0,137,0
0.0,1400.0,4.0,0,137,0
1.0,800.0,6.0,0,137,0
1.0,1000.0,2.0,0,137,0
1.0,1600.0,6.0,0,137,0
0.0,2000.0,10.0,0,137,0
0.0,800.0,10.0,0,137,0
1.0,1200.0,4.0,0,137,0
1.0,1600.0,8.0,0,137,0
1.0,1400.0,12.0,0,137,0
1.0,1400.0,12.0,1,138,1
1.0,1200.0,12.0,1,138,1
1.0,1800.0,2.0,1,138,1
1.0,2000.0,2.0,1,138,1
0.0,1000.0,8.0,1,138,1
0.0,1000.0,4.0,1,138,1
0.0,1600.0,6.0,1,138,1
1.0,800.0,6.0,1,138,1
1.0,1200.0,6.0,1,138,1
0.0,1600.0,10.0,1,138,1
1.0,1800.0,10.0,1,138,1
0.0,2000.0,10.0,1,138,1
1.0,1800.0,4.0,1,138,1
1.0,1800.0,8.0,1,138,1
0.0,1600.0,2.0,1,138,1
1.0,1200.0,4.0,1,138,1
1.0,1600.0,4.0,1,138,1
0.0,1200.0,2.0,1,138,1
0.0,800.0,12.0,1,138,1
0.0,800.0,8.0,1,138,1
0.0,1600.0,8.0,1,138,1
1.0,1400.0,4.0,1,138,1
1.0,1200.0,8.0,1,138,1
1.0,1000.0,10.0,1,138,1
1.0,2000.0,8.0,1,138,1
0.0,2000.0,4.0,1,138,1
0.0,1600.0,12.0,1,138,1
1.0,1400.0,6.0,1,138,1
1.0,1400.0,8.0,1,138,1
1.0,800.0,2.0,1,138,1
1.0,1400.0,2.0,1,138,1
0.0,1800.0,6.0,1,138,1
1.0,800.0,10.0,1,138,1
0.0,1000.0,6.0,1,138,1
0.0,1200.0,10.0,1,138,1
1.0,2000.0,6.0,1,138,1
1.0,1400.0,10.0,1,138,1
0.0,800.0,4.0,1,138,1
1.0,1000.0,2.0,1,138,1
1.0,1800.0,12.0,1,138,1
1.0,2000.0,12.0,1,138,1
1.0,1000.0,12.0,1,138,1
1.0,1400.0,12.0,0,138,1
0.0,1200.0,12.0,0,138,1
0.0,1600.0,2.0,0,138,1
1.0,800.0,2.0,0,138,1
1.0,1400.0,2.0,0,138,1
0.0,1000.0,12.0,0,138,1
1.0,1200.0,4.0,0,138,1
0.0,1400.0,4.0,0,138,1
0.0,1600.0,10.0,0,138,1
0.0,2000.0,12.0,0,138,1
0.0,1200.0,10.0,0,138,1
1.0,1600.0,4.0,0,138,1
0.0,2000.0,6.0,0,138,1
1.0,1800.0,10.0,0,138,1
0.0,1800.0,8.0,0,138,1
0.0,800.0,8.0,0,138,1
0.0,1600.0,12.0,0,138,1
0.0,1800.0,4.0,0,138,1
0.0,1200.0,8.0,0,138,1
0.0,1600.0,6.0,0,138,1
0.0,1000.0,4.0,0,138,1
0.0,1800.0,2.0,0,138,1
1.0,800.0,10.0,0,138,1
1.0,1800.0,6.0,0,138,1
1.0,800.0,12.0,0,138,1
0.0,1800.0,12.0,0,138,1
0.0,1200.0,2.0,0,138,1
1.0,2000.0,10.0,0,138,1
0.0,1000.0,8.0,0,138,1
1.0,1200.0,6.0,0,138,1
0.0,800.0,6.0,0,138,1
1.0,2000.0,2.0,0,138,1
1.0,2000.0,8.0,0,138,1
0.0,1400.0,8.0,0,138,1
0.0,1000.0,6.0,0,138,1
1.0,1000.0,2.0,0,138,1
0.0,1000.0,10.0,0,138,1
1.0,1400.0,10.0,0,138,1
1.0,800.0,4.0,0,138,1
0.0,1600.0,8.0,0,138,1
0.0,2000.0,4.0,0,138,1
1.0,1400.0,6.0,0,138,1
1.0,1600.0,10.0,0,139,1
1.0,2000.0,6.0,0,139,1
1.0,1600.0,8.0,0,139,1
0.0,800.0,12.0,0,139,1
0.0,1600.0,6.0,0,139,1
0.0,1800.0,6.0,0,139,1
1.0,2000.0,8.0,0,139,1
1.0,2000.0,4.0,0,139,1
0.0,1000.0,8.0,0,139,1
0.0,800.0,4.0,0,139,1
0.0,1000.0,4.0,0,139,1
0.0,1200.0,4.0,0,139,1
0.0,800.0,10.0,0,139,1
0.0,1800.0,12.0,0,139,1
0.0,1200.0,2.0,0,139,1
0.0,1400.0,6.0,0,139,1
0.0,1000.0,2.0,0,139,1
0.0,1200.0,8.0,0,139,1
0.0,1400.0,4.0,0,139,1
0.0,1800.0,8.0,0,139,1
0.0,1400.0,10.0,0,139,1
0.0,1000.0,12.0,0,139,1
1.0,2000.0,12.0,0,139,1
0.0,800.0,2.0,0,139,1
0.0,1200.0,6.0,0,139,1
0.0,1800.0,2.0,0,139,1
0.0,1800.0,10.0,0,139,1
0.0,1400.0,8.0,0,139,1
0.0,1600.0,2.0,0,139,1
1.0,2000.0,10.0,0,139,1
0.0,1400.0,2.0,0,139,1
0.0,1600.0,12.0,0,139,1
0.0,1200.0,12.0,0,139,1
0.0,800.0,8.0,0,139,1
0.0,1000.0,10.0,0,139,1
0.0,1600.0,4.0,0,139,1
0.0,1800.0,4.0,0,139,1
0.0,1400.0,12.0,0,139,1
0.0,1000.0,6.0,0,139,1
1.0,2000.0,2.0,0,139,1
0.0,800.0,6.0,0,139,1
0.0,1200.0,10.0,0,139,1
0.0,800.0,12.0,1,139,1
0.0,1800.0,8.0,1,139,1
0.0,1200.0,12.0,1,139,1
1.0,2000.0,10.0,1,139,1
0.0,800.0,6.0,1,139,1
0.0,1200.0,6.0,1,139,1
1.0,2000.0,2.0,1,139,1
0.0,1400.0,10.0,1,139,1
0.0,1200.0,8.0,1,139,1
0.0,1000.0,2.0,1,139,1
0.0,1600.0,8.0,1,139,1
0.0,1400.0,2.0,1,139,1
1.0,2000.0,6.0,1,139,1
1.0,2000.0,4.0,1,139,1
0.0,1400.0,4.0,1,139,1
0.0,1800.0,4.0,1,139,1
0.0,1000.0,6.0,1,139,1
0.0,1000.0,4.0,1,139,1
0.0,1600.0,2.0,1,139,1
0.0,1800.0,10.0,1,139,1
0.0,1200.0,10.0,1,139,1
0.0,1600.0,6.0,1,139,1
0.0,1400.0,8.0,1,139,1
0.0,1000.0,12.0,1,139,1
0.0,800.0,4.0,1,139,1
0.0,1200.0,2.0,1,139,1
0.0,1600.0,12.0,1,139,1
1.0,2000.0,12.0,1,139,1
0.0,1800.0,6.0,1,139,1
0.0,800.0,10.0,1,139,1
0.0,1600.0,4.0,1,139,1
0.0,800.0,8.0,1,139,1
1.0,2000.0,8.0,1,139,1
0.0,1400.0,12.0,1,139,1
0.0,1000.0,8.0,1,139,1
0.0,1800.0,12.0,1,139,1
0.0,800.0,2.0,1,139,1
0.0,1200.0,4.0,1,139,1
0.0,1600.0,10.0,1,139,1
0.0,1400.0,6.0,1,139,1
0.0,1000.0,10.0,1,139,1
0.0,1800.0,2.0,1,139,1
1.0,800.0,4.0,1,140,1
1.0,1000.0,4.0,1,140,1
0.0,1000.0,12.0,1,140,1
0.0,1200.0,12.0,1,140,1
1.0,1800.0,8.0,1,140,1
1.0,1400.0,6.0,1,140,1
1.0,1800.0,12.0,1,140,1
0.0,1200.0,10.0,1,140,1
0.0,800.0,12.0,1,140,1
1.0,1400.0,2.0,1,140,1
1.0,2000.0,8.0,1,140,1
0.0,800.0,8.0,1,140,1
1.0,1400.0,8.0,1,140,1
0.0,1600.0,12.0,1,140,1
0.0,800.0,6.0,1,140,1
0.0,1600.0,10.0,1,140,1
0.0,1000.0,10.0,1,140,1
1.0,1800.0,4.0,1,140,1
1.0,2000.0,10.0,1,140,1
1.0,1600.0,6.0,1,140,1
1.0,1800.0,2.0,1,140,1
1.0,1200.0,2.0,1,140,1
1.0,800.0,2.0,1,140,1
0.0,1400.0,10.0,1,140,1
1.0,1000.0,2.0,1,140,1
1.0,1800.0,6.0,1,140,1
1.0,2000.0,4.0,1,140,1
0.0,1800.0,10.0,1,140,1
1.0,1200.0,4.0,1,140,1
0.0,1400.0,12.0,1,140,1
1.0,1000.0,8.0,1,140,1
1.0,1600.0,4.0,1,140,1
1.0,1200.0,8.0,1,140,1
1.0,2000.0,6.0,1,140,1
1.0,1200.0,6.0,1,140,1
1.0,1000.0,6.0,1,140,1
1.0,2000.0,2.0,1,140,1
1.0,1600.0,8.0,1,140,1
1.0,1600.0,2.0,1,140,1
1.0,1400.0,4.0,1,140,1
0.0,800.0,10.0,1,140,1
0.0,2000.0,12.0,1,140,1
1.0,1400.0,8.0,0,140,1
0.0,1200.0,12.0,0,140,1
0.0,800.0,12.0,0,140,1
0.0,1600.0,12.0,0,140,1
1.0,1400.0,4.0,0,140,1
1.0,1600.0,4.0,0,140,1
1.0,1600.0,8.0,0,140,1
1.0,2000.0,8.0,0,140,1
1.0,800.0,4.0,0,140,1
1.0,800.0,2.0,0,140,1
1.0,800.0,8.0,0,140,1
0.0,1600.0,10.0,0,140,1
0.0,2000.0,10.0,0,140,1
0.0,1000.0,12.0,0,140,1
1.0,1800.0,4.0,0,140,1
0.0,1800.0,10.0,0,140,1
1.0,1800.0,8.0,0,140,1
1.0,1600.0,2.0,0,140,1
1.0,1600.0,6.0,0,140,1
1.0,1000.0,2.0,0,140,1
0.0,1800.0,12.0,0,140,1
1.0,2000.0,6.0,0,140,1
0.0,800.0,10.0,0,140,1
1.0,1000.0,4.0,0,140,1
1.0,1800.0,2.0,0,140,1
1.0,2000.0,4.0,0,140,1
0.0,1400.0,12.0,0,140,1
1.0,800.0,6.0,0,140,1
0.0,2000.0,12.0,0,140,1
1.0,1200.0,4.0,0,140,1
1.0,1200.0,6.0,0,140,1
1.0,1400.0,2.0,0,140,1
1.0,1400.0,6.0,0,140,1
0.0,1000.0,10.0,0,140,1
1.0,2000.0,2.0,0,140,1
0.0,1200.0,10.0,0,140,1
1.0,1200.0,2.0,0,140,1
1.0,1800.0,6.0,0,140,1
0.0,1400.0,10.0,0,140,1
1.0,1000.0,6.0,0,140,1
1.0,1000.0,8.0,0,140,1
1.0,1200.0,8.0,0,140,1
1.0,1400.0,10.0,0,141,1
1.0,1800.0,6.0,0,141,1
0.0,2000.0,6.0,0,141,1
1.0,800.0,6.0,0,141,1
0.0,2000.0,8.0,0,141,1
1.0,2000.0,10.0,0,141,1
1.0,800.0,10.0,0,141,1
0.0,1200.0,8.0,0,141,1
1.0,1400.0,6.0,0,141,1
0.0,800.0,12.0,0,141,1
1.0,1000.0,10.0,0,141,1
1.0,1200.0,12.0,0,141,1
1.0,2000.0,12.0,0,141,1
0.0,1000.0,4.0,0,141,1
1.0,1200.0,6.0,0,141,1
0.0,1000.0,6.0,0,141,1
1.0,1600.0,6.0,0,141,1
1.0,2000.0,4.0,0,141,1
0.0,1600.0,2.0,0,141,1
1.0,1800.0,8.0,0,141,1
1.0,1800.0,4.0,0,141,1
1.0,1600.0,8.0,0,141,1
0.0,1200.0,2.0,0,141,1
1.0,1400.0,4.0,0,141,1
0.0,1200.0,4.0,0,141,1
1.0,800.0,2.0,0,141,1
1.0,1400.0,8.0,0,141,1
1.0,1600.0,4.0,0,141,1
0.0,1800.0,12.0,0,141,1
1.0,800.0,4.0,0,141,1
0.0,1600.0,10.0,0,141,1
1.0,1800.0,2.0,0,141,1
1.0,1000.0,2.0,0,141,1
1.0,1200.0,10.0,0,141,1
0.0,2000.0,2.0,0,141,1
1.0,1800.0,10.0,0,141,1
1.0,1400.0,12.0,0,141,1
1.0,1600.0,12.0,0,141,1
1.0,800.0,8.0,0,141,1
0.0,1000.0,12.0,0,141,1
1.0,1000.0,8.0,0,141,1
0.0,1400.0,2.0,0,141,1
1.0,800.0,12.0,1,141,1
0.0,1000.0,8.0,1,141,1
0.0,1400.0,12.0,1,141,1
0.0,1000.0,6.0,1,141,1
1.0,1000.0,10.0,1,141,1
1.0,800.0,10.0,1,141,1
0.0,1400.0,10.0,1,141,1
1.0,1800.0,12.0,1,141,1
0.0,1600.0,6.0,1,141,1
1.0,1800.0,8.0,1,141,1
0.0,1200.0,12.0,1,141,1
1.0,2000.0,10.0,1,141,1
0.0,1600.0,12.0,1,141,1
1.0,800.0,8.0,1,141,1
1.0,1200.0,6.0,1,141,1
0.0,1400.0,8.0,1,141,1
1.0,1600.0,8.0,1,141,1
0.0,1200.0,4.0,1,141,1
1.0,1800.0,2.0,1,141,1
0.0,1800.0,6.0,1,141,1
1.0,1200.0,8.0,1,141,1
1.0,2000.0,4.0,1,141,1
1.0,2000.0,6.0,1,141,1
1.0,1600.0,4.0,1,141,1
0.0,1800.0,10.0,1,141,1
1.0,800.0,2.0,1,141,1
0.0,2000.0,2.0,1,141,1
1.0,1000.0,12.0,1,141,1
1.0,1200.0,10.0,1,141,1
0.0,1600.0,2.0,1,141,1
1.0,1800.0,4.0,1,141,1
0.0,1400.0,4.0,1,141,1
1.0,800.0,4.0,1,141,1
1.0,1000.0,4.0,1,141,1
0.0,2000.0,12.0,1,141,1
1.0,1200.0,2.0,1,141,1
0.0,800.0,6.0,1,141,1
1.0,1400.0,6.0,1,141,1
0.0,1000.0,2.0,1,141,1
1.0,1400.0,2.0,1,141,1
1.0,2000.0,8.0,1,141,1
1.0,1600.0,10.0,1,141,1
0.0,1000.0,4.0,0,142,0
0.0,1600.0,4.0,0,142,0
0.0,800.0,12.0,0,142,0
0.0,1000.0,8.0,0,142,0
0.0,1400.0,4.0,0,142,0
0.0,1600.0,2.0,0,142,0
1.0,2000.0,2.0,0,142,0
0.0,1800.0,10.0,0,142,0
0.0,1000.0,12.0,0,142,0
0.0,800.0,2.0,0,142,0
0.0,2000.0,10.0,0,142,0
0.0,1600.0,6.0,0,142,0
0.0,1600.0,12.0,0,142,0
0.0,1400.0,2.0,0,142,0
0.0,1400.0,10.0,0,142,0
0.0,800.0,4.0,0,142,0
0.0,1200.0,2.0,0,142,0
0.0,2000.0,4.0,0,142,0
0.0,1400.0,6.0,0,142,0
0.0,2000.0,12.0,0,142,0
0.0,1200.0,6.0,0,142,0
0.0,1800.0,12.0,0,142,0
0.0,1800.0,8.0,0,142,0
0.0,1200.0,12.0,0,142,0
0.0,1000.0,10.0,0,142,0
0.0,800.0,6.0,0,142,0
0.0,2000.0,8.0,0,142,0
0.0,1000.0,6.0,0,142,0
0.0,1600.0,10.0,0,142,0
0.0,2000.0,6.0,0,142,0
0.0,1200.0,4.0,0,142,0
0.0,1400.0,8.0,0,142,0
0.0,1000.0,2.0,0,142,0
0.0,1200.0,8.0,0,142,0
0.0,1600.0,8.0,0,142,0
0.0,1800.0,2.0,0,142,0
0.0,800.0,8.0,0,142,0
0.0,1200.0,10.0,0,142,0
0.0,1800.0,4.0,0,142,0
0.0,800.0,10.0,0,142,0
0.0,1400.0,12.0,0,142,0
0.0,1800.0,6.0,0,142,0
0.0,2000.0,10.0,1,142,0
0.0,1600.0,8.0,1,142,0
0.0,1400.0,12.0,1,142,0
0.0,2000.0,12.0,1,142,0
0.0,800.0,8.0,1,142,0
0.0,1800.0,8.0,1,142,0
0.0,1800.0,10.0,1,142,0
0.0,1000.0,12.0,1,142,0
0.0,1600.0,6.0,1,142,0
0.0,1000.0,4.0,1,142,0
0.0,1000.0,2.0,1,142,0
0.0,800.0,2.0,1,142,0
0.0,1400.0,2.0,1,142,0
0.0,1000.0,6.0,1,142,0
0.0,800.0,6.0,1,142,0
1.0,2000.0,4.0,1,142,0
0.0,1400.0,8.0,1,142,0
0.0,1800.0,12.0,1,142,0
0.0,2000.0,6.0,1,142,0
0.0,1600.0,12.0,1,142,0
0.0,1200.0,12.0,1,142,0
0.0,1800.0,6.0,1,142,0
0.0,1200.0,8.0,1,142,0
0.0,1200.0,6.0,1,142,0
0.0,800.0,4.0,1,142,0
1.0,1600.0,2.0,1,142,0
0.0,1400.0,6.0,1,142,0
1.0,1800.0,2.0,1,142,0
0.0,800.0,10.0,1,142,0
0.0,1000.0,8.0,1,142,0
0.0,1400.0,4.0,1,142,0
1.0,1800.0,4.0,1,142,0
0.0,1400.0,10.0,1,142,0
1.0,1600.0,4.0,1,142,0
0.0,1600.0,10.0,1,142,0
1.0,1200.0,2.0,1,142,0
0.0,1200.0,4.0,1,142,0
0.0,800.0,12.0,1,142,0
0.0,1200.0,10.0,1,142,0
0.0,2000.0,8.0,1,142,0
1.0,2000.0,2.0,1,142,0
0.0,1000.0,10.0,1,142,0
1.0,1400.0,12.0,0,143,0
1.0,1600.0,4.0,0,143,0
1.0,1400.0,2.0,0,143,0
1.0,2000.0,2.0,0,143,0
1.0,2000.0,10.0,0,143,0
1.0,1400.0,10.0,0,143,0
1.0,1800.0,10.0,0,143,0
1.0,1600.0,8.0,0,143,0
1.0,1200.0,2.0,0,143,0
1.0,1200.0,4.0,0,143,0
1.0,1000.0,12.0,0,143,0
1.0,2000.0,4.0,0,143,0
1.0,1600.0,12.0,0,143,0
1.0,800.0,2.0,0,143,0
1.0,2000.0,8.0,0,143,0
1.0,800.0,6.0,0,143,0
1.0,2000.0,12.0,0,143,0
1.0,1800.0,6.0,0,143,0
1.0,1800.0,12.0,0,143,0
1.0,1000.0,10.0,0,143,0
1.0,800.0,10.0,0,143,0
1.0,1200.0,10.0,0,143,0
1.0,1000.0,2.0,0,143,0
1.0,1200.0,12.0,0,143,0
1.0,1200.0,8.0,0,143,0
1.0,1000.0,4.0,0,143,0
1.0,1400.0,4.0,0,143,0
1.0,1000.0,6.0,0,143,0
1.0,1600.0,6.0,0,143,0
1.0,1400.0,6.0,0,143,0
1.0,1600.0,2.0,0,143,0
1.0,1400.0,8.0,0,143,0
1.0,800.0,8.0,0,143,0
1.0,800.0,12.0,0,143,0
1.0,1200.0,6.0,0,143,0
1.0,1800.0,2.0,0,143,0
1.0,2000.0,6.0,0,143,0
1.0,1600.0,10.0,0,143,0
1.0,1000.0,8.0,0,143,0
1.0,800.0,4.0,0,143,0
1.0,1800.0,4.0,0,143,0
1.0,1800.0,8.0,0,143,0
1.0,1000.0,8.0,1,143,0
1.0,1200.0,6.0,1,143,0
1.0,1400.0,4.0,1,143,0
1.0,1400.0,12.0,1,143,0
1.0,1000.0,10.0,1,143,0
1.0,2000.0,10.0,1,143,0
1.0,800.0,8.0,1,143,0
1.0,2000.0,4.0,1,143,0
1.0,1600.0,6.0,1,143,0
1.0,800.0,6.0,1,143,0
1.0,1600.0,10.0,1,143,0
1.0,2000.0,8.0,1,143,0
1.0,2000.0,12.0,1,143,0
1.0,1800.0,4.0,1,143,0
1.0,800.0,2.0,1,143,0
1.0,1800.0,10.0,1,143,0
1.0,1400.0,2.0,1,143,0
1.0,1200.0,2.0,1,143,0
1.0,800.0,12.0,1,143,0
1.0,1600.0,2.0,1,143,0
1.0,800.0,10.0,1,143,0
1.0,1000.0,12.0,1,143,0
1.0,1200.0,12.0,1,143,0
1.0,1400.0,8.0,1,143,0
1.0,1400.0,6.0,1,143,0
1.0,1600.0,8.0,1,143,0
1.0,1600.0,12.0,1,143,0
1.0,1200.0,4.0,1,143,0
1.0,1400.0,10.0,1,143,0
1.0,1800.0,8.0,1,143,0
1.0,1800.0,12.0,1,143,0
1.0,2000.0,2.0,1,143,0
1.0,1800.0,6.0,1,143,0
1.0,1000.0,6.0,1,143,0
1.0,1000.0,2.0,1,143,0
1.0,800.0,4.0,1,143,0
1.0,1000.0,4.0,1,143,0
1.0,2000.0,6.0,1,143,0
1.0,1200.0,10.0,1,143,0
1.0,1800.0,2.0,1,143,0
1.0,1200.0,8.0,1,143,0
1.0,1600.0,4.0,1,143,0
0.0,1400.0,8.0,0,144,1
0.0,800.0,2.0,0,144,1
0.0,1600.0,8.0,0,144,1
1.0,2000.0,10.0,0,144,1
0.0,1000.0,4.0,0,144,1
0.0,1200.0,4.0,0,144,1
1.0,2000.0,2.0,0,144,1
0.0,800.0,8.0,0,144,1
0.0,800.0,10.0,0,144,1
0.0,1800.0,10.0,0,144,1
0.0,1200.0,12.0,0,144,1
0.0,1400.0,6.0,0,144,1
0.0,1000.0,12.0,0,144,1
1.0,2000.0,6.0,0,144,1
0.0,1800.0,6.0,0,144,1
0.0,1400.0,4.0,0,144,1
0.0,1600.0,2.0,0,144,1
0.0,1800.0,12.0,0,144,1
0.0,800.0,4.0,0,144,1
0.0,1400.0,12.0,0,144,1
0.0,1200.0,10.0,0,144,1
0.0,1000.0,10.0,0,144,1
0.0,1600.0,4.0,0,144,1
0.0,1400.0,2.0,0,144,1
1.0,1600.0,12.0,0,144,1
0.0,2000.0,8.0,0,144,1
0.0,1800.0,4.0,0,144,1
1.0,1600.0,10.0,0,144,1
1.0,1600.0,6.0,0,144,1
1.0,2000.0,12.0,0,144,1
0.0,2000.0,4.0,0,144,1
0.0,1000.0,2.0,0,144,1
0.0,1400.0,10.0,0,144,1
1.0,1800.0,2.0,0,144,1
1.0,1200.0,8.0,0,144,1
1.0,1000.0,6.0,0,144,1
1.0,800.0,6.0,0,144,1
1.0,1800.0,8.0,0,144,1
1.0,1200.0,2.0,0,144,1
1.0,1000.0,8.0,0,144,1
0.0,800.0,12.0,0,144,1
1.0,1200.0,6.0,0,144,1
0.0,1400.0,12.0,1,144,1
0.0,1000.0,12.0,1,144,1
0.0,1400.0,10.0,1,144,1
1.0,1000.0,6.0,1,144,1
1.0,800.0,8.0,1,144,1
1.0,2000.0,8.0,1,144,1
1.0,1800.0,2.0,1,144,1
0.0,800.0,10.0,1,144,1
1.0,1000.0,4.0,1,144,1
1.0,1200.0,8.0,1,144,1
1.0,800.0,2.0,1,144,1
1.0,1800.0,6.0,1,144,1
0.0,1200.0,12.0,1,144,1
1.0,1400.0,6.0,1,144,1
0.0,1200.0,10.0,1,144,1
1.0,1400.0,4.0,1,144,1
1.0,1600.0,6.0,1,144,1
0.0,800.0,12.0,1,144,1
0.0,1800.0,10.0,1,144,1
1.0,1000.0,2.0,1,144,1
0.0,2000.0,10.0,1,144,1
1.0,1600.0,4.0,1,144,1
1.0,1200.0,4.0,1,144,1
1.0,1200.0,6.0,1,144,1
1.0,1400.0,2.0,1,144,1
1.0,1800.0,8.0,1,144,1
0.0,1000.0,10.0,1,144,1
1.0,1000.0,8.0,1,144,1
1.0,1600.0,8.0,1,144,1
1.0,1600.0,2.0,1,144,1
0.0,1600.0,10.0,1,144,1
1.0,1400.0,8.0,1,144,1
1.0,2000.0,6.0,1,144,1
1.0,1800.0,4.0,1,144,1
1.0,2000.0,4.0,1,144,1
1.0,2000.0,2.0,1,144,1
1.0,800.0,6.0,1,144,1
0.0,1800.0,12.0,1,144,1
1.0,800.0,4.0,1,144,1
1.0,1200.0,2.0,1,144,1
0.0,2000.0,12.0,1,144,1
0.0,1600.0,12.0,1,144,1
1.0,1200.0,2.0,1,145,1
1.0,1000.0,10.0,1,145,1
1.0,1600.0,4.0,1,145,1
1.0,1600.0,10.0,1,145,1
1.0,1200.0,4.0,1,145,1
1.0,800.0,6.0,1,145,1
1.0,1000.0,6.0,1,145,1
1.0,1000.0,8.0,1,145,1
1.0,1400.0,12.0,1,145,1
1.0,1000.0,2.0,1,145,1
1.0,800.0,4.0,1,145,1
1.0,800.0,2.0,1,145,1
1.0,1000.0,4.0,1,145,1
1.0,2000.0,2.0,1,145,1
0.0,2000.0,12.0,1,145,1
1.0,1600.0,8.0,1,145,1
1.0,800.0,10.0,1,145,1
1.0,2000.0,4.0,1,145,1
1.0,1200.0,10.0,1,145,1
1.0,2000.0,8.0,1,145,1
1.0,1400.0,8.0,1,145,1
1.0,1600.0,2.0,1,145,1
1.0,1800.0,6.0,1,145,1
1.0,2000.0,6.0,1,145,1
1.0,1400.0,2.0,1,145,1
1.0,1800.0,8.0,1,145,1
1.0,1800.0,2.0,1,145,1
1.0,1400.0,6.0,1,145,1
1.0,1600.0,6.0,1,145,1
1.0,1000.0,12.0,1,145,1
1.0,1800.0,12.0,1,145,1
1.0,1600.0,12.0,1,145,1
1.0,1800.0,10.0,1,145,1
1.0,1400.0,4.0,1,145,1
1.0,1200.0,6.0,1,145,1
1.0,800.0,12.0,1,145,1
1.0,800.0,8.0,1,145,1
1.0,2000.0,10.0,1,145,1
1.0,1400.0,10.0,1,145,1
1.0,1800.0,4.0,1,145,1
1.0,1200.0,8.0,1,145,1
1.0,1200.0,12.0,1,145,1
1.0,1600.0,4.0,0,145,1
1.0,800.0,8.0,0,145,1
1.0,1600.0,12.0,0,145,1
1.0,800.0,6.0,0,145,1
1.0,1600.0,6.0,0,145,1
1.0,800.0,4.0,0,145,1
1.0,1800.0,8.0,0,145,1
0.0,2000.0,4.0,0,145,1
0.0,2000.0,10.0,0,145,1
1.0,1000.0,2.0,0,145,1
1.0,1400.0,12.0,0,145,1
0.0,2000.0,8.0,0,145,1
1.0,1600.0,2.0,0,145,1
1.0,1000.0,6.0,0,145,1
1.0,1200.0,6.0,0,145,1
1.0,1800.0,10.0,0,145,1
1.0,1800.0,2.0,0,145,1
0.0,2000.0,6.0,0,145,1
1.0,1200.0,12.0,0,145,1
0.0,2000.0,12.0,0,145,1
1.0,1200.0,4.0,0,145,1
1.0,1400.0,4.0,0,145,1
1.0,1400.0,8.0,0,145,1
1.0,800.0,12.0,0,145,1
1.0,1200.0,8.0,0,145,1
1.0,1000.0,10.0,0,145,1
1.0,1400.0,10.0,0,145,1
1.0,800.0,10.0,0,145,1
1.0,800.0,2.0,0,145,1
1.0,1600.0,10.0,0,145,1
0.0,2000.0,2.0,0,145,1
1.0,1800.0,4.0,0,145,1
1.0,1400.0,2.0,0,145,1
1.0,1800.0,12.0,0,145,1
1.0,1800.0,6.0,0,145,1
1.0,1000.0,4.0,0,145,1
1.0,1000.0,8.0,0,145,1
1.0,1400.0,6.0,0,145,1
1.0,1600.0,8.0,0,145,1
1.0,1000.0,12.0,0,145,1
1.0,1200.0,2.0,0,145,1
1.0,1200.0,10.0,0,145,1
1.0,800.0,2.0,0,146,1
0.0,1200.0,6.0,0,146,1
0.0,1600.0,12.0,0,146,1
1.0,2000.0,8.0,0,146,1
0.0,1000.0,8.0,0,146,1
0.0,1600.0,10.0,0,146,1
1.0,1600.0,6.0,0,146,1
0.0,800.0,12.0,0,146,1
0.0,1800.0,8.0,0,146,1
1.0,1200.0,2.0,0,146,1
0.0,1200.0,4.0,0,146,1
0.0,1000.0,6.0,0,146,1
1.0,2000.0,12.0,0,146,1
1.0,800.0,6.0,0,146,1
0.0,800.0,4.0,0,146,1
0.0,1000.0,10.0,0,146,1
0.0,2000.0,6.0,0,146,1
0.0,1800.0,2.0,0,146,1
1.0,1200.0,12.0,0,146,1
0.0,1000.0,12.0,0,146,1
0.0,800.0,10.0,0,146,1
1.0,1800.0,6.0,0,146,1
0.0,1800.0,12.0,0,146,1
1.0,1600.0,4.0,0,146,1
0.0,800.0,8.0,0,146,1
1.0,1200.0,8.0,0,146,1
1.0,1200.0,10.0,0,146,1
1.0,1400.0,8.0,0,146,1
0.0,2000.0,4.0,0,146,1
0.0,1000.0,2.0,0,146,1
1.0,1400.0,2.0,0,146,1
1.0,1600.0,2.0,0,146,1
0.0,1400.0,12.0,0,146,1
0.0,1400.0,6.0,0,146,1
1.0,1600.0,8.0,0,146,1
0.0,1400.0,10.0,0,146,1
0.0,1400.0,4.0,0,146,1
0.0,2000.0,10.0,0,146,1
1.0,1000.0,4.0,0,146,1
0.0,2000.0,2.0,0,146,1
1.0,1800.0,10.0,0,146,1
1.0,1800.0,4.0,0,146,1
0.0,1800.0,6.0,1,146,1
1.0,1800.0,8.0,1,146,1
1.0,2000.0,12.0,1,146,1
0.0,1400.0,4.0,1,146,1
0.0,800.0,4.0,1,146,1
1.0,800.0,6.0,1,146,1
0.0,1400.0,12.0,1,146,1
1.0,800.0,12.0,1,146,1
1.0,1400.0,2.0,1,146,1
0.0,1200.0,12.0,1,146,1
0.0,1200.0,6.0,1,146,1
0.0,2000.0,8.0,1,146,1
0.0,1600.0,2.0,1,146,1
0.0,1000.0,10.0,1,146,1
1.0,1600.0,6.0,1,146,1
0.0,2000.0,2.0,1,146,1
1.0,1000.0,12.0,1,146,1
0.0,1400.0,8.0,1,146,1
0.0,800.0,2.0,1,146,1
1.0,1000.0,2.0,1,146,1
0.0,1800.0,12.0,1,146,1
0.0,800.0,10.0,1,146,1
0.0,1800.0,2.0,1,146,1
1.0,1200.0,4.0,1,146,1
1.0,1800.0,4.0,1,146,1
0.0,1600.0,4.0,1,146,1
0.0,800.0,8.0,1,146,1
1.0,2000.0,6.0,1,146,1
0.0,1800.0,10.0,1,146,1
1.0,1000.0,4.0,1,146,1
0.0,2000.0,10.0,1,146,1
1.0,1200.0,10.0,1,146,1
0.0,2000.0,4.0,1,146,1
0.0,1000.0,6.0,1,146,1
1.0,1200.0,8.0,1,146,1
0.0,1400.0,6.0,1,146,1
0.0,1600.0,12.0,1,146,1
1.0,1400.0,10.0,1,146,1
1.0,1600.0,8.0,1,146,1
0.0,1600.0,10.0,1,146,1
1.0,1000.0,8.0,1,146,1
0.0,1200.0,2.0,1,146,1
0.0,1800.0,6.0,1,147,1
1.0,2000.0,2.0,1,147,1
0.0,1000.0,10.0,1,147,1
0.0,1800.0,10.0,1,147,1
0.0,1400.0,10.0,1,147,1
0.0,1200.0,12.0,1,147,1
1.0,1000.0,2.0,1,147,1
0.0,1000.0,12.0,1,147,1
1.0,1600.0,2.0,1,147,1
0.0,1600.0,12.0,1,147,1
0.0,1200.0,6.0,1,147,1
0.0,1400.0,6.0,1,147,1
1.0,1200.0,4.0,1,147,1
1.0,1800.0,4.0,1,147,1
1.0,1800.0,2.0,1,147,1
1.0,1400.0,4.0,1,147,1
0.0,2000.0,6.0,1,147,1
0.0,1600.0,6.0,1,147,1
0.0,1600.0,10.0,1,147,1
0.0,2000.0,12.0,1,147,1
1.0,2000.0,4.0,1,147,1
0.0,1400.0,8.0,1,147,1
0.0,1400.0,12.0,1,147,1
1.0,1200.0,2.0,1,147,1
0.0,1800.0,8.0,1,147,1
0.0,2000.0,10.0,1,147,1
1.0,800.0,4.0,1,147,1
0.0,1800.0,12.0,1,147,1
0.0,1000.0,8.0,1,147,1
1.0,800.0,2.0,1,147,1
0.0,800.0,6.0,1,147,1
1.0,1600.0,4.0,1,147,1
0.0,1600.0,8.0,1,147,1
0.0,1000.0,6.0,1,147,1
1.0,1000.0,4.0,1,147,1
0.0,1200.0,8.0,1,147,1
1.0,1400.0,2.0,1,147,1
0.0,800.0,10.0,1,147,1
0.0,2000.0,8.0,1,147,1
0.0,800.0,8.0,1,147,1
0.0,1200.0,10.0,1,147,1
0.0,800.0,12.0,1,147,1
0.0,2000.0,4.0,0,147,1
1.0,1200.0,4.0,0,147,1
0.0,1800.0,10.0,0,147,1
0.0,1600.0,10.0,0,147,1
1.0,1800.0,2.0,0,147,1
0.0,1000.0,8.0,0,147,1
0.0,2000.0,8.0,0,147,1
0.0,1800.0,8.0,0,147,1
1.0,800.0,4.0,0,147,1
1.0,1800.0,4.0,0,147,1
1.0,1400.0,2.0,0,147,1
0.0,1400.0,8.0,0,147,1
0.0,1600.0,6.0,0,147,1
0.0,1400.0,10.0,0,147,1
0.0,1200.0,8.0,0,147,1
0.0,2000.0,2.0,0,147,1
0.0,2000.0,10.0,0,147,1
1.0,1600.0,4.0,0,147,1
0.0,1400.0,12.0,0,147,1
0.0,1800.0,6.0,0,147,1
0.0,1200.0,12.0,0,147,1
0.0,1000.0,12.0,0,147,1
0.0,1600.0,8.0,0,147,1
0.0,1000.0,6.0,0,147,1
1.0,1000.0,2.0,0,147,1
0.0,1400.0,6.0,0,147,1
0.0,800.0,12.0,0,147,1
0.0,800.0,10.0,0,147,1
0.0,800.0,8.0,0,147,1
0.0,1200.0,6.0,0,147,1
0.0,1200.0,10.0,0,147,1
1.0,1200.0,2.0,0,147,1
0.0,2000.0,6.0,0,147,1
1.0,1400.0,4.0,0,147,1
1.0,1000.0,4.0,0,147,1
1.0,1600.0,2.0,0,147,1
0.0,1600.0,12.0,0,147,1
0.0,2000.0,12.0,0,147,1
0.0,1800.0,12.0,0,147,1
0.0,1000.0,10.0,0,147,1
0.0,800.0,6.0,0,147,1
1.0,800.0,2.0,0,147,1
1.0,800.0,6.0,0,148,1
1.0,1200.0,8.0,0,148,1
1.0,1400.0,2.0,0,148,1
1.0,2000.0,6.0,0,148,1
1.0,1000.0,6.0,0,148,1
1.0,2000.0,10.0,0,148,1
1.0,800.0,8.0,0,148,1
1.0,1000.0,2.0,0,148,1
0.0,2000.0,8.0,0,148,1
0.0,1800.0,8.0,0,148,1
1.0,1200.0,12.0,0,148,1
1.0,1400.0,10.0,0,148,1
0.0,1200.0,2.0,0,148,1
1.0,2000.0,12.0,0,148,1
1.0,1400.0,8.0,0,148,1
0.0,1000.0,4.0,0,148,1
0.0,1800.0,12.0,0,148,1
1.0,1400.0,4.0,0,148,1
1.0,800.0,2.0,0,148,1
1.0,1200.0,6.0,0,148,1
0.0,1400.0,12.0,0,148,1
1.0,1800.0,10.0,0,148,1
1.0,1800.0,2.0,0,148,1
1.0,1600.0,12.0,0,148,1
0.0,1600.0,6.0,0,148,1
0.0,1800.0,4.0,0,148,1
1.0,800.0,10.0,0,148,1
0.0,1800.0,6.0,0,148,1
1.0,1000.0,10.0,0,148,1
0.0,1200.0,10.0,0,148,1
1.0,800.0,4.0,0,148,1
0.0,2000.0,4.0,0,148,1
1.0,800.0,12.0,0,148,1
0.0,1600.0,10.0,0,148,1
1.0,1000.0,12.0,0,148,1
0.0,1600.0,4.0,0,148,1
1.0,2000.0,2.0,0,148,1
1.0,1400.0,6.0,0,148,1
0.0,1200.0,4.0,0,148,1
1.0,1600.0,2.0,0,148,1
0.0,1000.0,8.0,0,148,1
1.0,1600.0,8.0,0,148,1
1.0,2000.0,8.0,1,148,1
0.0,1600.0,6.0,1,148,1
1.0,1800.0,2.0,1,148,1
1.0,1400.0,2.0,1,148,1
0.0,1200.0,4.0,1,148,1
1.0,1000.0,12.0,1,148,1
1.0,1200.0,6.0,1,148,1
0.0,1400.0,6.0,1,148,1
1.0,1600.0,10.0,1,148,1
1.0,1000.0,10.0,1,148,1
0.0,1400.0,4.0,1,148,1
1.0,1400.0,8.0,1,148,1
0.0,1800.0,6.0,1,148,1
1.0,2000.0,4.0,1,148,1
0.0,1200.0,12.0,1,148,1
1.0,1000.0,2.0,1,148,1
1.0,2000.0,10.0,1,148,1
0.0,2000.0,6.0,1,148,1
0.0,1200.0,10.0,1,148,1
0.0,800.0,2.0,1,148,1
0.0,800.0,4.0,1,148,1
1.0,800.0,8.0,1,148,1
1.0,2000.0,12.0,1,148,1
1.0,800.0,10.0,1,148,1
0.0,1800.0,4.0,1,148,1
1.0,1600.0,4.0,1,148,1
0.0,800.0,6.0,1,148,1
1.0,1600.0,8.0,1,148,1
0.0,2000.0,2.0,1,148,1
1.0,1800.0,10.0,1,148,1
1.0,1800.0,8.0,1,148,1
1.0,1000.0,8.0,1,148,1
0.0,1400.0,10.0,1,148,1
1.0,1600.0,2.0,1,148,1
0.0,1800.0,12.0,1,148,1
1.0,800.0,12.0,1,148,1
1.0,1200.0,2.0,1,148,1
0.0,1000.0,4.0,1,148,1
1.0,1000.0,6.0,1,148,1
1.0,1400.0,12.0,1,148,1
1.0,1200.0,8.0,1,148,1
1.0,1600.0,12.0,1,148,1
1.0,1600.0,10.0,1,149,0
1.0,1800.0,10.0,1,149,0
1.0,1400.0,12.0,1,149,0
1.0,1000.0,2.0,1,149,0
1.0,1200.0,6.0,1,149,0
1.0,2000.0,8.0,1,149,0
1.0,1200.0,8.0,1,149,0
1.0,1000.0,8.0,1,149,0
0.0,1000.0,4.0,1,149,0
1.0,1400.0,8.0,1,149,0
0.0,1600.0,4.0,1,149,0
1.0,1000.0,10.0,1,149,0
1.0,1400.0,6.0,1,149,0
0.0,800.0,4.0,1,149,0
1.0,1800.0,12.0,1,149,0
1.0,800.0,10.0,1,149,0
1.0,2000.0,12.0,1,149,0
1.0,1200.0,2.0,1,149,0
1.0,1200.0,4.0,1,149,0
1.0,1000.0,6.0,1,149,0
1.0,1600.0,8.0,1,149,0
0.0,1400.0,2.0,1,149,0
1.0,1400.0,10.0,1,149,0
1.0,1000.0,12.0,1,149,0
1.0,800.0,6.0,1,149,0
1.0,800.0,8.0,1,149,0
1.0,2000.0,4.0,1,149,0
1.0,1200.0,12.0,1,149,0
1.0,800.0,2.0,1,149,0
1.0,2000.0,10.0,1,149,0
1.0,1800.0,2.0,1,149,0
1.0,1800.0,6.0,1,149,0
1.0,1600.0,2.0,1,149,0
1.0,800.0,12.0,1,149,0
1.0,1400.0,4.0,1,149,0
1.0,1200.0,10.0,1,149,0
1.0,2000.0,2.0,1,149,0
1.0,2000.0,6.0,1,149,0
1.0,1800.0,8.0,1,149,0
1.0,1600.0,6.0,1,149,0
1.0,1600.0,12.0,1,149,0
1.0,1800.0,4.0,1,149,0
1.0,1000.0,12.0,0,149,0
1.0,800.0,10.0,0,149,0
1.0,1200.0,10.0,0,149,0
1.0,1800.0,6.0,0,149,0
1.0,800.0,4.0,0,149,0
1.0,1600.0,12.0,0,149,0
1.0,800.0,6.0,0,149,0
1.0,800.0,2.0,0,149,0
1.0,1200.0,2.0,0,149,0
1.0,800.0,8.0,0,149,0
1.0,1400.0,2.0,0,149,0
1.0,2000.0,10.0,0,149,0
1.0,1400.0,10.0,0,149,0
1.0,1000.0,4.0,0,149,0
1.0,1600.0,6.0,0,149,0
1.0,1200.0,4.0,0,149,0
1.0,1800.0,10.0,0,149,0
1.0,1600.0,4.0,0,149,0
1.0,1400.0,6.0,0,149,0
1.0,1400.0,4.0,0,149,0
1.0,1600.0,2.0,0,149,0
1.0,1600.0,8.0,0,149,0
1.0,1800.0,4.0,0,149,0
1.0,1800.0,8.0,0,149,0
1.0,1200.0,8.0,0,149,0
1.0,2000.0,4.0,0,149,0
1.0,1200.0,6.0,0,149,0
1.0,1800.0,12.0,0,149,0
1.0,1800.0,2.0,0,149,0
1.0,1200.0,12.0,0,149,0
1.0,1000.0,6.0,0,149,0
1.0,1400.0,8.0,0,149,0
1.0,2000.0,8.0,0,149,0
1.0,1600.0,10.0,0,149,0
1.0,2000.0,2.0,0,149,0
1.0,2000.0,12.0,0,149,0
1.0,800.0,12.0,0,149,0
1.0,1000.0,10.0,0,149,0
1.0,1400.0,12.0,0,149,0
1.0,2000.0,6.0,0,149,0
1.0,1000.0,2.0,0,149,0
1.0,1000.0,8.0,0,149,0
1.0,800.0,10.0,1,150,0
1.0,1400.0,8.0,1,150,0
0.0,1200.0,6.0,1,150,0
1.0,2000.0,10.0,1,150,0
0.0,1000.0,10.0,1,150,0
0.0,1000.0,6.0,1,150,0
1.0,2000.0,2.0,1,150,0
0.0,1600.0,8.0,1,150,0
0.0,800.0,6.0,1,150,0
1.0,1600.0,4.0,1,150,0
0.0,1200.0,8.0,1,150,0
0.0,1400.0,12.0,1,150,0
1.0,1000.0,4.0,1,150,0
1.0,800.0,4.0,1,150,0
0.0,1400.0,6.0,1,150,0
0.0,1800.0,12.0,1,150,0
0.0,1400.0,2.0,1,150,0
0.0,800.0,12.0,1,150,0
0.0,1800.0,2.0,1,150,0
1.0,1200.0,4.0,1,150,0
0.0,1600.0,2.0,1,150,0
0.0,1800.0,8.0,1,150,0
1.0,1800.0,6.0,1,150,0
0.0,1600.0,10.0,1,150,0
0.0,1400.0,10.0,1,150,0
1.0,1400.0,4.0,1,150,0
0.0,1200.0,12.0,1,150,0
0.0,1800.0,10.0,1,150,0
1.0,2000.0,6.0,1,150,0
0.0,2000.0,12.0,1,150,0
1.0,1000.0,2.0,1,150,0
0.0,1000.0,8.0,1,150,0
0.0,1600.0,12.0,1,150,0
1.0,2000.0,4.0,1,150,0
0.0,1000.0,12.0,1,150,0
0.0,2000.0,8.0,1,150,0
0.0,1600.0,6.0,1,150,0
1.0,1200.0,2.0,1,150,0
1.0,1800.0,4.0,1,150,0
1.0,1200.0,10.0,1,150,0
1.0,800.0,2.0,1,150,0
0.0,800.0,8.0,1,150,0
0.0,1800.0,6.0,0,150,0
0.0,1800.0,10.0,0,150,0
1.0,1600.0,4.0,0,150,0
0.0,800.0,6.0,0,150,0
0.0,1000.0,8.0,0,150,0
0.0,1400.0,6.0,0,150,0
0.0,800.0,4.0,0,150,0
0.0,1400.0,4.0,0,150,0
0.0,2000.0,6.0,0,150,0
0.0,1000.0,2.0,0,150,0
0.0,2000.0,8.0,0,150,0
1.0,800.0,2.0,0,150,0
1.0,1400.0,12.0,0,150,0
1.0,1600.0,8.0,0,150,0
0.0,2000.0,10.0,0,150,0
0.0,1600.0,6.0,0,150,0
0.0,800.0,8.0,0,150,0
0.0,1200.0,8.0,0,150,0
0.0,1200.0,10.0,0,150,0
0.0,2000.0,12.0,0,150,0
0.0,1400.0,10.0,0,150,0
0.0,1600.0,2.0,0,150,0
1.0,1200.0,2.0,0,150,0
1.0,1200.0,4.0,0,150,0
0.0,1800.0,8.0,0,150,0
0.0,1600.0,12.0,0,150,0
0.0,1800.0,4.0,0,150,0
0.0,1800.0,12.0,0,150,0
0.0,800.0,12.0,0,150,0
0.0,2000.0,2.0,0,150,0
0.0,1800.0,2.0,0,150,0
0.0,1000.0,10.0,0,150,0
0.0,1200.0,6.0,0,150,0
1.0,1400.0,2.0,0,150,0
0.0,1400.0,8.0,0,150,0
0.0,1200.0,12.0,0,150,0
0.0,1000.0,12.0,0,150,0
1.0,1000.0,6.0,0,150,0
0.0,800.0,10.0,0,150,0
1.0,2000.0,4.0,0,150,0
0.0,1600.0,10.0,0,150,0
1.0,1000.0,4.0,0,150,0
1.0,800.0,10.0,1,151,1
1.0,2000.0,8.0,1,151,1
0.0,1200.0,10.0,1,151,1
1.0,1400.0,4.0,1,151,1
1.0,1400.0,2.0,1,151,1
0.0,800.0,6.0,1,151,1
1.0,1200.0,12.0,1,151,1
0.0,2000.0,12.0,1,151,1
0.0,2000.0,6.0,1,151,1
1.0,1800.0,4.0,1,151,1
1.0,1200.0,6.0,1,151,1
1.0,800.0,12.0,1,151,1
1.0,1000.0,2.0,1,151,1
0.0,1600.0,10.0,1,151,1
1.0,800.0,2.0,1,151,1
1.0,1400.0,10.0,1,151,1
0.0,1400.0,12.0,1,151,1
1.0,1400.0,8.0,1,151,1
1.0,1000.0,6.0,1,151,1
1.0,1000.0,4.0,1,151,1
1.0,1600.0,6.0,1,151,1
0.0,1600.0,12.0,1,151,1
1.0,1200.0,4.0,1,151,1
1.0,1600.0,2.0,1,151,1
1.0,1200.0,2.0,1,151,1
0.0,1000.0,8.0,1,151,1
1.0,1400.0,6.0,1,151,1
1.0,1000.0,12.0,1,151,1
1.0,2000.0,2.0,1,151,1
1.0,1800.0,2.0,1,151,1
1.0,800.0,4.0,1,151,1
1.0,1800.0,8.0,1,151,1
0.0,1800.0,6.0,1,151,1
1.0,800.0,8.0,1,151,1
0.0,2000.0,4.0,1,151,1
1.0,1200.0,8.0,1,151,1
0.0,1000.0,10.0,1,151,1
0.0,2000.0,10.0,1,151,1
1.0,1600.0,4.0,1,151,1
1.0,1800.0,10.0,1,151,1
1.0,1800.0,12.0,1,151,1
0.0,1600.0,8.0,1,151,1
0.0,1200.0,4.0,0,151,1
0.0,1200.0,6.0,0,151,1
0.0,1400.0,2.0,0,151,1
1.0,1000.0,6.0,0,151,1
0.0,800.0,4.0,0,151,1
1.0,1800.0,6.0,0,151,1
1.0,1200.0,12.0,0,151,1
0.0,1200.0,10.0,0,151,1
0.0,1600.0,10.0,0,151,1
0.0,1600.0,6.0,0,151,1
1.0,1600.0,4.0,0,151,1
0.0,1000.0,10.0,0,151,1
1.0,800.0,8.0,0,151,1
0.0,1000.0,2.0,0,151,1
0.0,800.0,10.0,0,151,1
1.0,800.0,12.0,0,151,1
0.0,1800.0,8.0,0,151,1
0.0,2000.0,10.0,0,151,1
0.0,800.0,6.0,0,151,1
1.0,1600.0,8.0,0,151,1
1.0,1000.0,12.0,0,151,1
0.0,1000.0,8.0,0,151,1
1.0,2000.0,6.0,0,151,1
1.0,1800.0,4.0,0,151,1
1.0,1600.0,2.0,0,151,1
1.0,1000.0,4.0,0,151,1
1.0,2000.0,12.0,0,151,1
0.0,1400.0,12.0,0,151,1
0.0,1400.0,6.0,0,151,1
1.0,2000.0,4.0,0,151,1
1.0,2000.0,2.0,0,151,1
0.0,1400.0,4.0,0,151,1
1.0,2000.0,8.0,0,151,1
1.0,1400.0,10.0,0,151,1
1.0,1200.0,8.0,0,151,1
0.0,1600.0,12.0,0,151,1
1.0,1800.0,2.0,0,151,1
0.0,1200.0,2.0,0,151,1
1.0,1800.0,10.0,0,151,1
1.0,800.0,2.0,0,151,1
0.0,1400.0,8.0,0,151,1
1.0,1800.0,12.0,0,151,1
1.0,1400.0,12.0,1,152,0
1.0,1600.0,12.0,1,152,0
1.0,1000.0,12.0,1,152,0
1.0,1400.0,6.0,1,152,0
1.0,1200.0,4.0,1,152,0
1.0,1000.0,10.0,1,152,0
1.0,2000.0,12.0,1,152,0
1.0,1000.0,4.0,1,152,0
1.0,1200.0,10.0,1,152,0
1.0,800.0,2.0,1,152,0
1.0,1000.0,6.0,1,152,0
1.0,1600.0,8.0,1,152,0
1.0,1800.0,6.0,1,152,0
0.0,800.0,10.0,1,152,0
1.0,2000.0,2.0,1,152,0
0.0,800.0,6.0,1,152,0
1.0,1800.0,12.0,1,152,0
1.0,1600.0,6.0,1,152,0
1.0,2000.0,4.0,1,152,0
1.0,1400.0,10.0,1,152,0
1.0,1200.0,6.0,1,152,0
1.0,1200.0,12.0,1,152,0
1.0,1400.0,8.0,1,152,0
1.0,800.0,8.0,1,152,0
1.0,1600.0,2.0,1,152,0
1.0,2000.0,8.0,1,152,0
1.0,1200.0,8.0,1,152,0
1.0,1800.0,8.0,1,152,0
1.0,1600.0,4.0,1,152,0
1.0,1000.0,8.0,1,152,0
1.0,1000.0,2.0,1,152,0
1.0,800.0,4.0,1,152,0
1.0,2000.0,6.0,1,152,0
1.0,1200.0,2.0,1,152,0
1.0,1400.0,4.0,1,152,0
1.0,1800.0,2.0,1,152,0
1.0,2000.0,10.0,1,152,0
1.0,1400.0,2.0,1,152,0
1.0,1800.0,10.0,1,152,0
1.0,1800.0,4.0,1,152,0
1.0,1600.0,10.0,1,152,0
0.0,800.0,12.0,1,152,0
1.0,1600.0,12.0,0,152,0
1.0,1400.0,4.0,0,152,0
1.0,2000.0,12.0,0,152,0
1.0,1200.0,4.0,0,152,0
0.0,800.0,4.0,0,152,0
1.0,1400.0,8.0,0,152,0
1.0,2000.0,6.0,0,152,0
1.0,1600.0,10.0,0,152,0
0.0,800.0,6.0,0,152,0
1.0,1200.0,2.0,0,152,0
1.0,1000.0,8.0,0,152,0
1.0,2000.0,8.0,0,152,0
1.0,1000.0,10.0,0,152,0
0.0,800.0,2.0,0,152,0
1.0,1400.0,6.0,0,152,0
1.0,1000.0,4.0,0,152,0
1.0,1200.0,12.0,0,152,0
1.0,1800.0,4.0,0,152,0
1.0,1800.0,6.0,0,152,0
1.0,1200.0,10.0,0,152,0
1.0,1800.0,12.0,0,152,0
1.0,1600.0,4.0,0,152,0
1.0,2000.0,2.0,0,152,0
1.0,1000.0,12.0,0,152,0
1.0,1800.0,2.0,0,152,0
1.0,1200.0,8.0,0,152,0
1.0,2000.0,4.0,0,152,0
0.0,800.0,12.0,0,152,0
1.0,1200.0,6.0,0,152,0
1.0,1600.0,8.0,0,152,0
1.0,1400.0,12.0,0,152,0
1.0,1800.0,10.0,0,152,0
0.0,800.0,10.0,0,152,0
1.0,1400.0,10.0,0,152,0
1.0,1600.0,6.0,0,152,0
0.0,800.0,8.0,0,152,0
1.0,1600.0,2.0,0,152,0
1.0,2000.0,10.0,0,152,0
1.0,1000.0,2.0,0,152,0
1.0,1000.0,6.0,0,152,0
1.0,1800.0,8.0,0,152,0
1.0,1400.0,2.0,0,152,0
1.0,1200.0,2.0,0,153,1
1.0,1600.0,4.0,0,153,1
1.0,1600.0,10.0,0,153,1
1.0,1400.0,6.0,0,153,1
0.0,1000.0,2.0,0,153,1
0.0,1000.0,10.0,0,153,1
1.0,800.0,12.0,0,153,1
1.0,1200.0,8.0,0,153,1
1.0,1800.0,4.0,0,153,1
0.0,2000.0,10.0,0,153,1
0.0,1800.0,8.0,0,153,1
1.0,1800.0,12.0,0,153,1
0.0,800.0,2.0,0,153,1
1.0,800.0,10.0,0,153,1
0.0,1600.0,2.0,0,153,1
1.0,2000.0,6.0,0,153,1
0.0,1800.0,10.0,0,153,1
0.0,1600.0,12.0,0,153,1
1.0,1400.0,4.0,0,153,1
0.0,1200.0,12.0,0,153,1
1.0,1400.0,10.0,0,153,1
0.0,2000.0,8.0,0,153,1
1.0,2000.0,2.0,0,153,1
0.0,1800.0,6.0,0,153,1
1.0,1000.0,6.0,0,153,1
0.0,1400.0,12.0,0,153,1
1.0,800.0,4.0,0,153,1
0.0,1400.0,2.0,0,153,1
1.0,1200.0,4.0,0,153,1
0.0,1000.0,12.0,0,153,1
1.0,2000.0,12.0,0,153,1
1.0,2000.0,4.0,0,153,1
0.0,1600.0,8.0,0,153,1
1.0,1600.0,6.0,0,153,1
1.0,1400.0,8.0,0,153,1
1.0,800.0,8.0,0,153,1
1.0,1000.0,8.0,0,153,1
1.0,1200.0,10.0,0,153,1
0.0,1000.0,4.0,0,153,1
0.0,1200.0,6.0,0,153,1
1.0,800.0,6.0,0,153,1
1.0,1800.0,2.0,0,153,1
0.0,1600.0,8.0,1,153,1
1.0,800.0,4.0,1,153,1
1.0,1200.0,12.0,1,153,1
0.0,1400.0,4.0,1,153,1
1.0,1400.0,6.0,1,153,1
0.0,1400.0,12.0,1,153,1
0.0,1600.0,12.0,1,153,1
1.0,1200.0,8.0,1,153,1
0.0,1800.0,10.0,1,153,1
1.0,1800.0,6.0,1,153,1
1.0,1000.0,6.0,1,153,1
0.0,1800.0,8.0,1,153,1
1.0,800.0,2.0,1,153,1
0.0,2000.0,8.0,1,153,1
1.0,1400.0,10.0,1,153,1
1.0,1000.0,8.0,1,153,1
1.0,2000.0,4.0,1,153,1
1.0,800.0,8.0,1,153,1
0.0,1400.0,8.0,1,153,1
0.0,800.0,6.0,1,153,1
1.0,1200.0,10.0,1,153,1
1.0,1600.0,2.0,1,153,1
1.0,1200.0,6.0,1,153,1
1.0,1000.0,2.0,1,153,1
1.0,1000.0,10.0,1,153,1
1.0,1200.0,2.0,1,153,1
1.0,1400.0,2.0,1,153,1
1.0,1600.0,4.0,1,153,1
0.0,2000.0,12.0,1,153,1
0.0,1000.0,12.0,1,153,1
0.0,800.0,10.0,1,153,1
1.0,1200.0,4.0,1,153,1
1.0,2000.0,2.0,1,153,1
1.0,1600.0,6.0,1,153,1
1.0,1800.0,12.0,1,153,1
0.0,800.0,12.0,1,153,1
0.0,1800.0,2.0,1,153,1
0.0,2000.0,6.0,1,153,1
0.0,2000.0,10.0,1,153,1
1.0,1000.0,4.0,1,153,1
0.0,1600.0,10.0,1,153,1
1.0,1800.0,4.0,1,153,1
1.0,1200.0,8.0,0,154,0
1.0,1000.0,10.0,0,154,0
1.0,1200.0,2.0,0,154,0
1.0,2000.0,12.0,0,154,0
1.0,2000.0,2.0,0,154,0
1.0,1600.0,6.0,0,154,0
1.0,1400.0,6.0,0,154,0
1.0,2000.0,6.0,0,154,0
1.0,1600.0,12.0,0,154,0
1.0,1400.0,8.0,0,154,0
1.0,1200.0,10.0,0,154,0
1.0,2000.0,8.0,0,154,0
1.0,800.0,8.0,0,154,0
1.0,1400.0,2.0,0,154,0
1.0,800.0,2.0,0,154,0
1.0,1200.0,12.0,0,154,0
1.0,1800.0,8.0,0,154,0
1.0,1000.0,4.0,0,154,0
1.0,800.0,4.0,0,154,0
1.0,1000.0,2.0,0,154,0
1.0,2000.0,10.0,0,154,0
1.0,1400.0,12.0,0,154,0
1.0,1000.0,12.0,0,154,0
1.0,1800.0,4.0,0,154,0
1.0,1000.0,8.0,0,154,0
1.0,1400.0,4.0,0,154,0
1.0,1800.0,10.0,0,154,0
1.0,1200.0,6.0,0,154,0
1.0,1600.0,4.0,0,154,0
1.0,1200.0,4.0,0,154,0
1.0,1800.0,2.0,0,154,0
1.0,1400.0,10.0,0,154,0
1.0,800.0,6.0,0,154,0
1.0,800.0,10.0,0,154,0
1.0,1800.0,6.0,0,154,0
1.0,1000.0,6.0,0,154,0
1.0,1600.0,8.0,0,154,0
1.0,2000.0,4.0,0,154,0
1.0,800.0,12.0,0,154,0
1.0,1600.0,2.0,0,154,0
1.0,1600.0,10.0,0,154,0
1.0,1800.0,12.0,0,154,0
1.0,1200.0,4.0,1,154,0
1.0,1400.0,6.0,1,154,0
1.0,800.0,12.0,1,154,0
1.0,2000.0,4.0,1,154,0
1.0,1400.0,4.0,1,154,0
1.0,1000.0,10.0,1,154,0
1.0,1800.0,2.0,1,154,0
1.0,1400.0,10.0,1,154,0
1.0,1400.0,2.0,1,154,0
1.0,1800.0,8.0,1,154,0
1.0,1000.0,4.0,1,154,0
1.0,2000.0,8.0,1,154,0
1.0,1000.0,2.0,1,154,0
1.0,800.0,6.0,1,154,0
1.0,1200.0,10.0,1,154,0
1.0,800.0,10.0,1,154,0
1.0,1400.0,12.0,1,154,0
1.0,1600.0,4.0,1,154,0
1.0,1200.0,2.0,1,154,0
1.0,1200.0,6.0,1,154,0
1.0,2000.0,10.0,1,154,0
1.0,800.0,8.0,1,154,0
1.0,800.0,2.0,1,154,0
1.0,1600.0,2.0,1,154,0
1.0,1600.0,8.0,1,154,0
1.0,1200.0,12.0,1,154,0
1.0,2000.0,2.0,1,154,0
1.0,1000.0,12.0,1,154,0
1.0,1800.0,6.0,1,154,0
1.0,1000.0,8.0,1,154,0
1.0,2000.0,12.0,1,154,0
1.0,1800.0,10.0,1,154,0
1.0,1600.0,6.0,1,154,0
1.0,1600.0,10.0,1,154,0
1.0,1600.0,12.0,1,154,0
1.0,2000.0,6.0,1,154,0
1.0,1800.0,4.0,1,154,0
1.0,1400.0,8.0,1,154,0
1.0,1000.0,6.0,1,154,0
1.0,1800.0,12.0,1,154,0
1.0,1200.0,8.0,1,154,0
1.0,800.0,4.0,1,154,0
0.0,2000.0,10.0,1,155,0
0.0,1800.0,8.0,1,155,0
0.0,1600.0,6.0,1,155,0
0.0,2000.0,12.0,1,155,0
0.0,1000.0,10.0,1,155,0
0.0,2000.0,8.0,1,155,0
0.0,2000.0,6.0,1,155,0
0.0,1400.0,6.0,1,155,0
0.0,1200.0,10.0,1,155,0
0.0,1400.0,2.0,1,155,0
0.0,1000.0,2.0,1,155,0
0.0,1200.0,2.0,1,155,0
0.0,1600.0,8.0,1,155,0
0.0,1600.0,12.0,1,155,0
0.0,800.0,12.0,1,155,0
0.0,1800.0,2.0,1,155,0
0.0,2000.0,4.0,1,155,0
0.0,800.0,6.0,1,155,0
0.0,1800.0,12.0,1,155,0
0.0,1400.0,8.0,1,155,0
0.0,1600.0,4.0,1,155,0
0.0,1800.0,10.0,1,155,0
0.0,2000.0,2.0,1,155,0
0.0,1800.0,4.0,1,155,0
0.0,1400.0,10.0,1,155,0
0.0,1400.0,4.0,1,155,0
0.0,1200.0,4.0,1,155,0
0.0,800.0,10.0,1,155,0
0.0,1400.0,12.0,1,155,0
0.0,1600.0,2.0,1,155,0
0.0,1200.0,12.0,1,155,0
0.0,1200.0,6.0,1,155,0
0.0,1800.0,6.0,1,155,0
0.0,800.0,2.0,1,155,0
0.0,800.0,8.0,1,155,0
0.0,1000.0,6.0,1,155,0
0.0,800.0,4.0,1,155,0
0.0,1200.0,8.0,1,155,0
0.0,1000.0,8.0,1,155,0
0.0,1600.0,10.0,1,155,0
0.0,1000.0,4.0,1,155,0
0.0,1000.0,12.0,1,155,0
0.0,2000.0,2.0,0,155,0
0.0,1000.0,12.0,0,155,0
0.0,1800.0,4.0,0,155,0
0.0,1200.0,12.0,0,155,0
0.0,1000.0,8.0,0,155,0
0.0,1800.0,2.0,0,155,0
0.0,1400.0,2.0,0,155,0
0.0,1800.0,6.0,0,155,0
0.0,800.0,4.0,0,155,0
0.0,800.0,10.0,0,155,0
0.0,2000.0,12.0,0,155,0
0.0,1600.0,10.0,0,155,0
0.0,1600.0,2.0,0,155,0
0.0,1200.0,8.0,0,155,0
0.0,1200.0,2.0,0,155,0
0.0,1400.0,6.0,0,155,0
0.0,800.0,2.0,0,155,0
0.0,1000.0,6.0,0,155,0
0.0,1200.0,10.0,0,155,0
0.0,800.0,8.0,0,155,0
0.0,1600.0,8.0,0,155,0
0.0,1800.0,8.0,0,155,0
0.0,2000.0,4.0,0,155,0
0.0,1400.0,4.0,0,155,0
0.0,1400.0,12.0,0,155,0
0.0,1000.0,4.0,0,155,0
0.0,1400.0,8.0,0,155,0
0.0,1600.0,6.0,0,155,0
0.0,2000.0,8.0,0,155,0
0.0,1800.0,12.0,0,155,0
0.0,1600.0,12.0,0,155,0
0.0,1800.0,10.0,0,155,0
0.0,2000.0,6.0,0,155,0
0.0,2000.0,10.0,0,155,0
0.0,800.0,12.0,0,155,0
0.0,1200.0,4.0,0,155,0
0.0,800.0,6.0,0,155,0
0.0,1600.0,4.0,0,155,0
0.0,1400.0,10.0,0,155,0
0.0,1000.0,2.0,0,155,0
0.0,1000.0,10.0,0,155,0
0.0,1200.0,6.0,0,155,0
1.0,2000.0,2.0,1,156,1
1.0,1000.0,2.0,1,156,1
1.0,1400.0,12.0,1,156,1
1.0,1400.0,10.0,1,156,1
1.0,1400.0,8.0,1,156,1
1.0,1800.0,12.0,1,156,1
1.0,2000.0,10.0,1,156,1
1.0,1600.0,10.0,1,156,1
1.0,2000.0,12.0,1,156,1
1.0,2000.0,6.0,1,156,1
1.0,1800.0,4.0,1,156,1
1.0,800.0,10.0,1,156,1
1.0,1800.0,2.0,1,156,1
1.0,1600.0,8.0,1,156,1
1.0,1600.0,6.0,1,156,1
1.0,1600.0,12.0,1,156,1
1.0,1200.0,4.0,1,156,1
1.0,2000.0,4.0,1,156,1
1.0,800.0,4.0,1,156,1
1.0,1000.0,4.0,1,156,1
1.0,800.0,8.0,1,156,1
1.0,1800.0,6.0,1,156,1
1.0,1000.0,8.0,1,156,1
1.0,1400.0,2.0,1,156,1
1.0,1200.0,2.0,1,156,1
1.0,2000.0,8.0,1,156,1
1.0,1000.0,6.0,1,156,1
1.0,1200.0,8.0,1,156,1
1.0,1400.0,6.0,1,156,1
1.0,1000.0,12.0,1,156,1
1.0,1800.0,10.0,1,156,1
1.0,800.0,6.0,1,156,1
1.0,1400.0,4.0,1,156,1
1.0,1200.0,12.0,1,156,1
1.0,1800.0,8.0,1,156,1
1.0,1200.0,6.0,1,156,1
1.0,1600.0,4.0,1,156,1
1.0,800.0,12.0,1,156,1
1.0,1000.0,10.0,1,156,1
1.0,800.0,2.0,1,156,1
1.0,1200.0,10.0,1,156,1
1.0,1600.0,2.0,1,156,1
0.0,1200.0,8.0,0,156,1
0.0,1600.0,6.0,0,156,1
0.0,2000.0,12.0,0,156,1
0.0,800.0,8.0,0,156,1
0.0,800.0,12.0,0,156,1
1.0,1400.0,2.0,0,156,1
0.0,1800.0,8.0,0,156,1
0.0,800.0,6.0,0,156,1
1.0,2000.0,4.0,0,156,1
1.0,1600.0,2.0,0,156,1
0.0,1400.0,8.0,0,156,1
0.0,1600.0,10.0,0,156,1
0.0,2000.0,8.0,0,156,1
0.0,1600.0,8.0,0,156,1
0.0,1200.0,10.0,0,156,1
0.0,1800.0,12.0,0,156,1
1.0,1000.0,4.0,0,156,1
0.0,800.0,10.0,0,156,1
1.0,1000.0,2.0,0,156,1
1.0,1800.0,4.0,0,156,1
1.0,1800.0,2.0,0,156,1
0.0,1200.0,12.0,0,156,1
1.0,1400.0,4.0,0,156,1
0.0,1400.0,10.0,0,156,1
0.0,1400.0,6.0,0,156,1
0.0,1800.0,6.0,0,156,1
0.0,1400.0,12.0,0,156,1
1.0,1600.0,4.0,0,156,1
1.0,2000.0,2.0,0,156,1
1.0,800.0,2.0,0,156,1
0.0,2000.0,6.0,0,156,1
1.0,1200.0,4.0,0,156,1
0.0,1000.0,12.0,0,156,1
0.0,1000.0,10.0,0,156,1
0.0,1800.0,10.0,0,156,1
0.0,1600.0,12.0,0,156,1
0.0,1200.0,6.0,0,156,1
1.0,1200.0,2.0,0,156,1
0.0,2000.0,10.0,0,156,1
0.0,1000.0,8.0,0,156,1
0.0,1000.0,6.0,0,156,1
0.0,800.0,4.0,0,156,1
1.0,1000.0,10.0,0,157,0
1.0,1200.0,8.0,0,157,0
1.0,1800.0,6.0,0,157,0
1.0,1600.0,12.0,0,157,0
1.0,2000.0,10.0,0,157,0
1.0,2000.0,6.0,0,157,0
1.0,1400.0,4.0,0,157,0
1.0,800.0,8.0,0,157,0
1.0,1400.0,12.0,0,157,0
1.0,1000.0,4.0,0,157,0
1.0,1400.0,10.0,0,157,0
1.0,2000.0,4.0,0,157,0
1.0,800.0,4.0,0,157,0
1.0,1600.0,4.0,0,157,0
1.0,1200.0,4.0,0,157,0
1.0,1800.0,2.0,0,157,0
1.0,2000.0,12.0,0,157,0
1.0,1000.0,2.0,0,157,0
1.0,1400.0,2.0,0,157,0
1.0,1200.0,12.0,0,157,0
1.0,1200.0,2.0,0,157,0
1.0,1200.0,10.0,0,157,0
1.0,1000.0,8.0,0,157,0
1.0,1600.0,8.0,0,157,0
0.0,800.0,12.0,0,157,0
1.0,2000.0,8.0,0,157,0
1.0,800.0,2.0,0,157,0
1.0,1400.0,8.0,0,157,0
1.0,1600.0,2.0,0,157,0
1.0,1800.0,10.0,0,157,0
1.0,1800.0,12.0,0,157,0
1.0,1200.0,6.0,0,157,0
1.0,800.0,6.0,0,157,0
1.0,1600.0,6.0,0,157,0
1.0,1400.0,6.0,0,157,0
0.0,800.0,10.0,0,157,0
1.0,1000.0,6.0,0,157,0
0.0,1000.0,12.0,0,157,0
1.0,1800.0,4.0,0,157,0
1.0,2000.0,2.0,0,157,0
0.0,1600.0,10.0,0,157,0
1.0,1800.0,8.0,0,157,0
1.0,2000.0,2.0,1,157,0
1.0,1400.0,6.0,1,157,0
1.0,2000.0,6.0,1,157,0
0.0,1000.0,8.0,1,157,0
0.0,800.0,12.0,1,157,0
1.0,1800.0,10.0,1,157,0
1.0,1600.0,8.0,1,157,0
0.0,800.0,8.0,1,157,0
0.0,1000.0,12.0,1,157,0
1.0,1800.0,6.0,1,157,0
0.0,800.0,10.0,1,157,0
1.0,1400.0,4.0,1,157,0
1.0,800.0,2.0,1,157,0
1.0,1200.0,8.0,1,157,0
1.0,1200.0,2.0,1,157,0
1.0,800.0,6.0,1,157,0
1.0,1600.0,2.0,1,157,0
1.0,1200.0,4.0,1,157,0
1.0,800.0,4.0,1,157,0
0.0,1000.0,10.0,1,157,0
0.0,1200.0,10.0,1,157,0
1.0,1800.0,8.0,1,157,0
1.0,1000.0,2.0,1,157,0
1.0,1800.0,2.0,1,157,0
1.0,1200.0,6.0,1,157,0
0.0,2000.0,10.0,1,157,0
1.0,1600.0,6.0,1,157,0
0.0,1600.0,10.0,1,157,0
0.0,1200.0,12.0,1,157,0
0.0,1800.0,12.0,1,157,0
1.0,2000.0,4.0,1,157,0
1.0,1800.0,4.0,1,157,0
0.0,1400.0,12.0,1,157,0
1.0,1400.0,8.0,1,157,0
1.0,1400.0,2.0,1,157,0
1.0,1600.0,12.0,1,157,0
1.0,2000.0,8.0,1,157,0
1.0,1600.0,4.0,1,157,0
1.0,1000.0,6.0,1,157,0
0.0,2000.0,12.0,1,157,0
1.0,1000.0,4.0,1,157,0
1.0,1400.0,10.0,1,157,0
1.0,1200.0,4.0,0,158,0
1.0,1600.0,6.0,0,158,0
0.0,1600.0,8.0,0,158,0
1.0,1000.0,2.0,0,158,0
1.0,1600.0,10.0,0,158,0
0.0,1600.0,4.0,0,158,0
1.0,2000.0,12.0,0,158,0
0.0,1200.0,8.0,0,158,0
1.0,1400.0,8.0,0,158,0
1.0,800.0,6.0,0,158,0
1.0,1400.0,12.0,0,158,0
0.0,1400.0,2.0,0,158,0
1.0,1400.0,6.0,0,158,0
1.0,2000.0,8.0,0,158,0
1.0,1800.0,12.0,0,158,0
1.0,1000.0,4.0,0,158,0
1.0,1800.0,4.0,0,158,0
1.0,800.0,2.0,0,158,0
1.0,1000.0,6.0,0,158,0
1.0,2000.0,4.0,0,158,0
0.0,1200.0,2.0,0,158,0
1.0,1800.0,10.0,0,158,0
0.0,800.0,4.0,0,158,0
1.0,1600.0,2.0,0,158,0
1.0,2000.0,2.0,0,158,0
1.0,1200.0,10.0,0,158,0
1.0,1000.0,8.0,0,158,0
1.0,800.0,8.0,0,158,0
1.0,1000.0,12.0,0,158,0
1.0,1800.0,8.0,0,158,0
0.0,1800.0,2.0,0,158,0
1.0,1800.0,6.0,0,158,0
1.0,1200.0,12.0,0,158,0
0.0,1200.0,6.0,0,158,0
1.0,1400.0,10.0,0,158,0
0.0,1400.0,4.0,0,158,0
1.0,2000.0,6.0,0,158,0
1.0,1600.0,12.0,0,158,0
1.0,800.0,10.0,0,158,0
0.0,800.0,12.0,0,158,0
1.0,1000.0,10.0,0,158,0
1.0,2000.0,10.0,0,158,0
1.0,1600.0,2.0,1,158,0
1.0,1400.0,12.0,1,158,0
0.0,800.0,8.0,1,158,0
1.0,1000.0,2.0,1,158,0
1.0,1600.0,8.0,1,158,0
1.0,1600.0,6.0,1,158,0
1.0,2000.0,8.0,1,158,0
0.0,800.0,4.0,1,158,0
1.0,1400.0,10.0,1,158,0
0.0,1000.0,4.0,1,158,0
1.0,1000.0,6.0,1,158,0
1.0,2000.0,12.0,1,158,0
1.0,1000.0,8.0,1,158,0
1.0,800.0,6.0,1,158,0
0.0,1000.0,12.0,1,158,0
0.0,1800.0,2.0,1,158,0
1.0,2000.0,10.0,1,158,0
1.0,1600.0,4.0,1,158,0
1.0,800.0,12.0,1,158,0
1.0,1400.0,6.0,1,158,0
1.0,2000.0,2.0,1,158,0
1.0,1800.0,8.0,1,158,0
1.0,1400.0,2.0,1,158,0
0.0,1400.0,8.0,1,158,0
1.0,2000.0,4.0,1,158,0
0.0,1600.0,12.0,1,158,0
1.0,1200.0,4.0,1,158,0
1.0,1200.0,10.0,1,158,0
1.0,1200.0,6.0,1,158,0
1.0,1200.0,12.0,1,158,0
0.0,1800.0,12.0,1,158,0
1.0,1200.0,8.0,1,158,0
1.0,1800.0,10.0,1,158,0
1.0,800.0,10.0,1,158,0
1.0,1000.0,10.0,1,158,0
1.0,1600.0,10.0,1,158,0
1.0,1800.0,4.0,1,158,0
1.0,1200.0,2.0,1,158,0
0.0,2000.0,6.0,1,158,0
1.0,800.0,2.0,1,158,0
1.0,1400.0,4.0,1,158,0
1.0,1800.0,6.0,1,158,0
1.0,1200.0,12.0,1,159,0
1.0,1200.0,2.0,1,159,0
1.0,1200.0,8.0,1,159,0
1.0,1000.0,8.0,1,159,0
1.0,2000.0,12.0,1,159,0
1.0,1600.0,6.0,1,159,0
1.0,1800.0,4.0,1,159,0
1.0,1000.0,4.0,1,159,0
1.0,800.0,2.0,1,159,0
1.0,1400.0,2.0,1,159,0
1.0,800.0,6.0,1,159,0
1.0,1600.0,10.0,1,159,0
1.0,800.0,12.0,1,159,0
0.0,2000.0,2.0,1,159,0
0.0,1600.0,2.0,1,159,0
1.0,1400.0,10.0,1,159,0
0.0,1600.0,4.0,1,159,0
1.0,1800.0,8.0,1,159,0
1.0,1600.0,12.0,1,159,0
0.0,1200.0,4.0,1,159,0
1.0,1800.0,12.0,1,159,0
0.0,2000.0,4.0,1,159,0
0.0,1800.0,6.0,1,159,0
1.0,800.0,10.0,1,159,0
1.0,1200.0,10.0,1,159,0
1.0,1000.0,10.0,1,159,0
0.0,1000.0,6.0,1,159,0
1.0,2000.0,10.0,1,159,0
0.0,1800.0,2.0,1,159,0
0.0,1400.0,6.0,1,159,0
1.0,800.0,8.0,1,159,0
1.0,1600.0,8.0,1,159,0
0.0,1000.0,2.0,1,159,0
0.0,800.0,4.0,1,159,0
1.0,1200.0,6.0,1,159,0
1.0,1000.0,12.0,1,159,0
1.0,1800.0,10.0,1,159,0
1.0,1400.0,8.0,1,159,0
1.0,1400.0,12.0,1,159,0
1.0,2000.0,6.0,1,159,0
1.0,2000.0,8.0,1,159,0
1.0,1400.0,4.0,1,159,0
0.0,1600.0,2.0,0,159,0
0.0,1400.0,4.0,0,159,0
1.0,2000.0,12.0,0,159,0
0.0,1800.0,10.0,0,159,0
1.0,1800.0,12.0,0,159,0
0.0,1000.0,4.0,0,159,0
1.0,1400.0,6.0,0,159,0
1.0,1200.0,10.0,0,159,0
0.0,2000.0,10.0,0,159,0
1.0,2000.0,4.0,0,159,0
1.0,1400.0,10.0,0,159,0
1.0,1200.0,8.0,0,159,0
1.0,800.0,10.0,0,159,0
1.0,1400.0,8.0,0,159,0
1.0,2000.0,8.0,0,159,0
1.0,2000.0,2.0,0,159,0
1.0,800.0,8.0,0,159,0
1.0,2000.0,6.0,0,159,0
1.0,1000.0,6.0,0,159,0
0.0,1800.0,2.0,0,159,0
1.0,1600.0,12.0,0,159,0
0.0,1600.0,6.0,0,159,0
1.0,1200.0,12.0,0,159,0
1.0,1400.0,12.0,0,159,0
0.0,1400.0,2.0,0,159,0
1.0,1200.0,6.0,0,159,0
0.0,1200.0,4.0,0,159,0
1.0,1600.0,10.0,0,159,0
1.0,1000.0,8.0,0,159,0
0.0,1600.0,4.0,0,159,0
0.0,1000.0,2.0,0,159,0
0.0,1800.0,6.0,0,159,0
0.0,1800.0,4.0,0,159,0
1.0,1800.0,8.0,0,159,0
1.0,1000.0,12.0,0,159,0
1.0,800.0,12.0,0,159,0
1.0,1000.0,10.0,0,159,0
0.0,800.0,4.0,0,159,0
0.0,800.0,2.0,0,159,0
0.0,1200.0,2.0,0,159,0
0.0,800.0,6.0,0,159,0
1.0,1600.0,8.0,0,159,0
1.0,800.0,6.0,0,160,0
1.0,1800.0,10.0,0,160,0
1.0,2000.0,4.0,0,160,0
1.0,1400.0,4.0,0,160,0
1.0,1000.0,12.0,0,160,0
1.0,1600.0,8.0,0,160,0
1.0,1800.0,8.0,0,160,0
1.0,1600.0,2.0,0,160,0
1.0,1400.0,12.0,0,160,0
1.0,1000.0,6.0,0,160,0
1.0,1000.0,4.0,0,160,0
1.0,1200.0,4.0,0,160,0
1.0,1600.0,12.0,0,160,0
1.0,1000.0,8.0,0,160,0
1.0,1400.0,10.0,0,160,0
1.0,1200.0,6.0,0,160,0
1.0,1000.0,2.0,0,160,0
1.0,1200.0,2.0,0,160,0
1.0,2000.0,2.0,0,160,0
1.0,2000.0,12.0,0,160,0
1.0,1800.0,4.0,0,160,0
1.0,2000.0,10.0,0,160,0
1.0,1200.0,10.0,0,160,0
1.0,1600.0,6.0,0,160,0
1.0,800.0,4.0,0,160,0
1.0,800.0,8.0,0,160,0
1.0,1800.0,2.0,0,160,0
1.0,1800.0,6.0,0,160,0
1.0,2000.0,6.0,0,160,0
1.0,800.0,10.0,0,160,0
1.0,1600.0,4.0,0,160,0
1.0,1400.0,2.0,0,160,0
1.0,1000.0,10.0,0,160,0
1.0,1200.0,8.0,0,160,0
1.0,800.0,2.0,0,160,0
1.0,1800.0,12.0,0,160,0
1.0,1600.0,10.0,0,160,0
1.0,800.0,12.0,0,160,0
1.0,1200.0,12.0,0,160,0
1.0,2000.0,8.0,0,160,0
1.0,1400.0,8.0,0,160,0
1.0,1400.0,6.0,0,160,0
1.0,1000.0,12.0,1,160,0
1.0,2000.0,10.0,1,160,0
1.0,1400.0,6.0,1,160,0
1.0,1400.0,12.0,1,160,0
1.0,1600.0,8.0,1,160,0
1.0,1200.0,8.0,1,160,0
1.0,2000.0,4.0,1,160,0
1.0,1600.0,6.0,1,160,0
1.0,800.0,8.0,1,160,0
1.0,1600.0,4.0,1,160,0
1.0,1800.0,10.0,1,160,0
1.0,1000.0,10.0,1,160,0
1.0,800.0,6.0,1,160,0
1.0,1800.0,6.0,1,160,0
1.0,1400.0,8.0,1,160,0
1.0,1200.0,12.0,1,160,0
1.0,1400.0,10.0,1,160,0
1.0,2000.0,6.0,1,160,0
1.0,2000.0,12.0,1,160,0
1.0,1800.0,8.0,1,160,0
1.0,1600.0,2.0,1,160,0
1.0,1000.0,6.0,1,160,0
1.0,1000.0,8.0,1,160,0
1.0,1200.0,2.0,1,160,0
1.0,800.0,10.0,1,160,0
1.0,2000.0,2.0,1,160,0
1.0,1200.0,4.0,1,160,0
1.0,1200.0,6.0,1,160,0
1.0,1800.0,2.0,1,160,0
1.0,1400.0,4.0,1,160,0
1.0,2000.0,8.0,1,160,0
1.0,1800.0,12.0,1,160,0
1.0,1000.0,2.0,1,160,0
1.0,1600.0,12.0,1,160,0
1.0,1200.0,10.0,1,160,0
1.0,1600.0,10.0,1,160,0
1.0,800.0,2.0,1,160,0
1.0,800.0,4.0,1,160,0
1.0,800.0,12.0,1,160,0
1.0,1800.0,4.0,1,160,0
1.0,1000.0,4.0,1,160,0
1.0,1400.0,2.0,1,160,0
1.0,1200.0,8.0,1,161,0
1.0,1400.0,8.0,1,161,0
1.0,1800.0,2.0,1,161,0
1.0,2000.0,6.0,1,161,0
1.0,1000.0,2.0,1,161,0
1.0,1600.0,10.0,1,161,0
1.0,800.0,8.0,1,161,0
1.0,2000.0,10.0,1,161,0
0.0,1600.0,2.0,1,161,0
1.0,1600.0,6.0,1,161,0
0.0,2000.0,12.0,1,161,0
1.0,1200.0,10.0,1,161,0
1.0,1600.0,4.0,1,161,0
1.0,1000.0,8.0,1,161,0
1.0,1200.0,12.0,1,161,0
0.0,1800.0,12.0,1,161,0
1.0,1000.0,4.0,1,161,0
1.0,2000.0,4.0,1,161,0
1.0,800.0,10.0,1,161,0
0.0,1600.0,12.0,1,161,0
1.0,1800.0,10.0,1,161,0
1.0,1000.0,6.0,1,161,0
1.0,1800.0,8.0,1,161,0
1.0,1200.0,2.0,1,161,0
0.0,800.0,4.0,1,161,0
1.0,2000.0,2.0,1,161,0
1.0,2000.0,8.0,1,161,0
1.0,1400.0,12.0,1,161,0
1.0,1400.0,10.0,1,161,0
0.0,1400.0,2.0,1,161,0
1.0,1800.0,6.0,1,161,0
1.0,1000.0,10.0,1,161,0
1.0,1800.0,4.0,1,161,0
1.0,1000.0,12.0,1,161,0
1.0,800.0,2.0,1,161,0
1.0,1600.0,8.0,1,161,0
1.0,1400.0,6.0,1,161,0
0.0,1200.0,4.0,1,161,0
1.0,800.0,6.0,1,161,0
1.0,1400.0,4.0,1,161,0
1.0,800.0,12.0,1,161,0
1.0,1200.0,6.0,1,161,0
1.0,1800.0,10.0,0,161,0
1.0,1200.0,10.0,0,161,0
0.0,1800.0,8.0,0,161,0
1.0,1400.0,2.0,0,161,0
1.0,1600.0,10.0,0,161,0
1.0,800.0,8.0,0,161,0
1.0,1800.0,6.0,0,161,0
0.0,1200.0,2.0,0,161,0
1.0,2000.0,10.0,0,161,0
1.0,1400.0,4.0,0,161,0
1.0,2000.0,2.0,0,161,0
1.0,1200.0,8.0,0,161,0
1.0,1400.0,8.0,0,161,0
0.0,800.0,6.0,0,161,0
1.0,2000.0,4.0,0,161,0
1.0,1600.0,8.0,0,161,0
0.0,2000.0,8.0,0,161,0
1.0,2000.0,6.0,0,161,0
1.0,1000.0,4.0,0,161,0
1.0,1400.0,6.0,0,161,0
1.0,800.0,2.0,0,161,0
1.0,800.0,12.0,0,161,0
1.0,1600.0,2.0,0,161,0
1.0,1000.0,8.0,0,161,0
0.0,1400.0,10.0,0,161,0
1.0,1200.0,12.0,0,161,0
1.0,1200.0,6.0,0,161,0
0.0,1800.0,2.0,0,161,0
1.0,800.0,4.0,0,161,0
0.0,1000.0,12.0,0,161,0
1.0,800.0,10.0,0,161,0
0.0,1000.0,6.0,0,161,0
1.0,1000.0,10.0,0,161,0
1.0,1400.0,12.0,0,161,0
1.0,1600.0,4.0,0,161,0
1.0,1600.0,6.0,0,161,0
1.0,1800.0,4.0,0,161,0
1.0,1600.0,12.0,0,161,0
1.0,1800.0,12.0,0,161,0
1.0,1000.0,2.0,0,161,0
1.0,1200.0,4.0,0,161,0
1.0,2000.0,12.0,0,161,0
1.0,1000.0,8.0,0,162,0
1.0,1800.0,4.0,0,162,0
1.0,1400.0,8.0,0,162,0
1.0,1600.0,10.0,0,162,0
1.0,1200.0,4.0,0,162,0
1.0,1600.0,6.0,0,162,0
1.0,1600.0,2.0,0,162,0
1.0,1200.0,6.0,0,162,0
1.0,1800.0,2.0,0,162,0
1.0,1800.0,6.0,0,162,0
1.0,1800.0,10.0,0,162,0
1.0,1800.0,12.0,0,162,0
1.0,800.0,4.0,0,162,0
1.0,1600.0,8.0,0,162,0
1.0,1400.0,12.0,0,162,0
1.0,800.0,8.0,0,162,0
1.0,1200.0,10.0,0,162,0
1.0,2000.0,8.0,0,162,0
1.0,1400.0,4.0,0,162,0
1.0,1400.0,2.0,0,162,0
1.0,1200.0,8.0,0,162,0
1.0,1200.0,2.0,0,162,0
1.0,1600.0,12.0,0,162,0
1.0,800.0,6.0,0,162,0
1.0,1400.0,6.0,0,162,0
1.0,800.0,12.0,0,162,0
1.0,800.0,2.0,0,162,0
1.0,2000.0,4.0,0,162,0
1.0,1400.0,10.0,0,162,0
1.0,1800.0,8.0,0,162,0
1.0,1000.0,10.0,0,162,0
1.0,2000.0,2.0,0,162,0
1.0,1000.0,4.0,0,162,0
1.0,1000.0,6.0,0,162,0
1.0,1600.0,4.0,0,162,0
1.0,1000.0,12.0,0,162,0
1.0,800.0,10.0,0,162,0
1.0,2000.0,10.0,0,162,0
1.0,2000.0,6.0,0,162,0
1.0,2000.0,12.0,0,162,0
1.0,1200.0,12.0,0,162,0
1.0,1000.0,2.0,0,162,0
1.0,1400.0,6.0,1,162,0
1.0,1400.0,12.0,1,162,0
1.0,1800.0,12.0,1,162,0
1.0,1200.0,10.0,1,162,0
1.0,1800.0,8.0,1,162,0
1.0,1400.0,8.0,1,162,0
1.0,1600.0,10.0,1,162,0
1.0,2000.0,6.0,1,162,0
1.0,800.0,8.0,1,162,0
1.0,1000.0,4.0,1,162,0
1.0,2000.0,4.0,1,162,0
1.0,1200.0,4.0,1,162,0
1.0,1600.0,4.0,1,162,0
1.0,1000.0,2.0,1,162,0
1.0,1600.0,12.0,1,162,0
1.0,1600.0,6.0,1,162,0
1.0,1200.0,2.0,1,162,0
1.0,2000.0,10.0,1,162,0
1.0,1600.0,8.0,1,162,0
1.0,800.0,12.0,1,162,0
1.0,1000.0,8.0,1,162,0
1.0,1000.0,6.0,1,162,0
1.0,1800.0,2.0,1,162,0
1.0,800.0,6.0,1,162,0
1.0,1400.0,4.0,1,162,0
1.0,1200.0,12.0,1,162,0
1.0,800.0,10.0,1,162,0
1.0,1200.0,8.0,1,162,0
1.0,1800.0,6.0,1,162,0
1.0,800.0,4.0,1,162,0
1.0,1400.0,2.0,1,162,0
1.0,1800.0,4.0,1,162,0
1.0,2000.0,12.0,1,162,0
1.0,800.0,2.0,1,162,0
1.0,1200.0,6.0,1,162,0
1.0,2000.0,2.0,1,162,0
1.0,2000.0,8.0,1,162,0
1.0,1600.0,2.0,1,162,0
1.0,1000.0,12.0,1,162,0
1.0,1000.0,10.0,1,162,0
1.0,1800.0,10.0,1,162,0
1.0,1400.0,10.0,1,162,0
1.0,800.0,10.0,0,163,0
1.0,1600.0,4.0,0,163,0
1.0,2000.0,8.0,0,163,0
1.0,1400.0,2.0,0,163,0
1.0,1600.0,10.0,0,163,0
0.0,1000.0,12.0,0,163,0
1.0,2000.0,2.0,0,163,0
0.0,1400.0,10.0,0,163,0
1.0,1800.0,6.0,0,163,0
0.0,800.0,8.0,0,163,0
1.0,1200.0,6.0,0,163,0
1.0,1400.0,4.0,0,163,0
0.0,1400.0,6.0,0,163,0
0.0,1200.0,10.0,0,163,0
1.0,1200.0,12.0,0,163,0
0.0,1200.0,8.0,0,163,0
1.0,1600.0,2.0,0,163,0
0.0,1800.0,8.0,0,163,0
1.0,1200.0,2.0,0,163,0
1.0,2000.0,6.0,0,163,0
0.0,2000.0,12.0,0,163,0
1.0,2000.0,4.0,0,163,0
0.0,1000.0,6.0,0,163,0
0.0,1000.0,10.0,0,163,0
1.0,1600.0,6.0,0,163,0
0.0,2000.0,10.0,0,163,0
1.0,1800.0,4.0,0,163,0
0.0,800.0,6.0,0,163,0
1.0,1800.0,2.0,0,163,0
0.0,800.0,4.0,0,163,0
1.0,800.0,2.0,0,163,0
0.0,1600.0,12.0,0,163,0
0.0,1000.0,4.0,0,163,0
1.0,1400.0,8.0,0,163,0
0.0,800.0,12.0,0,163,0
1.0,1000.0,2.0,0,163,0
0.0,1400.0,12.0,0,163,0
0.0,1800.0,12.0,0,163,0
1.0,1000.0,8.0,0,163,0
1.0,1600.0,8.0,0,163,0
0.0,1800.0,10.0,0,163,0
1.0,1200.0,4.0,0,163,0
1.0,1800.0,8.0,1,163,0
1.0,1600.0,8.0,1,163,0
1.0,2000.0,8.0,1,163,0
1.0,2000.0,6.0,1,163,0
1.0,1800.0,4.0,1,163,0
0.0,1000.0,8.0,1,163,0
0.0,1200.0,10.0,1,163,0
1.0,1600.0,2.0,1,163,0
0.0,1000.0,12.0,1,163,0
0.0,1600.0,12.0,1,163,0
0.0,800.0,8.0,1,163,0
1.0,2000.0,2.0,1,163,0
0.0,1600.0,10.0,1,163,0
1.0,1200.0,2.0,1,163,0
0.0,1400.0,12.0,1,163,0
1.0,1600.0,6.0,1,163,0
1.0,1400.0,6.0,1,163,0
1.0,1000.0,2.0,1,163,0
0.0,800.0,12.0,1,163,0
1.0,800.0,6.0,1,163,0
1.0,1600.0,4.0,1,163,0
1.0,1400.0,2.0,1,163,0
1.0,1400.0,4.0,1,163,0
1.0,1400.0,8.0,1,163,0
1.0,1800.0,6.0,1,163,0
1.0,1200.0,4.0,1,163,0
1.0,1800.0,2.0,1,163,0
0.0,1400.0,10.0,1,163,0
0.0,1800.0,12.0,1,163,0
1.0,1000.0,4.0,1,163,0
0.0,1800.0,10.0,1,163,0
0.0,800.0,10.0,1,163,0
0.0,2000.0,10.0,1,163,0
0.0,2000.0,12.0,1,163,0
1.0,800.0,4.0,1,163,0
1.0,1000.0,6.0,1,163,0
1.0,800.0,2.0,1,163,0
0.0,1000.0,10.0,1,163,0
0.0,1200.0,12.0,1,163,0
1.0,2000.0,4.0,1,163,0
0.0,1200.0,8.0,1,163,0
1.0,1200.0,6.0,1,163,0
1.0,1800.0,10.0,1,164,1
0.0,1000.0,4.0,1,164,1
1.0,800.0,8.0,1,164,1
0.0,1600.0,4.0,1,164,1
1.0,2000.0,2.0,1,164,1
0.0,2000.0,6.0,1,164,1
1.0,1400.0,12.0,1,164,1
1.0,1400.0,10.0,1,164,1
1.0,800.0,4.0,1,164,1
0.0,2000.0,8.0,1,164,1
1.0,1800.0,4.0,1,164,1
0.0,1000.0,8.0,1,164,1
1.0,2000.0,12.0,1,164,1
1.0,1200.0,8.0,1,164,1
1.0,1400.0,6.0,1,164,1
0.0,1600.0,6.0,1,164,1
1.0,800.0,10.0,1,164,1
1.0,1200.0,6.0,1,164,1
1.0,1800.0,8.0,1,164,1
1.0,1600.0,10.0,1,164,1
1.0,800.0,12.0,1,164,1
1.0,1000.0,2.0,1,164,1
1.0,2000.0,4.0,1,164,1
1.0,1800.0,6.0,1,164,1
1.0,1200.0,10.0,1,164,1
1.0,1000.0,10.0,1,164,1
1.0,1200.0,2.0,1,164,1
1.0,1000.0,12.0,1,164,1
1.0,1600.0,2.0,1,164,1
1.0,1400.0,4.0,1,164,1
1.0,2000.0,10.0,1,164,1
1.0,800.0,2.0,1,164,1
1.0,1800.0,12.0,1,164,1
1.0,1400.0,2.0,1,164,1
1.0,800.0,6.0,1,164,1
1.0,1800.0,2.0,1,164,1
1.0,1600.0,12.0,1,164,1
1.0,1400.0,8.0,1,164,1
1.0,1000.0,6.0,1,164,1
1.0,1600.0,8.0,1,164,1
1.0,1200.0,12.0,1,164,1
1.0,1200.0,4.0,1,164,1
1.0,1600.0,6.0,0,164,1
1.0,800.0,8.0,0,164,1
1.0,1000.0,6.0,0,164,1
1.0,2000.0,2.0,0,164,1
0.0,1200.0,10.0,0,164,1
1.0,1800.0,8.0,0,164,1
1.0,1200.0,12.0,0,164,1
1.0,1000.0,2.0,0,164,1
1.0,1400.0,10.0,0,164,1
1.0,1800.0,10.0,0,164,1
0.0,800.0,4.0,0,164,1
0.0,1400.0,12.0,0,164,1
1.0,2000.0,4.0,0,164,1
0.0,800.0,2.0,0,164,1
1.0,2000.0,8.0,0,164,1
0.0,800.0,12.0,0,164,1
1.0,1200.0,8.0,0,164,1
0.0,1000.0,4.0,0,164,1
1.0,1600.0,10.0,0,164,1
0.0,1000.0,10.0,0,164,1
1.0,1800.0,6.0,0,164,1
1.0,1800.0,2.0,0,164,1
1.0,2000.0,12.0,0,164,1
0.0,1200.0,4.0,0,164,1
1.0,1400.0,4.0,0,164,1
0.0,1600.0,2.0,0,164,1
1.0,1600.0,8.0,0,164,1
0.0,1800.0,12.0,0,164,1
0.0,1800.0,4.0,0,164,1
1.0,1200.0,2.0,0,164,1
0.0,800.0,6.0,0,164,1
1.0,1600.0,4.0,0,164,1
0.0,1400.0,6.0,0,164,1
1.0,800.0,10.0,0,164,1
0.0,1200.0,6.0,0,164,1
1.0,2000.0,6.0,0,164,1
0.0,1000.0,8.0,0,164,1
1.0,1400.0,8.0,0,164,1
1.0,1600.0,12.0,0,164,1
0.0,2000.0,10.0,0,164,1
1.0,1400.0,2.0,0,164,1
0.0,1000.0,12.0,0,164,1
1.0,800.0,4.0,1,165,1
1.0,1600.0,10.0,1,165,1
1.0,1600.0,8.0,1,165,1
0.0,800.0,8.0,1,165,1
1.0,1200.0,10.0,1,165,1
1.0,1000.0,6.0,1,165,1
1.0,2000.0,2.0,1,165,1
1.0,2000.0,10.0,1,165,1
1.0,1000.0,12.0,1,165,1
1.0,2000.0,8.0,1,165,1
1.0,800.0,6.0,1,165,1
0.0,1000.0,4.0,1,165,1
1.0,2000.0,12.0,1,165,1
1.0,1600.0,4.0,1,165,1
1.0,1000.0,10.0,1,165,1
1.0,1800.0,2.0,1,165,1
1.0,1400.0,10.0,1,165,1
1.0,1600.0,6.0,1,165,1
1.0,1800.0,6.0,1,165,1
1.0,1000.0,2.0,1,165,1
1.0,1800.0,12.0,1,165,1
1.0,1400.0,2.0,1,165,1
1.0,1400.0,4.0,1,165,1
1.0,2000.0,6.0,1,165,1
1.0,1200.0,12.0,1,165,1
1.0,800.0,12.0,1,165,1
0.0,1200.0,6.0,1,165,1
0.0,1800.0,4.0,1,165,1
1.0,1600.0,2.0,1,165,1
0.0,1400.0,12.0,1,165,1
1.0,1800.0,10.0,1,165,1
1.0,1200.0,4.0,1,165,1
1.0,1000.0,8.0,1,165,1
1.0,1600.0,12.0,1,165,1
1.0,1400.0,6.0,1,165,1
1.0,1800.0,8.0,1,165,1
1.0,800.0,2.0,1,165,1
1.0,800.0,10.0,1,165,1
0.0,1400.0,8.0,1,165,1
0.0,1200.0,8.0,1,165,1
0.0,1200.0,2.0,1,165,1
0.0,2000.0,4.0,1,165,1
1.0,1400.0,2.0,0,165,1
1.0,1200.0,2.0,0,165,1
1.0,1000.0,2.0,0,165,1
1.0,1200.0,12.0,0,165,1
1.0,2000.0,10.0,0,165,1
1.0,1600.0,10.0,0,165,1
1.0,1000.0,8.0,0,165,1
1.0,1800.0,6.0,0,165,1
1.0,1400.0,10.0,0,165,1
1.0,1200.0,10.0,0,165,1
1.0,2000.0,2.0,0,165,1
1.0,1400.0,4.0,0,165,1
1.0,1200.0,4.0,0,165,1
1.0,800.0,4.0,0,165,1
1.0,2000.0,8.0,0,165,1
1.0,1000.0,4.0,0,165,1
1.0,1000.0,6.0,0,165,1
1.0,1200.0,8.0,0,165,1
1.0,1800.0,10.0,0,165,1
1.0,1200.0,6.0,0,165,1
1.0,2000.0,4.0,0,165,1
0.0,1600.0,8.0,0,165,1
0.0,1800.0,8.0,0,165,1
1.0,800.0,2.0,0,165,1
0.0,1600.0,12.0,0,165,1
1.0,800.0,10.0,0,165,1
0.0,1800.0,2.0,0,165,1
1.0,2000.0,12.0,0,165,1
1.0,800.0,12.0,0,165,1
1.0,1400.0,6.0,0,165,1
1.0,1600.0,2.0,0,165,1
1.0,2000.0,6.0,0,165,1
1.0,1600.0,6.0,0,165,1
0.0,1400.0,8.0,0,165,1
1.0,1000.0,10.0,0,165,1
1.0,1800.0,4.0,0,165,1
1.0,800.0,6.0,0,165,1
1.0,800.0,8.0,0,165,1
1.0,1600.0,4.0,0,165,1
1.0,1800.0,12.0,0,165,1
1.0,1400.0,12.0,0,165,1
1.0,1000.0,12.0,0,165,1
1.0,1800.0,6.0,0,166,0
0.0,1600.0,4.0,0,166,0
0.0,800.0,12.0,0,166,0
0.0,1400.0,4.0,0,166,0
1.0,1400.0,10.0,0,166,0
0.0,1600.0,10.0,0,166,0
1.0,1200.0,2.0,0,166,0
0.0,1800.0,10.0,0,166,0
0.0,1800.0,12.0,0,166,0
0.0,800.0,10.0,0,166,0
0.0,1200.0,8.0,0,166,0
0.0,1600.0,12.0,0,166,0
1.0,1600.0,8.0,0,166,0
1.0,1200.0,6.0,0,166,0
0.0,1000.0,8.0,0,166,0
1.0,1400.0,2.0,0,166,0
0.0,1400.0,12.0,0,166,0
1.0,800.0,2.0,0,166,0
0.0,1400.0,8.0,0,166,0
1.0,1800.0,2.0,0,166,0
1.0,2000.0,6.0,0,166,0
0.0,1000.0,12.0,0,166,0
0.0,1200.0,10.0,0,166,0
0.0,1200.0,12.0,0,166,0
1.0,1800.0,4.0,0,166,0
1.0,2000.0,2.0,0,166,0
1.0,1000.0,2.0,0,166,0
1.0,1600.0,6.0,0,166,0
0.0,800.0,4.0,0,166,0
1.0,2000.0,4.0,0,166,0
0.0,2000.0,10.0,0,166,0
0.0,2000.0,12.0,0,166,0
0.0,2000.0,8.0,0,166,0
0.0,1400.0,6.0,0,166,0
1.0,1600.0,2.0,0,166,0
0.0,800.0,6.0,0,166,0
0.0,1000.0,6.0,0,166,0
0.0,800.0,8.0,0,166,0
1.0,1000.0,4.0,0,166,0
0.0,1000.0,10.0,0,166,0
1.0,1200.0,4.0,0,166,0
0.0,1800.0,8.0,0,166,0
1.0,1400.0,8.0,1,166,0
1.0,800.0,4.0,1,166,0
0.0,2000.0,12.0,1,166,0
0.0,1800.0,12.0,1,166,0
0.0,1200.0,12.0,1,166,0
0.0,1000.0,12.0,1,166,0
1.0,1000.0,6.0,1,166,0
0.0,1800.0,8.0,1,166,0
0.0,1400.0,10.0,1,166,0
0.0,800.0,8.0,1,166,0
1.0,1200.0,4.0,1,166,0
0.0,1200.0,6.0,1,166,0
0.0,2000.0,8.0,1,166,0
1.0,2000.0,2.0,1,166,0
0.0,1000.0,8.0,1,166,0
1.0,1200.0,2.0,1,166,0
1.0,800.0,2.0,1,166,0
0.0,800.0,6.0,1,166,0
0.0,1000.0,10.0,1,166,0
0.0,1600.0,6.0,1,166,0
0.0,800.0,10.0,1,166,0
1.0,1000.0,2.0,1,166,0
0.0,1600.0,10.0,1,166,0
0.0,1400.0,6.0,1,166,0
0.0,1800.0,6.0,1,166,0
0.0,800.0,12.0,1,166,0
0.0,1200.0,8.0,1,166,0
0.0,2000.0,6.0,1,166,0
0.0,1800.0,10.0,1,166,0
0.0,1400.0,12.0,1,166,0
1.0,1800.0,2.0,1,166,0
1.0,1600.0,4.0,1,166,0
1.0,1000.0,4.0,1,166,0
0.0,2000.0,10.0,1,166,0
1.0,2000.0,4.0,1,166,0
0.0,1200.0,10.0,1,166,0
1.0,1600.0,2.0,1,166,0
0.0,1600.0,8.0,1,166,0
1.0,1800.0,4.0,1,166,0
0.0,1600.0,12.0,1,166,0
1.0,1400.0,4.0,1,166,0
1.0,1400.0,2.0,1,166,0
1.0,1800.0,4.0,0,167,1
1.0,800.0,4.0,0,167,1
0.0,1400.0,12.0,0,167,1
1.0,1200.0,8.0,0,167,1
0.0,1000.0,10.0,0,167,1
0.0,1200.0,12.0,0,167,1
1.0,1800.0,6.0,0,167,1
0.0,800.0,12.0,0,167,1
1.0,1800.0,10.0,0,167,1
1.0,1200.0,4.0,0,167,1
1.0,2000.0,12.0,0,167,1
1.0,1200.0,2.0,0,167,1
1.0,1400.0,2.0,0,167,1
1.0,2000.0,10.0,0,167,1
1.0,1000.0,8.0,0,167,1
1.0,1600.0,4.0,0,167,1
1.0,1400.0,6.0,0,167,1
1.0,1600.0,8.0,0,167,1
0.0,1000.0,12.0,0,167,1
1.0,1600.0,12.0,0,167,1
1.0,1000.0,2.0,0,167,1
1.0,1800.0,8.0,0,167,1
1.0,1800.0,12.0,0,167,1
1.0,1600.0,10.0,0,167,1
1.0,1600.0,2.0,0,167,1
1.0,1200.0,6.0,0,167,1
1.0,800.0,2.0,0,167,1
1.0,1400.0,4.0,0,167,1
1.0,2000.0,2.0,0,167,1
1.0,800.0,8.0,0,167,1
1.0,2000.0,8.0,0,167,1
1.0,1400.0,10.0,0,167,1
0.0,800.0,10.0,0,167,1
1.0,1400.0,8.0,0,167,1
1.0,1800.0,2.0,0,167,1
1.0,2000.0,6.0,0,167,1
1.0,1200.0,10.0,0,167,1
1.0,2000.0,4.0,0,167,1
1.0,1000.0,4.0,0,167,1
1.0,1000.0,6.0,0,167,1
1.0,1600.0,6.0,0,167,1
1.0,800.0,6.0,0,167,1
1.0,1400.0,8.0,1,167,1
1.0,1400.0,12.0,1,167,1
1.0,1200.0,10.0,1,167,1
1.0,1600.0,6.0,1,167,1
1.0,1400.0,4.0,1,167,1
1.0,1800.0,2.0,1,167,1
1.0,1200.0,8.0,1,167,1
1.0,2000.0,8.0,1,167,1
1.0,1200.0,2.0,1,167,1
1.0,1200.0,4.0,1,167,1
1.0,800.0,4.0,1,167,1
1.0,1200.0,12.0,1,167,1
1.0,800.0,2.0,1,167,1
1.0,2000.0,4.0,1,167,1
0.0,800.0,12.0,1,167,1
1.0,1600.0,12.0,1,167,1
1.0,1000.0,6.0,1,167,1
1.0,1600.0,8.0,1,167,1
1.0,1000.0,2.0,1,167,1
1.0,1200.0,6.0,1,167,1
1.0,1800.0,12.0,1,167,1
1.0,1600.0,4.0,1,167,1
1.0,1000.0,8.0,1,167,1
1.0,1000.0,12.0,1,167,1
1.0,1800.0,6.0,1,167,1
1.0,1800.0,10.0,1,167,1
1.0,1000.0,10.0,1,167,1
1.0,1800.0,4.0,1,167,1
1.0,800.0,10.0,1,167,1
1.0,1400.0,2.0,1,167,1
1.0,1400.0,10.0,1,167,1
1.0,800.0,6.0,1,167,1
1.0,1600.0,10.0,1,167,1
1.0,1000.0,4.0,1,167,1
1.0,2000.0,12.0,1,167,1
1.0,2000.0,6.0,1,167,1
1.0,2000.0,10.0,1,167,1
1.0,2000.0,2.0,1,167,1
1.0,1800.0,8.0,1,167,1
1.0,800.0,8.0,1,167,1
1.0,1400.0,6.0,1,167,1
1.0,1600.0,2.0,1,167,1
1.0,1400.0,10.0,0,168,0
1.0,1400.0,6.0,0,168,0
1.0,1800.0,6.0,0,168,0
1.0,1000.0,10.0,0,168,0
1.0,1400.0,2.0,0,168,0
1.0,2000.0,4.0,0,168,0
1.0,800.0,10.0,0,168,0
1.0,800.0,6.0,0,168,0
1.0,1600.0,4.0,0,168,0
1.0,1600.0,2.0,0,168,0
1.0,1200.0,12.0,0,168,0
1.0,1800.0,10.0,0,168,0
1.0,1800.0,2.0,0,168,0
0.0,800.0,12.0,0,168,0
1.0,1000.0,6.0,0,168,0
1.0,2000.0,12.0,0,168,0
1.0,800.0,4.0,0,168,0
1.0,1400.0,8.0,0,168,0
1.0,2000.0,6.0,0,168,0
1.0,1800.0,8.0,0,168,0
1.0,1800.0,12.0,0,168,0
1.0,1000.0,2.0,0,168,0
1.0,1800.0,4.0,0,168,0
1.0,1400.0,12.0,0,168,0
1.0,1000.0,8.0,0,168,0
1.0,2000.0,10.0,0,168,0
1.0,1000.0,4.0,0,168,0
1.0,1200.0,4.0,0,168,0
1.0,2000.0,2.0,0,168,0
1.0,2000.0,8.0,0,168,0
1.0,1200.0,6.0,0,168,0
1.0,1200.0,2.0,0,168,0
1.0,1000.0,12.0,0,168,0
1.0,1200.0,8.0,0,168,0
1.0,800.0,8.0,0,168,0
1.0,1600.0,10.0,0,168,0
1.0,1600.0,12.0,0,168,0
1.0,1600.0,8.0,0,168,0
1.0,800.0,2.0,0,168,0
1.0,1600.0,6.0,0,168,0
1.0,1200.0,10.0,0,168,0
1.0,1400.0,4.0,0,168,0
1.0,2000.0,4.0,1,168,0
1.0,1800.0,12.0,1,168,0
1.0,1400.0,4.0,1,168,0
1.0,1200.0,4.0,1,168,0
1.0,1800.0,10.0,1,168,0
1.0,1600.0,10.0,1,168,0
1.0,1800.0,2.0,1,168,0
1.0,1200.0,12.0,1,168,0
1.0,800.0,10.0,1,168,0
1.0,1000.0,2.0,1,168,0
1.0,1200.0,2.0,1,168,0
1.0,1000.0,8.0,1,168,0
1.0,1400.0,12.0,1,168,0
1.0,1600.0,4.0,1,168,0
1.0,800.0,6.0,1,168,0
1.0,1000.0,4.0,1,168,0
1.0,1600.0,2.0,1,168,0
1.0,1800.0,6.0,1,168,0
1.0,1600.0,6.0,1,168,0
1.0,1000.0,10.0,1,168,0
1.0,1600.0,8.0,1,168,0
1.0,1400.0,2.0,1,168,0
1.0,1600.0,12.0,1,168,0
1.0,1200.0,8.0,1,168,0
1.0,1400.0,10.0,1,168,0
1.0,2000.0,8.0,1,168,0
1.0,1400.0,6.0,1,168,0
1.0,800.0,12.0,1,168,0
1.0,1200.0,10.0,1,168,0
1.0,1200.0,6.0,1,168,0
1.0,2000.0,12.0,1,168,0
1.0,800.0,4.0,1,168,0
1.0,1000.0,6.0,1,168,0
1.0,800.0,2.0,1,168,0
1.0,1800.0,8.0,1,168,0
1.0,1000.0,12.0,1,168,0
1.0,2000.0,10.0,1,168,0
1.0,1400.0,8.0,1,168,0
1.0,2000.0,2.0,1,168,0
1.0,2000.0,6.0,1,168,0
1.0,1800.0,4.0,1,168,0
1.0,800.0,8.0,1,168,0
1.0,1000.0,12.0,1,169,1
0.0,1200.0,12.0,1,169,1
1.0,2000.0,12.0,1,169,1
1.0,1400.0,4.0,1,169,1
1.0,1200.0,10.0,1,169,1
1.0,1600.0,6.0,1,169,1
0.0,1000.0,10.0,1,169,1
1.0,800.0,12.0,1,169,1
0.0,2000.0,10.0,1,169,1
0.0,1000.0,4.0,1,169,1
0.0,800.0,8.0,1,169,1
1.0,1600.0,2.0,1,169,1
1.0,1200.0,2.0,1,169,1
0.0,1800.0,8.0,1,169,1
0.0,1000.0,8.0,1,169,1
1.0,2000.0,8.0,1,169,1
1.0,1400.0,6.0,1,169,1
0.0,800.0,6.0,1,169,1
1.0,1400.0,2.0,1,169,1
0.0,1400.0,12.0,1,169,1
1.0,1800.0,4.0,1,169,1
1.0,1200.0,8.0,1,169,1
0.0,1000.0,6.0,1,169,1
0.0,800.0,4.0,1,169,1
0.0,1800.0,2.0,1,169,1
0.0,1600.0,10.0,1,169,1
1.0,1600.0,4.0,1,169,1
1.0,800.0,2.0,1,169,1
0.0,1400.0,10.0,1,169,1
0.0,2000.0,2.0,1,169,1
0.0,2000.0,6.0,1,169,1
1.0,800.0,10.0,1,169,1
0.0,1400.0,8.0,1,169,1
1.0,1600.0,12.0,1,169,1
0.0,1800.0,12.0,1,169,1
1.0,1200.0,6.0,1,169,1
0.0,1800.0,10.0,1,169,1
0.0,1600.0,8.0,1,169,1
1.0,1200.0,4.0,1,169,1
0.0,1000.0,2.0,1,169,1
1.0,1800.0,6.0,1,169,1
1.0,2000.0,4.0,1,169,1
0.0,1400.0,6.0,0,169,1
0.0,2000.0,12.0,0,169,1
0.0,1600.0,10.0,0,169,1
1.0,1200.0,8.0,0,169,1
0.0,1400.0,10.0,0,169,1
0.0,800.0,10.0,0,169,1
1.0,800.0,2.0,0,169,1
0.0,1600.0,6.0,0,169,1
1.0,1200.0,4.0,0,169,1
0.0,1200.0,10.0,0,169,1
0.0,1800.0,4.0,0,169,1
0.0,2000.0,8.0,0,169,1
0.0,1800.0,6.0,0,169,1
0.0,2000.0,2.0,0,169,1
1.0,1000.0,2.0,0,169,1
0.0,2000.0,10.0,0,169,1
0.0,1000.0,12.0,0,169,1
0.0,1600.0,4.0,0,169,1
1.0,1800.0,2.0,0,169,1
0.0,800.0,4.0,0,169,1
0.0,1000.0,6.0,0,169,1
0.0,800.0,8.0,0,169,1
0.0,2000.0,6.0,0,169,1
0.0,1800.0,8.0,0,169,1
0.0,1200.0,12.0,0,169,1
1.0,1200.0,2.0,0,169,1
0.0,1600.0,8.0,0,169,1
0.0,1400.0,12.0,0,169,1
1.0,1600.0,2.0,0,169,1
1.0,1400.0,4.0,0,169,1
0.0,1000.0,8.0,0,169,1
0.0,2000.0,4.0,0,169,1
0.0,800.0,12.0,0,169,1
0.0,1200.0,6.0,0,169,1
0.0,1400.0,8.0,0,169,1
1.0,1400.0,2.0,0,169,1
0.0,1800.0,10.0,0,169,1
1.0,800.0,6.0,0,169,1
0.0,1000.0,10.0,0,169,1
0.0,1800.0,12.0,0,169,1
1.0,1000.0,4.0,0,169,1
0.0,1600.0,12.0,0,169,1
1.0,1000.0,10.0,0,170,0
1.0,2000.0,4.0,0,170,0
0.0,1400.0,10.0,0,170,0
1.0,1600.0,4.0,0,170,0
1.0,1800.0,4.0,0,170,0
1.0,1000.0,12.0,0,170,0
1.0,1000.0,2.0,0,170,0
0.0,2000.0,6.0,0,170,0
1.0,1200.0,12.0,0,170,0
1.0,800.0,2.0,0,170,0
1.0,1200.0,10.0,0,170,0
1.0,2000.0,10.0,0,170,0
1.0,1600.0,8.0,0,170,0
1.0,2000.0,8.0,0,170,0
1.0,1600.0,6.0,0,170,0
1.0,800.0,12.0,0,170,0
1.0,2000.0,12.0,0,170,0
1.0,1400.0,8.0,0,170,0
1.0,1400.0,12.0,0,170,0
0.0,800.0,10.0,0,170,0
0.0,1400.0,6.0,0,170,0
0.0,800.0,6.0,0,170,0
1.0,2000.0,2.0,0,170,0
1.0,1000.0,4.0,0,170,0
1.0,1800.0,6.0,0,170,0
1.0,1800.0,8.0,0,170,0
1.0,1200.0,4.0,0,170,0
1.0,1800.0,12.0,0,170,0
1.0,1800.0,2.0,0,170,0
1.0,1200.0,6.0,0,170,0
1.0,1200.0,8.0,0,170,0
1.0,1000.0,6.0,0,170,0
1.0,1600.0,12.0,0,170,0
1.0,800.0,4.0,0,170,0
1.0,1600.0,2.0,0,170,0
0.0,800.0,8.0,0,170,0
0.0,1400.0,2.0,0,170,0
0.0,1800.0,10.0,0,170,0
0.0,1000.0,8.0,0,170,0
1.0,1400.0,4.0,0,170,0
1.0,1600.0,10.0,0,170,0
1.0,1200.0,2.0,0,170,0
1.0,1400.0,12.0,1,170,0
1.0,800.0,10.0,1,170,0
1.0,1400.0,2.0,1,170,0
1.0,1400.0,10.0,1,170,0
1.0,1000.0,4.0,1,170,0
1.0,800.0,6.0,1,170,0
1.0,800.0,4.0,1,170,0
1.0,2000.0,12.0,1,170,0
1.0,1200.0,10.0,1,170,0
1.0,1200.0,12.0,1,170,0
1.0,1200.0,4.0,1,170,0
1.0,800.0,2.0,1,170,0
1.0,1600.0,8.0,1,170,0
1.0,1600.0,12.0,1,170,0
1.0,1200.0,6.0,1,170,0
1.0,1600.0,10.0,1,170,0
1.0,1800.0,10.0,1,170,0
1.0,800.0,8.0,1,170,0
1.0,2000.0,2.0,1,170,0
1.0,1200.0,8.0,1,170,0
1.0,2000.0,6.0,1,170,0
1.0,1600.0,2.0,1,170,0
1.0,1000.0,8.0,1,170,0
1.0,800.0,12.0,1,170,0
1.0,2000.0,4.0,1,170,0
1.0,1200.0,2.0,1,170,0
1.0,1400.0,4.0,1,170,0
1.0,1800.0,4.0,1,170,0
1.0,1000.0,6.0,1,170,0
1.0,2000.0,10.0,1,170,0
1.0,2000.0,8.0,1,170,0
1.0,1800.0,2.0,1,170,0
1.0,1000.0,2.0,1,170,0
1.0,1800.0,6.0,1,170,0
1.0,1000.0,12.0,1,170,0
1.0,1000.0,10.0,1,170,0
1.0,1400.0,8.0,1,170,0
1.0,1600.0,4.0,1,170,0
1.0,1800.0,12.0,1,170,0
1.0,1800.0,8.0,1,170,0
1.0,1400.0,6.0,1,170,0
1.0,1600.0,6.0,1,170,0
1.0,1800.0,2.0,0,171,1
1.0,800.0,6.0,0,171,1
0.0,1600.0,4.0,0,171,1
1.0,1400.0,10.0,0,171,1
1.0,1000.0,4.0,0,171,1
1.0,1200.0,4.0,0,171,1
1.0,2000.0,2.0,0,171,1
1.0,1000.0,6.0,0,171,1
1.0,1600.0,8.0,0,171,1
1.0,1400.0,8.0,0,171,1
1.0,2000.0,6.0,0,171,1
1.0,800.0,12.0,0,171,1
1.0,1800.0,12.0,0,171,1
1.0,1400.0,2.0,0,171,1
1.0,1200.0,6.0,0,171,1
1.0,1600.0,6.0,0,171,1
1.0,1800.0,10.0,0,171,1
1.0,1200.0,12.0,0,171,1
1.0,800.0,8.0,0,171,1
1.0,2000.0,8.0,0,171,1
1.0,1600.0,2.0,0,171,1
1.0,1600.0,10.0,0,171,1
1.0,1200.0,10.0,0,171,1
1.0,800.0,4.0,0,171,1
1.0,1200.0,2.0,0,171,1
1.0,2000.0,4.0,0,171,1
1.0,1000.0,2.0,0,171,1
1.0,1400.0,6.0,0,171,1
1.0,1200.0,8.0,0,171,1
1.0,1800.0,8.0,0,171,1
1.0,1400.0,4.0,0,171,1
1.0,2000.0,10.0,0,171,1
1.0,2000.0,12.0,0,171,1
1.0,1400.0,12.0,0,171,1
1.0,800.0,10.0,0,171,1
1.0,1000.0,8.0,0,171,1
1.0,1000.0,12.0,0,171,1
1.0,1800.0,4.0,0,171,1
1.0,1000.0,10.0,0,171,1
1.0,1600.0,12.0,0,171,1
1.0,800.0,2.0,0,171,1
1.0,1800.0,6.0,0,171,1
1.0,1200.0,2.0,1,171,1
1.0,1200.0,4.0,1,171,1
1.0,1400.0,10.0,1,171,1
1.0,1000.0,10.0,1,171,1
1.0,1400.0,12.0,1,171,1
1.0,1200.0,10.0,1,171,1
1.0,2000.0,2.0,1,171,1
1.0,800.0,8.0,1,171,1
1.0,1000.0,8.0,1,171,1
1.0,1600.0,6.0,1,171,1
1.0,800.0,4.0,1,171,1
1.0,1800.0,8.0,1,171,1
1.0,1800.0,10.0,1,171,1
1.0,1600.0,10.0,1,171,1
1.0,800.0,12.0,1,171,1
1.0,2000.0,8.0,1,171,1
1.0,2000.0,12.0,1,171,1
1.0,1800.0,2.0,1,171,1
1.0,1400.0,8.0,1,171,1
1.0,1400.0,2.0,1,171,1
1.0,1800.0,6.0,1,171,1
1.0,800.0,10.0,1,171,1
1.0,1400.0,4.0,1,171,1
1.0,800.0,2.0,1,171,1
1.0,1000.0,6.0,1,171,1
1.0,2000.0,6.0,1,171,1
1.0,1800.0,4.0,1,171,1
1.0,1600.0,4.0,1,171,1
1.0,2000.0,10.0,1,171,1
1.0,2000.0,4.0,1,171,1
1.0,1000.0,2.0,1,171,1
1.0,1200.0,6.0,1,171,1
1.0,1400.0,6.0,1,171,1
1.0,800.0,6.0,1,171,1
1.0,1600.0,2.0,1,171,1
1.0,1800.0,12.0,1,171,1
1.0,1200.0,8.0,1,171,1
1.0,1600.0,12.0,1,171,1
1.0,1200.0,12.0,1,171,1
1.0,1000.0,4.0,1,171,1
1.0,1600.0,8.0,1,171,1
1.0,1000.0,12.0,1,171,1
1.0,1600.0,6.0,1,172,0
1.0,1600.0,12.0,1,172,0
1.0,800.0,8.0,1,172,0
1.0,1000.0,12.0,1,172,0
1.0,1400.0,12.0,1,172,0
1.0,2000.0,4.0,1,172,0
1.0,1400.0,10.0,1,172,0
1.0,800.0,2.0,1,172,0
1.0,800.0,4.0,1,172,0
1.0,1400.0,4.0,1,172,0
1.0,1800.0,6.0,1,172,0
1.0,1000.0,2.0,1,172,0
1.0,800.0,6.0,1,172,0
1.0,1200.0,10.0,1,172,0
1.0,1800.0,12.0,1,172,0
1.0,1000.0,10.0,1,172,0
1.0,2000.0,6.0,1,172,0
1.0,2000.0,2.0,1,172,0
1.0,1600.0,4.0,1,172,0
1.0,1600.0,2.0,1,172,0
1.0,2000.0,8.0,1,172,0
1.0,1400.0,2.0,1,172,0
1.0,1000.0,6.0,1,172,0
1.0,1800.0,10.0,1,172,0
1.0,1800.0,4.0,1,172,0
1.0,1000.0,4.0,1,172,0
1.0,800.0,10.0,1,172,0
1.0,1400.0,6.0,1,172,0
1.0,1400.0,8.0,1,172,0
1.0,2000.0,10.0,1,172,0
1.0,1800.0,2.0,1,172,0
1.0,1600.0,8.0,1,172,0
1.0,1200.0,6.0,1,172,0
1.0,800.0,12.0,1,172,0
1.0,1800.0,8.0,1,172,0
1.0,1600.0,10.0,1,172,0
1.0,1200.0,8.0,1,172,0
1.0,2000.0,12.0,1,172,0
1.0,1200.0,2.0,1,172,0
1.0,1200.0,4.0,1,172,0
1.0,1200.0,12.0,1,172,0
1.0,1000.0,8.0,1,172,0
1.0,1800.0,6.0,0,172,0
1.0,1600.0,12.0,0,172,0
1.0,2000.0,10.0,0,172,0
1.0,2000.0,2.0,0,172,0
1.0,1600.0,8.0,0,172,0
1.0,1600.0,10.0,0,172,0
1.0,800.0,10.0,0,172,0
1.0,1800.0,4.0,0,172,0
1.0,1200.0,12.0,0,172,0
1.0,1000.0,10.0,0,172,0
1.0,1400.0,8.0,0,172,0
1.0,1200.0,4.0,0,172,0
1.0,1400.0,12.0,0,172,0
1.0,1800.0,10.0,0,172,0
1.0,1600.0,6.0,0,172,0
1.0,1000.0,6.0,0,172,0
1.0,1200.0,6.0,0,172,0
1.0,1000.0,4.0,0,172,0
1.0,800.0,2.0,0,172,0
1.0,1000.0,12.0,0,172,0
1.0,1200.0,2.0,0,172,0
1.0,1200.0,8.0,0,172,0
1.0,1400.0,10.0,0,172,0
1.0,1800.0,12.0,0,172,0
1.0,800.0,8.0,0,172,0
1.0,1000.0,2.0,0,172,0
1.0,2000.0,4.0,0,172,0
1.0,800.0,6.0,0,172,0
1.0,1800.0,2.0,0,172,0
1.0,1400.0,4.0,0,172,0
1.0,2000.0,6.0,0,172,0
1.0,1200.0,10.0,0,172,0
1.0,1400.0,2.0,0,172,0
1.0,1600.0,4.0,0,172,0
1.0,1400.0,6.0,0,172,0
1.0,2000.0,8.0,0,172,0
1.0,1600.0,2.0,0,172,0
1.0,1000.0,8.0,0,172,0
1.0,800.0,4.0,0,172,0
1.0,1800.0,8.0,0,172,0
1.0,2000.0,12.0,0,172,0
1.0,800.0,12.0,0,172,0
1.0,1400.0,6.0,1,173,1
1.0,1200.0,2.0,1,173,1
1.0,1400.0,4.0,1,173,1
1.0,800.0,6.0,1,173,1
1.0,800.0,12.0,1,173,1
1.0,1400.0,2.0,1,173,1
0.0,1600.0,8.0,1,173,1
1.0,1600.0,4.0,1,173,1
1.0,1600.0,10.0,1,173,1
1.0,800.0,8.0,1,173,1
1.0,1400.0,12.0,1,173,1
1.0,1200.0,10.0,1,173,1
1.0,1800.0,4.0,1,173,1
1.0,1800.0,2.0,1,173,1
1.0,2000.0,8.0,1,173,1
1.0,1600.0,2.0,1,173,1
1.0,1000.0,6.0,1,173,1
1.0,1600.0,6.0,1,173,1
1.0,2000.0,2.0,1,173,1
1.0,1800.0,6.0,1,173,1
1.0,1800.0,10.0,1,173,1
1.0,1800.0,8.0,1,173,1
1.0,1200.0,4.0,1,173,1
1.0,2000.0,12.0,1,173,1
1.0,2000.0,10.0,1,173,1
1.0,1200.0,8.0,1,173,1
1.0,800.0,2.0,1,173,1
1.0,1400.0,8.0,1,173,1
1.0,1000.0,8.0,1,173,1
1.0,1200.0,6.0,1,173,1
1.0,1000.0,2.0,1,173,1
0.0,1400.0,10.0,1,173,1
0.0,800.0,4.0,1,173,1
0.0,1200.0,12.0,1,173,1
0.0,2000.0,6.0,1,173,1
1.0,1000.0,12.0,1,173,1
1.0,800.0,10.0,1,173,1
1.0,1800.0,12.0,1,173,1
1.0,1600.0,12.0,1,173,1
1.0,1000.0,4.0,1,173,1
1.0,1000.0,10.0,1,173,1
1.0,2000.0,4.0,1,173,1
1.0,800.0,8.0,0,173,1
1.0,2000.0,12.0,0,173,1
1.0,1200.0,6.0,0,173,1
1.0,1800.0,10.0,0,173,1
1.0,1400.0,6.0,0,173,1
1.0,1200.0,10.0,0,173,1
1.0,800.0,10.0,0,173,1
1.0,1000.0,8.0,0,173,1
1.0,1200.0,12.0,0,173,1
1.0,1400.0,8.0,0,173,1
1.0,1800.0,4.0,0,173,1
1.0,1800.0,2.0,0,173,1
1.0,1000.0,2.0,0,173,1
1.0,800.0,6.0,0,173,1
1.0,800.0,4.0,0,173,1
1.0,1600.0,12.0,0,173,1
1.0,800.0,12.0,0,173,1
1.0,2000.0,10.0,0,173,1
1.0,1600.0,2.0,0,173,1
1.0,1400.0,12.0,0,173,1
1.0,1800.0,12.0,0,173,1
1.0,1000.0,10.0,0,173,1
1.0,2000.0,8.0,0,173,1
1.0,2000.0,2.0,0,173,1
1.0,2000.0,6.0,0,173,1
1.0,1400.0,4.0,0,173,1
1.0,1400.0,10.0,0,173,1
1.0,1200.0,8.0,0,173,1
1.0,1800.0,8.0,0,173,1
1.0,1000.0,12.0,0,173,1
1.0,800.0,2.0,0,173,1
1.0,1800.0,6.0,0,173,1
1.0,1000.0,4.0,0,173,1
1.0,1400.0,2.0,0,173,1
1.0,1000.0,6.0,0,173,1
1.0,2000.0,4.0,0,173,1
1.0,1600.0,10.0,0,173,1
1.0,1600.0,4.0,0,173,1
1.0,1200.0,4.0,0,173,1
1.0,1600.0,8.0,0,173,1
1.0,1600.0,6.0,0,173,1
1.0,1200.0,2.0,0,173,1
1.0,1200.0,2.0,1,174,0
1.0,2000.0,6.0,1,174,0
1.0,1000.0,4.0,1,174,0
1.0,1600.0,10.0,1,174,0
1.0,1400.0,4.0,1,174,0
1.0,800.0,10.0,1,174,0
1.0,1600.0,12.0,1,174,0
1.0,1200.0,12.0,1,174,0
1.0,1000.0,2.0,1,174,0
1.0,800.0,6.0,1,174,0
1.0,1000.0,12.0,1,174,0
1.0,1800.0,4.0,1,174,0
1.0,2000.0,10.0,1,174,0
1.0,1200.0,8.0,1,174,0
1.0,1200.0,10.0,1,174,0
1.0,2000.0,4.0,1,174,0
1.0,800.0,8.0,1,174,0
1.0,2000.0,8.0,1,174,0
1.0,800.0,4.0,1,174,0
1.0,1600.0,2.0,1,174,0
1.0,1600.0,8.0,1,174,0
1.0,1200.0,4.0,1,174,0
1.0,1800.0,2.0,1,174,0
1.0,1000.0,6.0,1,174,0
1.0,800.0,2.0,1,174,0
1.0,2000.0,2.0,1,174,0
1.0,1400.0,10.0,1,174,0
1.0,1800.0,8.0,1,174,0
1.0,800.0,12.0,1,174,0
1.0,1800.0,10.0,1,174,0
1.0,2000.0,12.0,1,174,0
1.0,1600.0,6.0,1,174,0
1.0,1200.0,6.0,1,174,0
1.0,1600.0,4.0,1,174,0
1.0,1400.0,12.0,1,174,0
1.0,1400.0,6.0,1,174,0
1.0,1400.0,2.0,1,174,0
1.0,1000.0,8.0,1,174,0
1.0,1000.0,10.0,1,174,0
1.0,1400.0,8.0,1,174,0
1.0,1800.0,12.0,1,174,0
1.0,1800.0,6.0,1,174,0
1.0,1600.0,2.0,0,174,0
1.0,1400.0,2.0,0,174,0
1.0,1000.0,4.0,0,174,0
1.0,1000.0,10.0,0,174,0
1.0,1400.0,8.0,0,174,0
1.0,1400.0,10.0,0,174,0
1.0,1400.0,6.0,0,174,0
1.0,1400.0,4.0,0,174,0
1.0,1200.0,2.0,0,174,0
1.0,2000.0,10.0,0,174,0
1.0,800.0,2.0,0,174,0
1.0,1400.0,12.0,0,174,0
1.0,1800.0,4.0,0,174,0
1.0,1000.0,12.0,0,174,0
1.0,2000.0,8.0,0,174,0
1.0,800.0,12.0,0,174,0
0.0,2000.0,2.0,0,174,0
1.0,1200.0,10.0,0,174,0
1.0,1200.0,12.0,0,174,0
1.0,1600.0,10.0,0,174,0
0.0,2000.0,12.0,0,174,0
0.0,2000.0,4.0,0,174,0
1.0,1000.0,6.0,0,174,0
1.0,1200.0,4.0,0,174,0
1.0,1800.0,2.0,0,174,0
1.0,1600.0,8.0,0,174,0
1.0,1200.0,8.0,0,174,0
1.0,1000.0,8.0,0,174,0
1.0,1600.0,12.0,0,174,0
0.0,2000.0,6.0,0,174,0
1.0,1200.0,6.0,0,174,0
1.0,1000.0,2.0,0,174,0
1.0,1800.0,10.0,0,174,0
1.0,1600.0,6.0,0,174,0
1.0,800.0,8.0,0,174,0
1.0,1800.0,12.0,0,174,0
1.0,800.0,6.0,0,174,0
1.0,1800.0,6.0,0,174,0
1.0,800.0,4.0,0,174,0
1.0,800.0,10.0,0,174,0
1.0,1600.0,4.0,0,174,0
1.0,1800.0,8.0,0,174,0
1.0,1800.0,6.0,0,175,1
1.0,1800.0,4.0,0,175,1
0.0,1200.0,4.0,0,175,1
1.0,2000.0,8.0,0,175,1
1.0,1400.0,2.0,0,175,1
0.0,800.0,12.0,0,175,1
0.0,1200.0,8.0,0,175,1
0.0,1000.0,10.0,0,175,1
0.0,1800.0,10.0,0,175,1
0.0,800.0,8.0,0,175,1
0.0,1000.0,4.0,0,175,1
1.0,1000.0,2.0,0,175,1
0.0,800.0,6.0,0,175,1
0.0,800.0,4.0,0,175,1
0.0,1400.0,6.0,0,175,1
1.0,2000.0,4.0,0,175,1
1.0,2000.0,10.0,0,175,1
0.0,1800.0,8.0,0,175,1
0.0,1200.0,6.0,0,175,1
1.0,1200.0,2.0,0,175,1
1.0,2000.0,12.0,0,175,1
1.0,1600.0,2.0,0,175,1
0.0,1000.0,6.0,0,175,1
1.0,1600.0,4.0,0,175,1
0.0,1600.0,8.0,0,175,1
0.0,1000.0,12.0,0,175,1
0.0,1400.0,12.0,0,175,1
0.0,1600.0,12.0,0,175,1
1.0,800.0,2.0,0,175,1
1.0,1800.0,2.0,0,175,1
0.0,1400.0,10.0,0,175,1
1.0,2000.0,2.0,0,175,1
0.0,1200.0,10.0,0,175,1
0.0,1600.0,10.0,0,175,1
0.0,1400.0,8.0,0,175,1
0.0,1600.0,6.0,0,175,1
0.0,1200.0,12.0,0,175,1
0.0,1000.0,8.0,0,175,1
1.0,2000.0,6.0,0,175,1
0.0,1800.0,12.0,0,175,1
0.0,800.0,10.0,0,175,1
0.0,1400.0,4.0,0,175,1
1.0,1600.0,2.0,1,175,1
1.0,1800.0,4.0,1,175,1
1.0,1600.0,10.0,1,175,1
0.0,800.0,12.0,1,175,1
1.0,2000.0,6.0,1,175,1
1.0,2000.0,2.0,1,175,1
1.0,2000.0,10.0,1,175,1
0.0,1400.0,12.0,1,175,1
1.0,2000.0,8.0,1,175,1
0.0,800.0,10.0,1,175,1
0.0,1400.0,6.0,1,175,1
1.0,1000.0,2.0,1,175,1
0.0,1800.0,10.0,1,175,1
1.0,1600.0,4.0,1,175,1
1.0,1800.0,2.0,1,175,1
1.0,1600.0,6.0,1,175,1
1.0,800.0,2.0,1,175,1
1.0,1400.0,4.0,1,175,1
0.0,1200.0,10.0,1,175,1
0.0,1000.0,12.0,1,175,1
1.0,1800.0,8.0,1,175,1
0.0,1200.0,6.0,1,175,1
0.0,1200.0,8.0,1,175,1
0.0,1400.0,10.0,1,175,1
1.0,1200.0,2.0,1,175,1
1.0,1200.0,4.0,1,175,1
1.0,1800.0,12.0,1,175,1
0.0,1200.0,12.0,1,175,1
0.0,800.0,6.0,1,175,1
1.0,2000.0,4.0,1,175,1
0.0,1400.0,8.0,1,175,1
0.0,1600.0,12.0,1,175,1
1.0,1600.0,8.0,1,175,1
1.0,1400.0,2.0,1,175,1
1.0,800.0,4.0,1,175,1
1.0,1000.0,6.0,1,175,1
1.0,1000.0,4.0,1,175,1
0.0,1000.0,8.0,1,175,1
0.0,1000.0,10.0,1,175,1
1.0,1800.0,6.0,1,175,1
1.0,2000.0,12.0,1,175,1
0.0,800.0,8.0,1,175,1
1.0,2000.0,4.0,1,176,1
1.0,2000.0,12.0,1,176,1
1.0,1600.0,2.0,1,176,1
0.0,1000.0,10.0,1,176,1
1.0,1800.0,6.0,1,176,1
1.0,1000.0,2.0,1,176,1
1.0,1400.0,4.0,1,176,1
1.0,1800.0,2.0,1,176,1
0.0,800.0,12.0,1,176,1
1.0,2000.0,2.0,1,176,1
1.0,2000.0,10.0,1,176,1
0.0,1400.0,8.0,1,176,1
0.0,800.0,8.0,1,176,1
0.0,800.0,6.0,1,176,1
0.0,1600.0,8.0,1,176,1
0.0,1200.0,10.0,1,176,1
1.0,1800.0,8.0,1,176,1
0.0,800.0,2.0,1,176,1
1.0,1600.0,4.0,1,176,1
0.0,1200.0,8.0,1,176,1
1.0,2000.0,8.0,1,176,1
0.0,1800.0,12.0,1,176,1
0.0,1600.0,12.0,1,176,1
0.0,1200.0,12.0,1,176,1
1.0,1800.0,4.0,1,176,1
0.0,1200.0,2.0,1,176,1
0.0,1400.0,12.0,1,176,1
1.0,2000.0,6.0,1,176,1
0.0,1000.0,4.0,1,176,1
1.0,1400.0,6.0,1,176,1
0.0,1400.0,10.0,1,176,1
0.0,1000.0,12.0,1,176,1
0.0,1000.0,6.0,1,176,1
0.0,800.0,4.0,1,176,1
0.0,1400.0,2.0,1,176,1
0.0,1000.0,8.0,1,176,1
0.0,1200.0,6.0,1,176,1
1.0,1600.0,6.0,1,176,1
0.0,1600.0,10.0,1,176,1
0.0,800.0,10.0,1,176,1
0.0,1200.0,4.0,1,176,1
1.0,1800.0,10.0,1,176,1
0.0,1200.0,10.0,0,176,1
0.0,800.0,8.0,0,176,1
1.0,1800.0,2.0,0,176,1
0.0,1200.0,4.0,0,176,1
0.0,1400.0,4.0,0,176,1
0.0,1200.0,8.0,0,176,1
0.0,800.0,4.0,0,176,1
1.0,1600.0,6.0,0,176,1
1.0,2000.0,2.0,0,176,1
0.0,800.0,2.0,0,176,1
0.0,1400.0,2.0,0,176,1
0.0,1000.0,8.0,0,176,1
1.0,1800.0,8.0,0,176,1
1.0,1600.0,10.0,0,176,1
1.0,2000.0,6.0,0,176,1
1.0,1600.0,2.0,0,176,1
1.0,2000.0,4.0,0,176,1
0.0,1400.0,12.0,0,176,1
0.0,1000.0,4.0,0,176,1
0.0,800.0,12.0,0,176,1
0.0,1000.0,12.0,0,176,1
0.0,800.0,10.0,0,176,1
1.0,2000.0,8.0,0,176,1
1.0,2000.0,10.0,0,176,1
0.0,1000.0,6.0,0,176,1
1.0,1400.0,6.0,0,176,1
0.0,1200.0,12.0,0,176,1
1.0,1800.0,6.0,0,176,1
0.0,1000.0,10.0,0,176,1
1.0,1800.0,10.0,0,176,1
0.0,1200.0,6.0,0,176,1
0.0,1400.0,8.0,0,176,1
1.0,2000.0,12.0,0,176,1
0.0,800.0,6.0,0,176,1
0.0,1000.0,2.0,0,176,1
0.0,1200.0,2.0,0,176,1
1.0,1600.0,4.0,0,176,1
1.0,1800.0,12.0,0,176,1
1.0,1800.0,4.0,0,176,1
1.0,1600.0,8.0,0,176,1
1.0,1600.0,12.0,0,176,1
0.0,1400.0,10.0,0,176,1
1.0,1600.0,2.0,1,177,1
1.0,1600.0,6.0,1,177,1
0.0,800.0,8.0,1,177,1
1.0,1800.0,6.0,1,177,1
1.0,2000.0,8.0,1,177,1
0.0,1600.0,8.0,1,177,1
0.0,800.0,10.0,1,177,1
1.0,1800.0,2.0,1,177,1
0.0,1800.0,10.0,1,177,1
0.0,1000.0,12.0,1,177,1
0.0,1600.0,10.0,1,177,1
0.0,1000.0,8.0,1,177,1
1.0,2000.0,2.0,1,177,1
0.0,2000.0,10.0,1,177,1
1.0,1400.0,2.0,1,177,1
1.0,1200.0,4.0,1,177,1
0.0,800.0,6.0,1,177,1
0.0,1800.0,12.0,1,177,1
0.0,1200.0,12.0,1,177,1
0.0,1200.0,10.0,1,177,1
1.0,1400.0,8.0,1,177,1
1.0,800.0,2.0,1,177,1
0.0,1000.0,4.0,1,177,1
1.0,1800.0,4.0,1,177,1
0.0,1000.0,6.0,1,177,1
1.0,1800.0,8.0,1,177,1
1.0,1400.0,4.0,1,177,1
0.0,1400.0,12.0,1,177,1
1.0,1200.0,6.0,1,177,1
1.0,1200.0,2.0,1,177,1
1.0,2000.0,4.0,1,177,1
1.0,2000.0,6.0,1,177,1
0.0,1600.0,12.0,1,177,1
0.0,800.0,12.0,1,177,1
0.0,1200.0,8.0,1,177,1
0.0,1400.0,10.0,1,177,1
1.0,1000.0,2.0,1,177,1
0.0,1000.0,10.0,1,177,1
0.0,2000.0,12.0,1,177,1
1.0,1600.0,4.0,1,177,1
1.0,1400.0,6.0,1,177,1
0.0,800.0,4.0,1,177,1
1.0,1000.0,4.0,0,177,1
0.0,2000.0,8.0,0,177,1
0.0,1600.0,12.0,0,177,1
1.0,1800.0,2.0,0,177,1
1.0,2000.0,2.0,0,177,1
0.0,2000.0,12.0,0,177,1
1.0,1000.0,2.0,0,177,1
1.0,1600.0,4.0,0,177,1
1.0,1800.0,4.0,0,177,1
0.0,1400.0,10.0,0,177,1
0.0,800.0,8.0,0,177,1
0.0,1000.0,12.0,0,177,1
0.0,1800.0,8.0,0,177,1
0.0,1000.0,10.0,0,177,1
0.0,1200.0,6.0,0,177,1
0.0,1200.0,8.0,0,177,1
0.0,1400.0,6.0,0,177,1
0.0,1800.0,6.0,0,177,1
0.0,1600.0,8.0,0,177,1
0.0,2000.0,10.0,0,177,1
1.0,1400.0,2.0,0,177,1
0.0,1200.0,12.0,0,177,1
0.0,1600.0,10.0,0,177,1
0.0,1400.0,12.0,0,177,1
0.0,800.0,4.0,0,177,1
0.0,800.0,10.0,0,177,1
0.0,1000.0,6.0,0,177,1
0.0,1000.0,8.0,0,177,1
0.0,800.0,12.0,0,177,1
1.0,800.0,2.0,0,177,1
1.0,1400.0,4.0,0,177,1
1.0,2000.0,6.0,0,177,1
1.0,1200.0,2.0,0,177,1
0.0,1800.0,12.0,0,177,1
0.0,800.0,6.0,0,177,1
0.0,1600.0,6.0,0,177,1
1.0,1600.0,2.0,0,177,1
1.0,2000.0,4.0,0,177,1
0.0,1800.0,10.0,0,177,1
1.0,1200.0,4.0,0,177,1
0.0,1200.0,10.0,0,177,1
0.0,1400.0,8.0,0,177,1
1.0,1800.0,12.0,1,178,0
1.0,1800.0,2.0,1,178,0
0.0,1000.0,10.0,1,178,0
1.0,1600.0,10.0,1,178,0
1.0,1400.0,2.0,1,178,0
0.0,800.0,10.0,1,178,0
1.0,1800.0,10.0,1,178,0
1.0,1600.0,8.0,1,178,0
1.0,1200.0,2.0,1,178,0
1.0,1400.0,8.0,1,178,0
0.0,800.0,12.0,1,178,0
1.0,2000.0,12.0,1,178,0
1.0,800.0,2.0,1,178,0
1.0,2000.0,8.0,1,178,0
1.0,1600.0,12.0,1,178,0
1.0,1000.0,8.0,1,178,0
1.0,1800.0,4.0,1,178,0
1.0,1400.0,10.0,1,178,0
1.0,1400.0,6.0,1,178,0
1.0,1600.0,2.0,1,178,0
1.0,1200.0,8.0,1,178,0
1.0,800.0,8.0,1,178,0
1.0,1000.0,2.0,1,178,0
1.0,1200.0,4.0,1,178,0
1.0,2000.0,10.0,1,178,0
1.0,1000.0,12.0,1,178,0
1.0,1200.0,10.0,1,178,0
1.0,1400.0,12.0,1,178,0
1.0,1200.0,6.0,1,178,0
1.0,1800.0,8.0,1,178,0
1.0,1000.0,4.0,1,178,0
1.0,800.0,4.0,1,178,0
1.0,800.0,6.0,1,178,0
1.0,1000.0,6.0,1,178,0
1.0,1200.0,12.0,1,178,0
1.0,1600.0,6.0,1,178,0
1.0,2000.0,2.0,1,178,0
1.0,1800.0,6.0,1,178,0
1.0,1600.0,4.0,1,178,0
1.0,1400.0,4.0,1,178,0
1.0,2000.0,6.0,1,178,0
1.0,2000.0,4.0,1,178,0
1.0,1000.0,4.0,0,178,0
1.0,1200.0,6.0,0,178,0
1.0,1800.0,2.0,0,178,0
0.0,1200.0,12.0,0,178,0
1.0,1800.0,4.0,0,178,0
1.0,1800.0,6.0,0,178,0
0.0,1000.0,8.0,0,178,0
1.0,800.0,2.0,0,178,0
1.0,800.0,4.0,0,178,0
1.0,1600.0,8.0,0,178,0
1.0,1400.0,8.0,0,178,0
0.0,1600.0,12.0,0,178,0
1.0,2000.0,4.0,0,178,0
1.0,1400.0,2.0,0,178,0
0.0,1000.0,10.0,0,178,0
1.0,1200.0,2.0,0,178,0
1.0,1800.0,8.0,0,178,0
1.0,2000.0,6.0,0,178,0
0.0,800.0,8.0,0,178,0
1.0,1200.0,8.0,0,178,0
1.0,1000.0,2.0,0,178,0
0.0,1200.0,10.0,0,178,0
0.0,1800.0,10.0,0,178,0
1.0,2000.0,2.0,0,178,0
0.0,800.0,12.0,0,178,0
1.0,1600.0,10.0,0,178,0
1.0,2000.0,10.0,0,178,0
1.0,1000.0,6.0,0,178,0
1.0,1600.0,6.0,0,178,0
1.0,1600.0,4.0,0,178,0
0.0,1800.0,12.0,0,178,0
1.0,1400.0,6.0,0,178,0
1.0,1400.0,4.0,0,178,0
1.0,1600.0,2.0,0,178,0
0.0,1400.0,10.0,0,178,0
1.0,1200.0,4.0,0,178,0
0.0,1000.0,12.0,0,178,0
1.0,2000.0,8.0,0,178,0
0.0,2000.0,12.0,0,178,0
0.0,800.0,10.0,0,178,0
0.0,1400.0,12.0,0,178,0
1.0,800.0,6.0,0,178,0
1.0,1400.0,6.0,1,179,0
1.0,2000.0,4.0,1,179,0
1.0,1800.0,10.0,1,179,0
1.0,1200.0,10.0,1,179,0
0.0,1000.0,12.0,1,179,0
1.0,1200.0,8.0,1,179,0
1.0,1000.0,6.0,1,179,0
1.0,1400.0,2.0,1,179,0
1.0,1400.0,12.0,1,179,0
1.0,1600.0,10.0,1,179,0
0.0,1200.0,12.0,1,179,0
1.0,800.0,2.0,1,179,0
1.0,800.0,4.0,1,179,0
1.0,2000.0,2.0,1,179,0
1.0,1000.0,4.0,1,179,0
1.0,2000.0,8.0,1,179,0
1.0,2000.0,10.0,1,179,0
1.0,1400.0,10.0,1,179,0
0.0,1000.0,10.0,1,179,0
0.0,800.0,12.0,1,179,0
0.0,800.0,10.0,1,179,0
1.0,1200.0,4.0,1,179,0
1.0,1200.0,6.0,1,179,0
1.0,1400.0,8.0,1,179,0
1.0,1800.0,2.0,1,179,0
1.0,1600.0,12.0,1,179,0
1.0,1000.0,2.0,1,179,0
1.0,1600.0,4.0,1,179,0
1.0,2000.0,12.0,1,179,0
1.0,1000.0,8.0,1,179,0
1.0,2000.0,6.0,1,179,0
1.0,1800.0,6.0,1,179,0
1.0,1800.0,4.0,1,179,0
1.0,1600.0,8.0,1,179,0
1.0,1600.0,6.0,1,179,0
1.0,1400.0,4.0,1,179,0
1.0,1800.0,12.0,1,179,0
1.0,1200.0,2.0,1,179,0
1.0,1600.0,2.0,1,179,0
1.0,800.0,6.0,1,179,0
1.0,800.0,8.0,1,179,0
1.0,1800.0,8.0,1,179,0
0.0,800.0,12.0,0,179,0
1.0,1200.0,2.0,0,179,0
1.0,1800.0,2.0,0,179,0
0.0,1800.0,12.0,0,179,0
1.0,1400.0,8.0,0,179,0
1.0,1000.0,6.0,0,179,0
1.0,1800.0,4.0,0,179,0
1.0,2000.0,6.0,0,179,0
1.0,2000.0,4.0,0,179,0
1.0,1400.0,10.0,0,179,0
1.0,1400.0,2.0,0,179,0
1.0,1800.0,6.0,0,179,0
1.0,800.0,8.0,0,179,0
1.0,2000.0,12.0,0,179,0
1.0,1600.0,2.0,0,179,0
1.0,1200.0,8.0,0,179,0
1.0,1000.0,10.0,0,179,0
0.0,1000.0,12.0,0,179,0
1.0,2000.0,10.0,0,179,0
1.0,1800.0,10.0,0,179,0
1.0,1000.0,4.0,0,179,0
1.0,1600.0,8.0,0,179,0
1.0,800.0,10.0,0,179,0
1.0,1800.0,8.0,0,179,0
1.0,800.0,2.0,0,179,0
1.0,1000.0,8.0,0,179,0
1.0,1200.0,4.0,0,179,0
1.0,1400.0,4.0,0,179,0
0.0,1400.0,12.0,0,179,0
1.0,2000.0,8.0,0,179,0
1.0,1200.0,6.0,0,179,0
1.0,1600.0,10.0,0,179,0
0.0,1200.0,12.0,0,179,0
1.0,1200.0,10.0,0,179,0
0.0,1600.0,12.0,0,179,0
1.0,1400.0,6.0,0,179,0
1.0,2000.0,2.0,0,179,0
1.0,1600.0,6.0,0,179,0
1.0,1600.0,4.0,0,179,0
1.0,800.0,6.0,0,179,0
1.0,800.0,4.0,0,179,0
1.0,1000.0,2.0,0,179,0
1.0,1600.0,4.0,1,180,1
1.0,800.0,2.0,1,180,1
0.0,800.0,8.0,1,180,1
1.0,1600.0,2.0,1,180,1
1.0,1200.0,4.0,1,180,1
1.0,2000.0,2.0,1,180,1
1.0,2000.0,8.0,1,180,1
1.0,1200.0,8.0,1,180,1
1.0,1400.0,12.0,1,180,1
1.0,800.0,4.0,1,180,1
1.0,800.0,6.0,1,180,1
1.0,1000.0,10.0,1,180,1
0.0,1200.0,2.0,1,180,1
1.0,1800.0,2.0,1,180,1
1.0,1400.0,8.0,1,180,1
1.0,1000.0,4.0,1,180,1
1.0,1200.0,6.0,1,180,1
1.0,1800.0,12.0,1,180,1
1.0,2000.0,10.0,1,180,1
1.0,1000.0,2.0,1,180,1
1.0,1400.0,10.0,1,180,1
1.0,1800.0,8.0,1,180,1
1.0,1000.0,6.0,1,180,1
1.0,2000.0,4.0,1,180,1
0.0,800.0,10.0,1,180,1
1.0,1000.0,8.0,1,180,1
1.0,1600.0,12.0,1,180,1
1.0,1800.0,6.0,1,180,1
1.0,1800.0,10.0,1,180,1
1.0,1800.0,4.0,1,180,1
1.0,1600.0,8.0,1,180,1
1.0,800.0,12.0,1,180,1
1.0,2000.0,12.0,1,180,1
1.0,1400.0,6.0,1,180,1
1.0,1600.0,6.0,1,180,1
0.0,2000.0,6.0,1,180,1
1.0,1200.0,10.0,1,180,1
1.0,1000.0,12.0,1,180,1
1.0,1600.0,10.0,1,180,1
1.0,1400.0,4.0,1,180,1
1.0,1400.0,2.0,1,180,1
0.0,1200.0,12.0,1,180,1
1.0,1800.0,4.0,0,180,1
1.0,800.0,4.0,0,180,1
1.0,800.0,2.0,0,180,1
1.0,1000.0,10.0,0,180,1
1.0,2000.0,4.0,0,180,1
1.0,1000.0,8.0,0,180,1
1.0,800.0,6.0,0,180,1
1.0,1800.0,12.0,0,180,1
1.0,1800.0,2.0,0,180,1
1.0,1000.0,4.0,0,180,1
1.0,1200.0,10.0,0,180,1
1.0,2000.0,2.0,0,180,1
0.0,1800.0,6.0,0,180,1
1.0,1600.0,2.0,0,180,1
1.0,1000.0,6.0,0,180,1
0.0,1800.0,10.0,0,180,1
1.0,800.0,8.0,0,180,1
1.0,2000.0,6.0,0,180,1
0.0,1000.0,12.0,0,180,1
1.0,1400.0,6.0,0,180,1
1.0,1200.0,8.0,0,180,1
1.0,800.0,10.0,0,180,1
1.0,1600.0,6.0,0,180,1
0.0,1400.0,2.0,0,180,1
1.0,1200.0,4.0,0,180,1
1.0,2000.0,10.0,0,180,1
0.0,1200.0,6.0,0,180,1
1.0,2000.0,12.0,0,180,1
1.0,1400.0,12.0,0,180,1
1.0,2000.0,8.0,0,180,1
0.0,800.0,12.0,0,180,1
1.0,1600.0,4.0,0,180,1
1.0,1000.0,2.0,0,180,1
1.0,1600.0,12.0,0,180,1
1.0,1400.0,10.0,0,180,1
1.0,1200.0,12.0,0,180,1
0.0,1400.0,4.0,0,180,1
1.0,1600.0,10.0,0,180,1
1.0,1600.0,8.0,0,180,1
1.0,1800.0,8.0,0,180,1
1.0,1200.0,2.0,0,180,1
1.0,1400.0,8.0,0,180,1
1.0,1200.0,4.0,0,181,1
0.0,2000.0,4.0,0,181,1
0.0,2000.0,12.0,0,181,1
0.0,1600.0,8.0,0,181,1
1.0,800.0,4.0,0,181,1
1.0,800.0,8.0,0,181,1
1.0,800.0,12.0,0,181,1
1.0,1800.0,2.0,0,181,1
1.0,1800.0,4.0,0,181,1
1.0,1200.0,10.0,0,181,1
1.0,2000.0,6.0,0,181,1
1.0,1600.0,4.0,0,181,1
1.0,800.0,2.0,0,181,1
1.0,1200.0,8.0,0,181,1
1.0,1600.0,12.0,0,181,1
1.0,1600.0,6.0,0,181,1
1.0,1000.0,4.0,0,181,1
1.0,2000.0,8.0,0,181,1
1.0,800.0,10.0,0,181,1
1.0,1800.0,12.0,0,181,1
1.0,1400.0,6.0,0,181,1
1.0,1000.0,2.0,0,181,1
1.0,1400.0,12.0,0,181,1
1.0,1200.0,2.0,0,181,1
1.0,1000.0,6.0,0,181,1
1.0,1800.0,8.0,0,181,1
1.0,1000.0,8.0,0,181,1
1.0,1400.0,4.0,0,181,1
1.0,1600.0,2.0,0,181,1
1.0,1000.0,10.0,0,181,1
1.0,1200.0,12.0,0,181,1
1.0,2000.0,10.0,0,181,1
1.0,1600.0,10.0,0,181,1
1.0,2000.0,2.0,0,181,1
1.0,1400.0,10.0,0,181,1
1.0,1000.0,12.0,0,181,1
1.0,1200.0,6.0,0,181,1
1.0,1800.0,6.0,0,181,1
1.0,800.0,6.0,0,181,1
1.0,1400.0,8.0,0,181,1
1.0,1800.0,10.0,0,181,1
1.0,1400.0,2.0,0,181,1
1.0,1000.0,8.0,1,181,1
1.0,1200.0,2.0,1,181,1
1.0,1600.0,2.0,1,181,1
1.0,2000.0,12.0,1,181,1
1.0,1800.0,4.0,1,181,1
1.0,1600.0,4.0,1,181,1
1.0,2000.0,8.0,1,181,1
1.0,800.0,8.0,1,181,1
1.0,2000.0,2.0,1,181,1
1.0,800.0,6.0,1,181,1
1.0,1400.0,10.0,1,181,1
1.0,1000.0,2.0,1,181,1
1.0,1200.0,4.0,1,181,1
1.0,2000.0,6.0,1,181,1
1.0,1000.0,10.0,1,181,1
1.0,1000.0,4.0,1,181,1
1.0,1400.0,6.0,1,181,1
1.0,1600.0,8.0,1,181,1
1.0,1200.0,10.0,1,181,1
1.0,2000.0,10.0,1,181,1
1.0,1400.0,4.0,1,181,1
1.0,1400.0,2.0,1,181,1
1.0,1400.0,8.0,1,181,1
1.0,800.0,10.0,1,181,1
1.0,800.0,12.0,1,181,1
1.0,1600.0,10.0,1,181,1
1.0,1800.0,8.0,1,181,1
1.0,1400.0,12.0,1,181,1
1.0,1200.0,8.0,1,181,1
1.0,800.0,2.0,1,181,1
1.0,1000.0,12.0,1,181,1
1.0,1200.0,12.0,1,181,1
1.0,1600.0,6.0,1,181,1
1.0,800.0,4.0,1,181,1
1.0,1600.0,12.0,1,181,1
1.0,1800.0,12.0,1,181,1
1.0,1200.0,6.0,1,181,1
1.0,2000.0,4.0,1,181,1
1.0,1800.0,6.0,1,181,1
1.0,1000.0,6.0,1,181,1
1.0,1800.0,10.0,1,181,1
1.0,1800.0,2.0,1,181,1
1.0,1600.0,6.0,0,182,0
0.0,800.0,6.0,0,182,0
1.0,1800.0,2.0,0,182,0
1.0,1200.0,2.0,0,182,0
1.0,1800.0,6.0,0,182,0
0.0,2000.0,8.0,0,182,0
0.0,1800.0,8.0,0,182,0
0.0,1200.0,6.0,0,182,0
0.0,1600.0,12.0,0,182,0
0.0,1200.0,12.0,0,182,0
0.0,2000.0,12.0,0,182,0
0.0,1400.0,8.0,0,182,0
1.0,1000.0,10.0,0,182,0
1.0,800.0,4.0,0,182,0
1.0,1800.0,10.0,0,182,0
1.0,1200.0,8.0,0,182,0
1.0,1600.0,10.0,0,182,0
1.0,1000.0,2.0,0,182,0
1.0,1600.0,4.0,0,182,0
0.0,800.0,10.0,0,182,0
1.0,1600.0,8.0,0,182,0
1.0,1000.0,12.0,0,182,0
1.0,1400.0,6.0,0,182,0
1.0,2000.0,2.0,0,182,0
0.0,1400.0,12.0,0,182,0
1.0,1200.0,10.0,0,182,0
1.0,2000.0,10.0,0,182,0
1.0,2000.0,6.0,0,182,0
1.0,1000.0,8.0,0,182,0
1.0,1400.0,4.0,0,182,0
1.0,800.0,2.0,0,182,0
1.0,2000.0,4.0,0,182,0
0.0,800.0,12.0,0,182,0
1.0,1000.0,4.0,0,182,0
1.0,1800.0,12.0,0,182,0
1.0,1400.0,2.0,0,182,0
1.0,1400.0,10.0,0,182,0
1.0,1600.0,2.0,0,182,0
1.0,1800.0,4.0,0,182,0
1.0,800.0,8.0,0,182,0
1.0,1000.0,6.0,0,182,0
1.0,1200.0,4.0,0,182,0
0.0,1600.0,12.0,1,182,0
1.0,1200.0,10.0,1,182,0
1.0,1800.0,6.0,1,182,0
1.0,1400.0,4.0,1,182,0
1.0,1200.0,6.0,1,182,0
1.0,1400.0,10.0,1,182,0
1.0,800.0,4.0,1,182,0
1.0,1800.0,8.0,1,182,0
1.0,1800.0,2.0,1,182,0
1.0,1000.0,2.0,1,182,0
1.0,1400.0,6.0,1,182,0
1.0,2000.0,8.0,1,182,0
0.0,1200.0,12.0,1,182,0
1.0,1600.0,8.0,1,182,0
1.0,1000.0,10.0,1,182,0
1.0,2000.0,2.0,1,182,0
1.0,800.0,2.0,1,182,0
0.0,800.0,10.0,1,182,0
1.0,1000.0,6.0,1,182,0
1.0,1600.0,6.0,1,182,0
1.0,1000.0,4.0,1,182,0
1.0,1600.0,10.0,1,182,0
1.0,1400.0,8.0,1,182,0
1.0,2000.0,4.0,1,182,0
1.0,1200.0,8.0,1,182,0
1.0,1400.0,2.0,1,182,0
1.0,1000.0,12.0,1,182,0
1.0,2000.0,12.0,1,182,0
1.0,1800.0,12.0,1,182,0
1.0,1000.0,8.0,1,182,0
1.0,1200.0,2.0,1,182,0
1.0,2000.0,10.0,1,182,0
0.0,800.0,12.0,1,182,0
1.0,1400.0,12.0,1,182,0
1.0,1200.0,4.0,1,182,0
1.0,800.0,8.0,1,182,0
1.0,1800.0,10.0,1,182,0
1.0,1600.0,4.0,1,182,0
1.0,2000.0,6.0,1,182,0
1.0,1600.0,2.0,1,182,0
1.0,800.0,6.0,1,182,0
1.0,1800.0,4.0,1,182,0
1.0,1000.0,8.0,0,183,1
0.0,1000.0,2.0,0,183,1
1.0,800.0,2.0,0,183,1
0.0,1000.0,6.0,0,183,1
0.0,1600.0,8.0,0,183,1
1.0,2000.0,2.0,0,183,1
0.0,2000.0,6.0,0,183,1
0.0,1600.0,6.0,0,183,1
1.0,800.0,4.0,0,183,1
1.0,1600.0,4.0,0,183,1
0.0,800.0,10.0,0,183,1
1.0,1000.0,4.0,0,183,1
0.0,1400.0,12.0,0,183,1
1.0,800.0,6.0,0,183,1
1.0,1600.0,2.0,0,183,1
0.0,800.0,12.0,0,183,1
1.0,1600.0,10.0,0,183,1
1.0,2000.0,8.0,0,183,1
0.0,1800.0,10.0,0,183,1
1.0,1200.0,4.0,0,183,1
0.0,1200.0,12.0,0,183,1
0.0,1000.0,10.0,0,183,1
1.0,1000.0,12.0,0,183,1
1.0,1600.0,12.0,0,183,1
0.0,800.0,8.0,0,183,1
1.0,1400.0,10.0,0,183,1
1.0,1800.0,8.0,0,183,1
0.0,1800.0,12.0,0,183,1
1.0,1400.0,6.0,0,183,1
1.0,2000.0,12.0,0,183,1
1.0,1200.0,10.0,0,183,1
1.0,1200.0,2.0,0,183,1
1.0,1200.0,8.0,0,183,1
0.0,2000.0,4.0,0,183,1
0.0,1400.0,2.0,0,183,1
1.0,1400.0,8.0,0,183,1
1.0,2000.0,10.0,0,183,1
1.0,1800.0,2.0,0,183,1
1.0,1200.0,6.0,0,183,1
1.0,1800.0,6.0,0,183,1
1.0,1400.0,4.0,0,183,1
1.0,1800.0,4.0,0,183,1
1.0,1600.0,4.0,1,183,1
0.0,1000.0,12.0,1,183,1
1.0,1200.0,10.0,1,183,1
1.0,1600.0,2.0,1,183,1
0.0,1200.0,6.0,1,183,1
1.0,800.0,12.0,1,183,1
0.0,1000.0,6.0,1,183,1
1.0,2000.0,8.0,1,183,1
1.0,1600.0,10.0,1,183,1
0.0,1400.0,6.0,1,183,1
1.0,1000.0,10.0,1,183,1
0.0,1400.0,4.0,1,183,1
1.0,1600.0,6.0,1,183,1
1.0,1200.0,4.0,1,183,1
0.0,1800.0,4.0,1,183,1
1.0,2000.0,4.0,1,183,1
0.0,1800.0,12.0,1,183,1
1.0,1600.0,8.0,1,183,1
0.0,1000.0,2.0,1,183,1
1.0,800.0,10.0,1,183,1
1.0,1200.0,2.0,1,183,1
1.0,1600.0,12.0,1,183,1
0.0,1400.0,2.0,1,183,1
1.0,2000.0,10.0,1,183,1
1.0,1800.0,8.0,1,183,1
1.0,1400.0,12.0,1,183,1
1.0,1000.0,4.0,1,183,1
0.0,800.0,4.0,1,183,1
1.0,800.0,6.0,1,183,1
1.0,800.0,8.0,1,183,1
0.0,2000.0,12.0,1,183,1
1.0,1000.0,8.0,1,183,1
1.0,1800.0,2.0,1,183,1
1.0,1800.0,10.0,1,183,1
1.0,1200.0,8.0,1,183,1
1.0,2000.0,2.0,1,183,1
1.0,1400.0,8.0,1,183,1
0.0,1400.0,10.0,1,183,1
1.0,2000.0,6.0,1,183,1
0.0,800.0,2.0,1,183,1
1.0,1200.0,12.0,1,183,1
1.0,1800.0,6.0,1,183,1
0.0,1600.0,2.0,0,184,0
0.0,1400.0,8.0,0,184,0
0.0,1000.0,4.0,0,184,0
0.0,1600.0,6.0,0,184,0
0.0,1800.0,8.0,0,184,0
0.0,1000.0,2.0,0,184,0
0.0,800.0,6.0,0,184,0
0.0,1000.0,12.0,0,184,0
0.0,1800.0,4.0,0,184,0
0.0,1200.0,2.0,0,184,0
0.0,1600.0,4.0,0,184,0
0.0,1800.0,2.0,0,184,0
0.0,800.0,4.0,0,184,0
0.0,2000.0,2.0,0,184,0
0.0,1400.0,2.0,0,184,0
0.0,2000.0,8.0,0,184,0
0.0,800.0,12.0,0,184,0
0.0,2000.0,12.0,0,184,0
0.0,1000.0,10.0,0,184,0
0.0,1600.0,12.0,0,184,0
0.0,800.0,8.0,0,184,0
0.0,1800.0,12.0,0,184,0
0.0,1200.0,4.0,0,184,0
0.0,800.0,2.0,0,184,0
0.0,2000.0,6.0,0,184,0
0.0,1400.0,6.0,0,184,0
0.0,1400.0,10.0,0,184,0
0.0,1600.0,8.0,0,184,0
0.0,800.0,10.0,0,184,0
0.0,2000.0,4.0,0,184,0
0.0,1200.0,10.0,0,184,0
0.0,1400.0,4.0,0,184,0
0.0,1200.0,6.0,0,184,0
0.0,1000.0,6.0,0,184,0
0.0,1800.0,6.0,0,184,0
0.0,1200.0,8.0,0,184,0
0.0,1000.0,8.0,0,184,0
0.0,1200.0,12.0,0,184,0
0.0,1800.0,10.0,0,184,0
0.0,1600.0,10.0,0,184,0
0.0,2000.0,10.0,0,184,0
0.0,1400.0,12.0,0,184,0
0.0,800.0,6.0,1,184,0
0.0,2000.0,2.0,1,184,0
0.0,2000.0,6.0,1,184,0
0.0,1200.0,6.0,1,184,0
0.0,1000.0,6.0,1,184,0
0.0,1600.0,2.0,1,184,0
0.0,1600.0,10.0,1,184,0
0.0,1800.0,2.0,1,184,0
0.0,1000.0,12.0,1,184,0
0.0,1800.0,8.0,1,184,0
0.0,1200.0,2.0,1,184,0
0.0,1800.0,4.0,1,184,0
0.0,800.0,12.0,1,184,0
0.0,800.0,2.0,1,184,0
0.0,1600.0,6.0,1,184,0
0.0,2000.0,8.0,1,184,0
0.0,1400.0,10.0,1,184,0
0.0,1200.0,4.0,1,184,0
0.0,1000.0,8.0,1,184,0
0.0,1200.0,10.0,1,184,0
0.0,1200.0,12.0,1,184,0
0.0,2000.0,10.0,1,184,0
0.0,1800.0,6.0,1,184,0
0.0,1600.0,4.0,1,184,0
0.0,800.0,8.0,1,184,0
0.0,1200.0,8.0,1,184,0
0.0,1400.0,12.0,1,184,0
0.0,1000.0,4.0,1,184,0
0.0,2000.0,4.0,1,184,0
0.0,1600.0,12.0,1,184,0
0.0,1400.0,4.0,1,184,0
0.0,1400.0,6.0,1,184,0
0.0,1000.0,2.0,1,184,0
0.0,800.0,10.0,1,184,0
0.0,1600.0,8.0,1,184,0
0.0,1800.0,10.0,1,184,0
0.0,2000.0,12.0,1,184,0
0.0,1000.0,10.0,1,184,0
0.0,1800.0,12.0,1,184,0
0.0,1400.0,2.0,1,184,0
0.0,800.0,4.0,1,184,0
0.0,1400.0,8.0,1,184,0
1.0,1600.0,2.0,1,185,0
1.0,1400.0,8.0,1,185,0
1.0,1600.0,10.0,1,185,0
1.0,1000.0,12.0,1,185,0
1.0,1400.0,2.0,1,185,0
1.0,800.0,6.0,1,185,0
1.0,2000.0,10.0,1,185,0
1.0,800.0,4.0,1,185,0
1.0,2000.0,6.0,1,185,0
0.0,1000.0,2.0,1,185,0
1.0,2000.0,4.0,1,185,0
1.0,2000.0,12.0,1,185,0
1.0,1000.0,10.0,1,185,0
1.0,1800.0,6.0,1,185,0
0.0,1000.0,6.0,1,185,0
1.0,1200.0,10.0,1,185,0
1.0,1200.0,12.0,1,185,0
1.0,2000.0,8.0,1,185,0
1.0,1400.0,6.0,1,185,0
1.0,800.0,12.0,1,185,0
1.0,800.0,2.0,1,185,0
0.0,800.0,8.0,1,185,0
1.0,1000.0,4.0,1,185,0
1.0,1800.0,10.0,1,185,0
1.0,800.0,10.0,1,185,0
1.0,1600.0,8.0,1,185,0
1.0,1800.0,2.0,1,185,0
1.0,1200.0,6.0,1,185,0
1.0,1400.0,12.0,1,185,0
1.0,1800.0,4.0,1,185,0
1.0,2000.0,2.0,1,185,0
1.0,1000.0,8.0,1,185,0
1.0,1600.0,4.0,1,185,0
1.0,1600.0,12.0,1,185,0
1.0,1200.0,2.0,1,185,0
1.0,1400.0,4.0,1,185,0
0.0,1200.0,8.0,1,185,0
1.0,1200.0,4.0,1,185,0
1.0,1800.0,12.0,1,185,0
1.0,1600.0,6.0,1,185,0
1.0,1800.0,8.0,1,185,0
1.0,1400.0,10.0,1,185,0
1.0,800.0,12.0,0,185,0
1.0,1400.0,2.0,0,185,0
1.0,2000.0,12.0,0,185,0
1.0,1000.0,4.0,0,185,0
1.0,1600.0,4.0,0,185,0
1.0,800.0,4.0,0,185,0
1.0,2000.0,6.0,0,185,0
1.0,1600.0,10.0,0,185,0
1.0,1600.0,2.0,0,185,0
1.0,1000.0,8.0,0,185,0
1.0,1600.0,8.0,0,185,0
1.0,1400.0,10.0,0,185,0
1.0,1200.0,4.0,0,185,0
1.0,1800.0,2.0,0,185,0
1.0,1400.0,8.0,0,185,0
1.0,1200.0,10.0,0,185,0
1.0,800.0,2.0,0,185,0
1.0,2000.0,2.0,0,185,0
1.0,800.0,10.0,0,185,0
1.0,1200.0,12.0,0,185,0
1.0,1400.0,12.0,0,185,0
1.0,800.0,8.0,0,185,0
1.0,1000.0,10.0,0,185,0
1.0,1200.0,2.0,0,185,0
1.0,1400.0,4.0,0,185,0
0.0,2000.0,8.0,0,185,0
0.0,2000.0,4.0,0,185,0
1.0,1800.0,8.0,0,185,0
1.0,1800.0,6.0,0,185,0
1.0,1600.0,12.0,0,185,0
1.0,1200.0,8.0,0,185,0
1.0,1400.0,6.0,0,185,0
1.0,1000.0,12.0,0,185,0
1.0,1800.0,12.0,0,185,0
1.0,1000.0,2.0,0,185,0
1.0,1600.0,6.0,0,185,0
1.0,1000.0,6.0,0,185,0
1.0,1200.0,6.0,0,185,0
1.0,1800.0,4.0,0,185,0
1.0,1800.0,10.0,0,185,0
1.0,2000.0,10.0,0,185,0
1.0,800.0,6.0,0,185,0
1.0,1800.0,8.0,1,186,0
1.0,1000.0,12.0,1,186,0
1.0,1400.0,2.0,1,186,0
1.0,1200.0,4.0,1,186,0
1.0,1400.0,8.0,1,186,0
1.0,1200.0,8.0,1,186,0
1.0,800.0,8.0,1,186,0
1.0,1400.0,4.0,1,186,0
1.0,1800.0,4.0,1,186,0
1.0,1800.0,6.0,1,186,0
0.0,1600.0,4.0,1,186,0
0.0,2000.0,6.0,1,186,0
1.0,2000.0,12.0,1,186,0
0.0,1600.0,10.0,1,186,0
0.0,1200.0,2.0,1,186,0
0.0,2000.0,10.0,1,186,0
0.0,1000.0,10.0,1,186,0
0.0,1800.0,2.0,1,186,0
0.0,2000.0,8.0,1,186,0
0.0,1800.0,10.0,1,186,0
0.0,1600.0,8.0,1,186,0
0.0,1000.0,2.0,1,186,0
0.0,1200.0,6.0,1,186,0
0.0,1000.0,6.0,1,186,0
1.0,1600.0,12.0,1,186,0
0.0,1200.0,12.0,1,186,0
0.0,2000.0,2.0,1,186,0
0.0,2000.0,4.0,1,186,0
0.0,1600.0,2.0,1,186,0
0.0,1400.0,10.0,1,186,0
0.0,800.0,12.0,1,186,0
0.0,1600.0,6.0,1,186,0
0.0,1800.0,12.0,1,186,0
0.0,1200.0,10.0,1,186,0
0.0,800.0,4.0,1,186,0
0.0,800.0,6.0,1,186,0
0.0,800.0,10.0,1,186,0
0.0,1400.0,12.0,1,186,0
0.0,1000.0,8.0,1,186,0
0.0,800.0,2.0,1,186,0
0.0,1000.0,4.0,1,186,0
1.0,1400.0,6.0,1,186,0
0.0,800.0,12.0,0,186,0
0.0,1200.0,12.0,0,186,0
1.0,2000.0,2.0,0,186,0
0.0,1200.0,10.0,0,186,0
0.0,1800.0,10.0,0,186,0
0.0,1000.0,8.0,0,186,0
0.0,1000.0,12.0,0,186,0
1.0,1400.0,2.0,0,186,0
0.0,1600.0,12.0,0,186,0
0.0,2000.0,10.0,0,186,0
0.0,1200.0,4.0,0,186,0
0.0,800.0,2.0,0,186,0
0.0,1600.0,4.0,0,186,0
0.0,1000.0,2.0,0,186,0
0.0,800.0,6.0,0,186,0
0.0,1600.0,6.0,0,186,0
0.0,1400.0,12.0,0,186,0
1.0,1200.0,8.0,0,186,0
0.0,2000.0,6.0,0,186,0
0.0,1800.0,6.0,0,186,0
0.0,1800.0,2.0,0,186,0
0.0,1400.0,6.0,0,186,0
1.0,1000.0,4.0,0,186,0
0.0,1800.0,12.0,0,186,0
1.0,2000.0,8.0,0,186,0
0.0,1200.0,2.0,0,186,0
1.0,1800.0,4.0,0,186,0
0.0,1400.0,4.0,0,186,0
1.0,1000.0,6.0,0,186,0
1.0,1600.0,2.0,0,186,0
0.0,800.0,8.0,0,186,0
0.0,1200.0,6.0,0,186,0
0.0,1600.0,10.0,0,186,0
0.0,1800.0,8.0,0,186,0
0.0,2000.0,12.0,0,186,0
0.0,1400.0,10.0,0,186,0
0.0,1000.0,10.0,0,186,0
0.0,800.0,10.0,0,186,0
0.0,800.0,4.0,0,186,0
1.0,2000.0,4.0,0,186,0
0.0,1400.0,8.0,0,186,0
1.0,1600.0,8.0,0,186,0
1.0,1800.0,2.0,1,187,1
1.0,1600.0,12.0,1,187,1
1.0,1800.0,12.0,1,187,1
1.0,1200.0,10.0,1,187,1
0.0,1400.0,8.0,1,187,1
0.0,1200.0,6.0,1,187,1
0.0,1000.0,6.0,1,187,1
1.0,1400.0,12.0,1,187,1
1.0,2000.0,2.0,1,187,1
0.0,1000.0,2.0,1,187,1
1.0,1600.0,6.0,1,187,1
1.0,1400.0,6.0,1,187,1
0.0,1000.0,12.0,1,187,1
0.0,1000.0,10.0,1,187,1
1.0,2000.0,12.0,1,187,1
1.0,1800.0,4.0,1,187,1
1.0,2000.0,8.0,1,187,1
1.0,2000.0,6.0,1,187,1
1.0,2000.0,4.0,1,187,1
1.0,1400.0,10.0,1,187,1
1.0,1600.0,10.0,1,187,1
1.0,1200.0,8.0,1,187,1
1.0,1400.0,2.0,1,187,1
1.0,2000.0,10.0,1,187,1
1.0,1200.0,4.0,1,187,1
0.0,800.0,12.0,1,187,1
1.0,1600.0,8.0,1,187,1
1.0,1600.0,2.0,1,187,1
0.0,800.0,2.0,1,187,1
0.0,800.0,10.0,1,187,1
1.0,1800.0,8.0,1,187,1
1.0,1200.0,12.0,1,187,1
0.0,800.0,4.0,1,187,1
0.0,800.0,8.0,1,187,1
1.0,1400.0,4.0,1,187,1
1.0,1200.0,2.0,1,187,1
0.0,1000.0,8.0,1,187,1
1.0,1800.0,6.0,1,187,1
1.0,1600.0,4.0,1,187,1
0.0,1000.0,4.0,1,187,1
1.0,1800.0,10.0,1,187,1
0.0,800.0,6.0,1,187,1
1.0,2000.0,2.0,0,187,1
1.0,1200.0,8.0,0,187,1
0.0,1000.0,8.0,0,187,1
0.0,1000.0,12.0,0,187,1
1.0,1200.0,10.0,0,187,1
1.0,1400.0,12.0,0,187,1
1.0,1800.0,8.0,0,187,1
1.0,1600.0,6.0,0,187,1
1.0,2000.0,8.0,0,187,1
1.0,1200.0,6.0,0,187,1
1.0,1400.0,10.0,0,187,1
1.0,2000.0,10.0,0,187,1
0.0,1000.0,10.0,0,187,1
1.0,1200.0,12.0,0,187,1
1.0,1600.0,10.0,0,187,1
1.0,1800.0,10.0,0,187,1
1.0,1200.0,4.0,0,187,1
0.0,800.0,8.0,0,187,1
1.0,1400.0,8.0,0,187,1
0.0,1000.0,2.0,0,187,1
0.0,800.0,2.0,0,187,1
1.0,1600.0,4.0,0,187,1
1.0,1800.0,6.0,0,187,1
1.0,1400.0,4.0,0,187,1
1.0,1600.0,8.0,0,187,1
0.0,1000.0,6.0,0,187,1
1.0,2000.0,12.0,0,187,1
0.0,800.0,10.0,0,187,1
1.0,2000.0,4.0,0,187,1
1.0,1600.0,2.0,0,187,1
0.0,1000.0,4.0,0,187,1
1.0,1200.0,2.0,0,187,1
1.0,1800.0,2.0,0,187,1
1.0,2000.0,6.0,0,187,1
1.0,800.0,4.0,0,187,1
1.0,1600.0,12.0,0,187,1
1.0,1400.0,6.0,0,187,1
0.0,800.0,6.0,0,187,1
1.0,1800.0,12.0,0,187,1
0.0,800.0,12.0,0,187,1
1.0,1400.0,2.0,0,187,1
1.0,1800.0,4.0,0,187,1
1.0,1800.0,12.0,0,188,1
1.0,1600.0,6.0,0,188,1
1.0,1800.0,4.0,0,188,1
1.0,1200.0,10.0,0,188,1
1.0,1000.0,8.0,0,188,1
1.0,1600.0,12.0,0,188,1
1.0,2000.0,2.0,0,188,1
1.0,1400.0,12.0,0,188,1
1.0,2000.0,6.0,0,188,1
1.0,800.0,10.0,0,188,1
1.0,800.0,2.0,0,188,1
1.0,1800.0,8.0,0,188,1
1.0,1800.0,10.0,0,188,1
1.0,2000.0,8.0,0,188,1
1.0,1200.0,4.0,0,188,1
1.0,1400.0,6.0,0,188,1
1.0,1400.0,4.0,0,188,1
1.0,1200.0,6.0,0,188,1
1.0,1200.0,8.0,0,188,1
1.0,1600.0,8.0,0,188,1
1.0,800.0,4.0,0,188,1
1.0,1400.0,2.0,0,188,1
1.0,1800.0,2.0,0,188,1
1.0,2000.0,10.0,0,188,1
1.0,1000.0,6.0,0,188,1
1.0,1000.0,10.0,0,188,1
1.0,1200.0,2.0,0,188,1
1.0,800.0,6.0,0,188,1
1.0,1600.0,2.0,0,188,1
1.0,1000.0,4.0,0,188,1
1.0,2000.0,4.0,0,188,1
1.0,1400.0,8.0,0,188,1
1.0,1000.0,12.0,0,188,1
1.0,1800.0,6.0,0,188,1
1.0,1200.0,12.0,0,188,1
1.0,1000.0,2.0,0,188,1
1.0,2000.0,12.0,0,188,1
1.0,800.0,12.0,0,188,1
1.0,1400.0,10.0,0,188,1
1.0,1600.0,10.0,0,188,1
1.0,1600.0,4.0,0,188,1
1.0,800.0,8.0,0,188,1
1.0,1600.0,8.0,1,188,1
1.0,1200.0,12.0,1,188,1
1.0,1000.0,12.0,1,188,1
1.0,800.0,12.0,1,188,1
1.0,1600.0,6.0,1,188,1
1.0,2000.0,2.0,1,188,1
1.0,1400.0,10.0,1,188,1
1.0,1400.0,8.0,1,188,1
1.0,1800.0,6.0,1,188,1
1.0,2000.0,6.0,1,188,1
1.0,2000.0,8.0,1,188,1
1.0,1000.0,2.0,1,188,1
1.0,1600.0,4.0,1,188,1
1.0,1600.0,2.0,1,188,1
1.0,2000.0,4.0,1,188,1
1.0,800.0,8.0,1,188,1
1.0,1200.0,10.0,1,188,1
1.0,800.0,2.0,1,188,1
1.0,1000.0,8.0,1,188,1
1.0,1400.0,12.0,1,188,1
1.0,1800.0,8.0,1,188,1
1.0,2000.0,10.0,1,188,1
1.0,1400.0,6.0,1,188,1
1.0,1800.0,10.0,1,188,1
1.0,800.0,4.0,1,188,1
1.0,1000.0,6.0,1,188,1
1.0,1800.0,12.0,1,188,1
1.0,1200.0,8.0,1,188,1
1.0,800.0,10.0,1,188,1
1.0,2000.0,12.0,1,188,1
1.0,1200.0,6.0,1,188,1
1.0,1800.0,4.0,1,188,1
1.0,1200.0,4.0,1,188,1
1.0,1400.0,2.0,1,188,1
1.0,1800.0,2.0,1,188,1
1.0,1600.0,12.0,1,188,1
1.0,1000.0,10.0,1,188,1
1.0,1600.0,10.0,1,188,1
1.0,800.0,6.0,1,188,1
1.0,1200.0,2.0,1,188,1
1.0,1400.0,4.0,1,188,1
1.0,1000.0,4.0,1,188,1
1.0,1200.0,6.0,0,189,0
0.0,1800.0,8.0,0,189,0
1.0,1400.0,2.0,0,189,0
1.0,800.0,6.0,0,189,0
1.0,1600.0,10.0,0,189,0
0.0,1200.0,12.0,0,189,0
1.0,1800.0,12.0,0,189,0
0.0,1200.0,4.0,0,189,0
1.0,1000.0,2.0,0,189,0
0.0,1200.0,2.0,0,189,0
1.0,1800.0,4.0,0,189,0
1.0,1000.0,12.0,0,189,0
1.0,1600.0,4.0,0,189,0
1.0,1600.0,12.0,0,189,0
0.0,1200.0,10.0,0,189,0
1.0,2000.0,12.0,0,189,0
1.0,1600.0,2.0,0,189,0
0.0,2000.0,10.0,0,189,0
1.0,1400.0,12.0,0,189,0
1.0,800.0,8.0,0,189,0
1.0,1600.0,8.0,0,189,0
1.0,1000.0,8.0,0,189,0
1.0,1800.0,2.0,0,189,0
1.0,1800.0,10.0,0,189,0
1.0,1400.0,8.0,0,189,0
1.0,2000.0,6.0,0,189,0
1.0,1800.0,6.0,0,189,0
1.0,800.0,10.0,0,189,0
0.0,2000.0,4.0,0,189,0
1.0,2000.0,2.0,0,189,0
1.0,800.0,2.0,0,189,0
1.0,2000.0,8.0,0,189,0
1.0,1000.0,4.0,0,189,0
1.0,1200.0,8.0,0,189,0
1.0,1400.0,10.0,0,189,0
0.0,1000.0,6.0,0,189,0
1.0,800.0,4.0,0,189,0
1.0,1400.0,4.0,0,189,0
1.0,800.0,12.0,0,189,0
1.0,1400.0,6.0,0,189,0
1.0,1600.0,6.0,0,189,0
1.0,1000.0,10.0,0,189,0
1.0,1600.0,2.0,1,189,0
1.0,800.0,4.0,1,189,0
1.0,1400.0,12.0,1,189,0
1.0,2000.0,4.0,1,189,0
1.0,1000.0,8.0,1,189,0
1.0,1800.0,8.0,1,189,0
1.0,2000.0,12.0,1,189,0
0.0,1200.0,6.0,1,189,0
1.0,800.0,2.0,1,189,0
1.0,1600.0,10.0,1,189,0
1.0,2000.0,10.0,1,189,0
0.0,1000.0,2.0,1,189,0
1.0,1800.0,10.0,1,189,0
1.0,1200.0,12.0,1,189,0
1.0,1000.0,6.0,1,189,0
1.0,2000.0,8.0,1,189,0
1.0,1600.0,8.0,1,189,0
1.0,1000.0,12.0,1,189,0
1.0,1600.0,4.0,1,189,0
1.0,1800.0,4.0,1,189,0
0.0,1400.0,4.0,1,189,0
1.0,2000.0,2.0,1,189,0
1.0,1400.0,2.0,1,189,0
1.0,1400.0,10.0,1,189,0
1.0,1000.0,10.0,1,189,0
1.0,800.0,8.0,1,189,0
1.0,1200.0,2.0,1,189,0
1.0,1200.0,8.0,1,189,0
0.0,1400.0,8.0,1,189,0
1.0,1600.0,12.0,1,189,0
1.0,1000.0,4.0,1,189,0
0.0,1400.0,6.0,1,189,0
1.0,800.0,10.0,1,189,0
1.0,1800.0,6.0,1,189,0
1.0,1800.0,12.0,1,189,0
1.0,800.0,12.0,1,189,0
1.0,1200.0,4.0,1,189,0
1.0,1600.0,6.0,1,189,0
1.0,1800.0,2.0,1,189,0
1.0,800.0,6.0,1,189,0
1.0,1200.0,10.0,1,189,0
0.0,2000.0,6.0,1,189,0
1.0,800.0,12.0,0,190,0
1.0,800.0,4.0,0,190,0
1.0,1200.0,10.0,0,190,0
1.0,1600.0,8.0,0,190,0
1.0,800.0,8.0,0,190,0
1.0,1800.0,8.0,0,190,0
1.0,1400.0,10.0,0,190,0
1.0,1600.0,12.0,0,190,0
1.0,1200.0,4.0,0,190,0
1.0,1800.0,10.0,0,190,0
1.0,1200.0,2.0,0,190,0
1.0,2000.0,4.0,0,190,0
1.0,1800.0,6.0,0,190,0
1.0,2000.0,12.0,0,190,0
1.0,1600.0,6.0,0,190,0
1.0,1400.0,6.0,0,190,0
1.0,1400.0,4.0,0,190,0
1.0,1200.0,12.0,0,190,0
1.0,1600.0,2.0,0,190,0
1.0,1400.0,8.0,0,190,0
1.0,800.0,6.0,0,190,0
1.0,1600.0,4.0,0,190,0
1.0,2000.0,6.0,0,190,0
1.0,1600.0,10.0,0,190,0
1.0,1000.0,6.0,0,190,0
1.0,1000.0,2.0,0,190,0
1.0,800.0,2.0,0,190,0
1.0,1800.0,12.0,0,190,0
1.0,1400.0,12.0,0,190,0
1.0,1000.0,4.0,0,190,0
1.0,1800.0,4.0,0,190,0
1.0,1000.0,10.0,0,190,0
1.0,1200.0,6.0,0,190,0
1.0,1200.0,8.0,0,190,0
1.0,1000.0,12.0,0,190,0
1.0,1400.0,2.0,0,190,0
1.0,2000.0,8.0,0,190,0
1.0,1800.0,2.0,0,190,0
1.0,1000.0,8.0,0,190,0
1.0,2000.0,2.0,0,190,0
1.0,800.0,10.0,0,190,0
1.0,2000.0,10.0,0,190,0
1.0,800.0,4.0,1,190,0
1.0,1400.0,8.0,1,190,0
1.0,1400.0,12.0,1,190,0
1.0,800.0,12.0,1,190,0
1.0,2000.0,6.0,1,190,0
1.0,800.0,8.0,1,190,0
1.0,1600.0,8.0,1,190,0
1.0,1000.0,6.0,1,190,0
1.0,1600.0,12.0,1,190,0
1.0,2000.0,4.0,1,190,0
1.0,1400.0,4.0,1,190,0
1.0,2000.0,8.0,1,190,0
1.0,1600.0,2.0,1,190,0
1.0,1200.0,12.0,1,190,0
1.0,1200.0,10.0,1,190,0
1.0,1000.0,2.0,1,190,0
1.0,1400.0,2.0,1,190,0
1.0,1600.0,10.0,1,190,0
1.0,1800.0,4.0,1,190,0
1.0,1200.0,2.0,1,190,0
1.0,1200.0,6.0,1,190,0
1.0,1400.0,10.0,1,190,0
1.0,1600.0,6.0,1,190,0
1.0,2000.0,2.0,1,190,0
1.0,1000.0,8.0,1,190,0
1.0,1000.0,10.0,1,190,0
1.0,2000.0,12.0,1,190,0
1.0,800.0,10.0,1,190,0
1.0,1800.0,12.0,1,190,0
1.0,1800.0,6.0,1,190,0
1.0,1200.0,8.0,1,190,0
1.0,1800.0,10.0,1,190,0
1.0,800.0,6.0,1,190,0
1.0,800.0,2.0,1,190,0
1.0,1800.0,8.0,1,190,0
1.0,1000.0,4.0,1,190,0
1.0,1800.0,2.0,1,190,0
1.0,1200.0,4.0,1,190,0
1.0,1400.0,6.0,1,190,0
1.0,2000.0,10.0,1,190,0
1.0,1600.0,4.0,1,190,0
1.0,1000.0,12.0,1,190,0
1.0,1600.0,10.0,0,191,0
1.0,1600.0,12.0,0,191,0
0.0,1000.0,10.0,0,191,0
1.0,1800.0,6.0,0,191,0
1.0,1800.0,2.0,0,191,0
0.0,1400.0,2.0,0,191,0
1.0,800.0,8.0,0,191,0
1.0,1200.0,4.0,0,191,0
0.0,1200.0,6.0,0,191,0
1.0,800.0,2.0,0,191,0
0.0,1800.0,10.0,0,191,0
1.0,1000.0,4.0,0,191,0
0.0,2000.0,2.0,0,191,0
1.0,1200.0,8.0,0,191,0
0.0,1000.0,2.0,0,191,0
1.0,1200.0,2.0,0,191,0
1.0,1400.0,8.0,0,191,0
0.0,800.0,12.0,0,191,0
1.0,1600.0,8.0,0,191,0
1.0,1400.0,6.0,0,191,0
1.0,1400.0,4.0,0,191,0
1.0,800.0,10.0,0,191,0
0.0,1000.0,8.0,0,191,0
1.0,2000.0,4.0,0,191,0
0.0,2000.0,8.0,0,191,0
1.0,1800.0,12.0,0,191,0
1.0,2000.0,12.0,0,191,0
0.0,2000.0,10.0,0,191,0
1.0,1200.0,12.0,0,191,0
1.0,1600.0,2.0,0,191,0
0.0,800.0,6.0,0,191,0
1.0,800.0,4.0,0,191,0
0.0,1000.0,6.0,0,191,0
1.0,1800.0,4.0,0,191,0
1.0,1800.0,8.0,0,191,0
1.0,1000.0,12.0,0,191,0
1.0,2000.0,6.0,0,191,0
0.0,1400.0,10.0,0,191,0
0.0,1200.0,10.0,0,191,0
0.0,1600.0,4.0,0,191,0
1.0,1600.0,6.0,0,191,0
0.0,1400.0,12.0,0,191,0
1.0,1600.0,12.0,1,191,0
0.0,1400.0,6.0,1,191,0
1.0,1200.0,6.0,1,191,0
0.0,1600.0,10.0,1,191,0
1.0,1600.0,2.0,1,191,0
0.0,1800.0,12.0,1,191,0
0.0,1000.0,4.0,1,191,0
0.0,1000.0,10.0,1,191,0
0.0,1200.0,4.0,1,191,0
1.0,2000.0,4.0,1,191,0
0.0,1800.0,2.0,1,191,0
0.0,1400.0,4.0,1,191,0
1.0,1200.0,8.0,1,191,0
0.0,1000.0,12.0,1,191,0
0.0,800.0,4.0,1,191,0
0.0,2000.0,10.0,1,191,0
0.0,1800.0,8.0,1,191,0
0.0,1200.0,10.0,1,191,0
0.0,1000.0,2.0,1,191,0
0.0,800.0,10.0,1,191,0
0.0,1600.0,6.0,1,191,0
0.0,1400.0,10.0,1,191,0
0.0,1200.0,12.0,1,191,0
0.0,1800.0,6.0,1,191,0
0.0,1000.0,8.0,1,191,0
0.0,800.0,12.0,1,191,0
1.0,800.0,2.0,1,191,0
0.0,800.0,6.0,1,191,0
0.0,1400.0,12.0,1,191,0
1.0,2000.0,2.0,1,191,0
0.0,1600.0,8.0,1,191,0
1.0,1400.0,2.0,1,191,0
1.0,1200.0,2.0,1,191,0
0.0,2000.0,12.0,1,191,0
0.0,1000.0,6.0,1,191,0
0.0,2000.0,8.0,1,191,0
0.0,800.0,8.0,1,191,0
0.0,1400.0,8.0,1,191,0
0.0,1600.0,4.0,1,191,0
0.0,1800.0,4.0,1,191,0
0.0,1800.0,10.0,1,191,0
0.0,2000.0,6.0,1,191,0
1.0,1000.0,10.0,0,192,1
1.0,1800.0,8.0,0,192,1
1.0,1600.0,8.0,0,192,1
0.0,1600.0,10.0,0,192,1
1.0,1200.0,8.0,0,192,1
0.0,1800.0,6.0,0,192,1
1.0,800.0,10.0,0,192,1
1.0,1400.0,12.0,0,192,1
1.0,1600.0,6.0,0,192,1
1.0,1000.0,12.0,0,192,1
0.0,1600.0,2.0,0,192,1
0.0,1400.0,2.0,0,192,1
0.0,800.0,8.0,0,192,1
0.0,1800.0,4.0,0,192,1
0.0,1200.0,6.0,0,192,1
1.0,1000.0,6.0,0,192,1
1.0,800.0,4.0,0,192,1
0.0,1400.0,10.0,0,192,1
0.0,2000.0,4.0,0,192,1
0.0,1000.0,4.0,0,192,1
0.0,1800.0,2.0,0,192,1
0.0,2000.0,12.0,0,192,1
0.0,1400.0,4.0,0,192,1
0.0,1200.0,10.0,0,192,1
0.0,1800.0,12.0,0,192,1
0.0,2000.0,8.0,0,192,1
1.0,1000.0,2.0,0,192,1
0.0,1200.0,2.0,0,192,1
1.0,1000.0,8.0,0,192,1
0.0,1400.0,8.0,0,192,1
0.0,1200.0,12.0,0,192,1
0.0,800.0,12.0,0,192,1
0.0,2000.0,2.0,0,192,1
0.0,1600.0,12.0,0,192,1
0.0,2000.0,10.0,0,192,1
0.0,1800.0,10.0,0,192,1
1.0,800.0,6.0,0,192,1
0.0,1200.0,4.0,0,192,1
0.0,2000.0,6.0,0,192,1
0.0,1400.0,6.0,0,192,1
1.0,800.0,2.0,0,192,1
0.0,1600.0,4.0,0,192,1
0.0,1200.0,12.0,1,192,1
0.0,1800.0,8.0,1,192,1
1.0,1000.0,6.0,1,192,1
0.0,1200.0,10.0,1,192,1
1.0,1000.0,2.0,1,192,1
1.0,800.0,2.0,1,192,1
0.0,1400.0,10.0,1,192,1
1.0,1000.0,12.0,1,192,1
0.0,1200.0,6.0,1,192,1
1.0,800.0,8.0,1,192,1
0.0,1800.0,2.0,1,192,1
0.0,2000.0,4.0,1,192,1
1.0,800.0,12.0,1,192,1
0.0,1200.0,4.0,1,192,1
1.0,800.0,10.0,1,192,1
0.0,1800.0,6.0,1,192,1
0.0,1600.0,2.0,1,192,1
0.0,1600.0,4.0,1,192,1
1.0,800.0,4.0,1,192,1
0.0,1400.0,4.0,1,192,1
0.0,1400.0,8.0,1,192,1
0.0,1800.0,12.0,1,192,1
1.0,1000.0,10.0,1,192,1
0.0,1800.0,4.0,1,192,1
1.0,1000.0,4.0,1,192,1
1.0,1000.0,8.0,1,192,1
0.0,1400.0,6.0,1,192,1
0.0,2000.0,2.0,1,192,1
0.0,1800.0,10.0,1,192,1
0.0,2000.0,10.0,1,192,1
0.0,1200.0,8.0,1,192,1
0.0,2000.0,6.0,1,192,1
0.0,1600.0,6.0,1,192,1
0.0,1600.0,12.0,1,192,1
0.0,1200.0,2.0,1,192,1
0.0,1400.0,2.0,1,192,1
0.0,1400.0,12.0,1,192,1
1.0,800.0,6.0,1,192,1
0.0,1600.0,10.0,1,192,1
0.0,2000.0,8.0,1,192,1
0.0,1600.0,8.0,1,192,1
0.0,2000.0,12.0,1,192,1
1.0,1000.0,12.0,0,193,0
1.0,1200.0,10.0,0,193,0
1.0,1400.0,2.0,0,193,0
1.0,1400.0,12.0,0,193,0
1.0,1200.0,12.0,0,193,0
1.0,1400.0,8.0,0,193,0
0.0,1600.0,4.0,0,193,0
1.0,800.0,12.0,0,193,0
1.0,1600.0,8.0,0,193,0
0.0,2000.0,10.0,0,193,0
0.0,1800.0,4.0,0,193,0
0.0,1400.0,6.0,0,193,0
0.0,1200.0,4.0,0,193,0
0.0,1000.0,6.0,0,193,0
1.0,800.0,8.0,0,193,0
1.0,800.0,6.0,0,193,0
0.0,2000.0,8.0,0,193,0
1.0,2000.0,6.0,0,193,0
0.0,1800.0,6.0,0,193,0
1.0,1000.0,2.0,0,193,0
0.0,1400.0,4.0,0,193,0
0.0,1600.0,2.0,0,193,0
1.0,1800.0,10.0,0,193,0
1.0,1600.0,12.0,0,193,0
0.0,1200.0,8.0,0,193,0
0.0,1800.0,8.0,0,193,0
0.0,2000.0,2.0,0,193,0
0.0,2000.0,4.0,0,193,0
0.0,1200.0,6.0,0,193,0
1.0,2000.0,12.0,0,193,0
1.0,1400.0,10.0,0,193,0
1.0,1800.0,2.0,0,193,0
1.0,1000.0,4.0,0,193,0
0.0,1600.0,6.0,0,193,0
0.0,1200.0,2.0,0,193,0
1.0,800.0,10.0,0,193,0
0.0,800.0,2.0,0,193,0
0.0,800.0,4.0,0,193,0
1.0,1800.0,12.0,0,193,0
1.0,1000.0,10.0,0,193,0
1.0,1000.0,8.0,0,193,0
0.0,1600.0,10.0,0,193,0
0.0,1000.0,4.0,1,193,0
1.0,1600.0,6.0,1,193,0
0.0,1400.0,2.0,1,193,0
0.0,800.0,2.0,1,193,0
1.0,1200.0,8.0,1,193,0
0.0,800.0,4.0,1,193,0
1.0,1400.0,4.0,1,193,0
1.0,1800.0,8.0,1,193,0
1.0,800.0,6.0,1,193,0
0.0,1600.0,12.0,1,193,0
1.0,2000.0,8.0,1,193,0
1.0,1800.0,6.0,1,193,0
0.0,2000.0,12.0,1,193,0
1.0,1400.0,10.0,1,193,0
1.0,1800.0,4.0,1,193,0
1.0,800.0,10.0,1,193,0
1.0,2000.0,6.0,1,193,0
1.0,800.0,12.0,1,193,0
0.0,1200.0,4.0,1,193,0
1.0,1400.0,6.0,1,193,0
1.0,1000.0,10.0,1,193,0
1.0,2000.0,2.0,1,193,0
0.0,1800.0,10.0,1,193,0
0.0,1200.0,6.0,1,193,0
1.0,1400.0,8.0,1,193,0
1.0,1000.0,12.0,1,193,0
0.0,1600.0,4.0,1,193,0
1.0,2000.0,10.0,1,193,0
1.0,1200.0,10.0,1,193,0
1.0,2000.0,4.0,1,193,0
0.0,1600.0,2.0,1,193,0
0.0,1000.0,6.0,1,193,0
1.0,1200.0,12.0,1,193,0
0.0,1600.0,8.0,1,193,0
1.0,1000.0,8.0,1,193,0
0.0,1800.0,2.0,1,193,0
0.0,1000.0,2.0,1,193,0
0.0,1200.0,2.0,1,193,0
0.0,800.0,8.0,1,193,0
1.0,1600.0,10.0,1,193,0
1.0,1400.0,12.0,1,193,0
1.0,1800.0,12.0,1,193,0
0.0,1000.0,8.0,1,194,1
0.0,1800.0,12.0,1,194,1
1.0,1600.0,10.0,1,194,1
0.0,1000.0,10.0,1,194,1
1.0,800.0,4.0,1,194,1
0.0,2000.0,2.0,1,194,1
1.0,1400.0,6.0,1,194,1
0.0,1800.0,10.0,1,194,1
0.0,800.0,10.0,1,194,1
0.0,2000.0,8.0,1,194,1
1.0,1600.0,4.0,1,194,1
0.0,1200.0,10.0,1,194,1
1.0,1000.0,2.0,1,194,1
1.0,1000.0,6.0,1,194,1
0.0,2000.0,10.0,1,194,1
1.0,1000.0,4.0,1,194,1
1.0,1800.0,8.0,1,194,1
1.0,1800.0,6.0,1,194,1
1.0,1200.0,2.0,1,194,1
1.0,1200.0,4.0,1,194,1
1.0,1600.0,6.0,1,194,1
1.0,1600.0,2.0,1,194,1
1.0,800.0,8.0,1,194,1
1.0,800.0,2.0,1,194,1
0.0,1400.0,12.0,1,194,1
1.0,2000.0,4.0,1,194,1
0.0,1400.0,10.0,1,194,1
1.0,1400.0,8.0,1,194,1
0.0,1200.0,8.0,1,194,1
1.0,1800.0,4.0,1,194,1
1.0,2000.0,12.0,1,194,1
0.0,1600.0,8.0,1,194,1
1.0,1400.0,4.0,1,194,1
0.0,800.0,12.0,1,194,1
0.0,1200.0,12.0,1,194,1
1.0,1200.0,6.0,1,194,1
0.0,1000.0,12.0,1,194,1
1.0,1800.0,2.0,1,194,1
1.0,2000.0,6.0,1,194,1
1.0,800.0,6.0,1,194,1
1.0,1600.0,12.0,1,194,1
1.0,1400.0,2.0,1,194,1
0.0,1000.0,10.0,0,194,1
0.0,800.0,12.0,0,194,1
1.0,1200.0,2.0,0,194,1
0.0,800.0,10.0,0,194,1
1.0,1200.0,8.0,0,194,1
1.0,800.0,2.0,0,194,1
1.0,1200.0,4.0,0,194,1
1.0,2000.0,4.0,0,194,1
0.0,1600.0,12.0,0,194,1
1.0,1400.0,2.0,0,194,1
0.0,1800.0,10.0,0,194,1
0.0,800.0,6.0,0,194,1
1.0,1800.0,8.0,0,194,1
0.0,800.0,8.0,0,194,1
0.0,1400.0,10.0,0,194,1
1.0,1000.0,4.0,0,194,1
1.0,1800.0,4.0,0,194,1
1.0,2000.0,8.0,0,194,1
0.0,1200.0,10.0,0,194,1
0.0,1800.0,12.0,0,194,1
0.0,1400.0,6.0,0,194,1
1.0,1400.0,4.0,0,194,1
1.0,1800.0,6.0,0,194,1
1.0,1600.0,6.0,0,194,1
1.0,1400.0,8.0,0,194,1
1.0,1200.0,6.0,0,194,1
1.0,2000.0,6.0,0,194,1
1.0,1600.0,4.0,0,194,1
0.0,1000.0,6.0,0,194,1
1.0,1000.0,2.0,0,194,1
1.0,1600.0,8.0,0,194,1
0.0,2000.0,10.0,0,194,1
1.0,800.0,4.0,0,194,1
1.0,1600.0,2.0,0,194,1
1.0,1600.0,10.0,0,194,1
0.0,1000.0,8.0,0,194,1
0.0,1400.0,12.0,0,194,1
0.0,1200.0,12.0,0,194,1
1.0,1800.0,2.0,0,194,1
1.0,2000.0,2.0,0,194,1
1.0,2000.0,12.0,0,194,1
0.0,1000.0,12.0,0,194,1
1.0,1800.0,10.0,1,195,1
1.0,800.0,8.0,1,195,1
1.0,800.0,10.0,1,195,1
1.0,1000.0,2.0,1,195,1
1.0,2000.0,12.0,1,195,1
1.0,1200.0,4.0,1,195,1
1.0,1800.0,6.0,1,195,1
1.0,1200.0,8.0,1,195,1
1.0,1400.0,10.0,1,195,1
1.0,1800.0,12.0,1,195,1
1.0,1600.0,4.0,1,195,1
1.0,800.0,12.0,1,195,1
1.0,2000.0,8.0,1,195,1
1.0,1200.0,2.0,1,195,1
1.0,2000.0,4.0,1,195,1
1.0,1400.0,8.0,1,195,1
1.0,1800.0,8.0,1,195,1
1.0,1000.0,6.0,1,195,1
1.0,800.0,4.0,1,195,1
1.0,1600.0,12.0,1,195,1
1.0,2000.0,2.0,1,195,1
1.0,1600.0,2.0,1,195,1
1.0,1200.0,12.0,1,195,1
1.0,1200.0,6.0,1,195,1
1.0,1800.0,2.0,1,195,1
1.0,1000.0,10.0,1,195,1
1.0,1600.0,8.0,1,195,1
1.0,1000.0,8.0,1,195,1
1.0,2000.0,10.0,1,195,1
1.0,1800.0,4.0,1,195,1
1.0,2000.0,6.0,1,195,1
1.0,800.0,2.0,1,195,1
1.0,1400.0,4.0,1,195,1
1.0,1400.0,2.0,1,195,1
1.0,1400.0,12.0,1,195,1
1.0,1000.0,4.0,1,195,1
1.0,1000.0,12.0,1,195,1
1.0,1600.0,10.0,1,195,1
1.0,1600.0,6.0,1,195,1
1.0,1200.0,10.0,1,195,1
1.0,800.0,6.0,1,195,1
1.0,1400.0,6.0,1,195,1
1.0,1600.0,10.0,0,195,1
1.0,1400.0,12.0,0,195,1
1.0,1200.0,10.0,0,195,1
1.0,1600.0,8.0,0,195,1
1.0,1000.0,6.0,0,195,1
1.0,1200.0,8.0,0,195,1
1.0,1000.0,4.0,0,195,1
1.0,1400.0,10.0,0,195,1
1.0,800.0,2.0,0,195,1
1.0,2000.0,4.0,0,195,1
1.0,1000.0,8.0,0,195,1
1.0,1800.0,2.0,0,195,1
1.0,2000.0,2.0,0,195,1
1.0,1600.0,4.0,0,195,1
1.0,800.0,8.0,0,195,1
1.0,1800.0,8.0,0,195,1
1.0,2000.0,12.0,0,195,1
1.0,1200.0,4.0,0,195,1
1.0,2000.0,10.0,0,195,1
1.0,1600.0,12.0,0,195,1
1.0,1400.0,8.0,0,195,1
1.0,1400.0,6.0,0,195,1
1.0,1200.0,6.0,0,195,1
1.0,1200.0,12.0,0,195,1
1.0,1400.0,2.0,0,195,1
1.0,800.0,12.0,0,195,1
1.0,1200.0,2.0,0,195,1
1.0,1800.0,4.0,0,195,1
1.0,2000.0,6.0,0,195,1
1.0,1400.0,4.0,0,195,1
1.0,1600.0,6.0,0,195,1
1.0,1800.0,10.0,0,195,1
1.0,1000.0,2.0,0,195,1
1.0,1800.0,12.0,0,195,1
1.0,1000.0,12.0,0,195,1
1.0,1000.0,10.0,0,195,1
1.0,800.0,4.0,0,195,1
1.0,1800.0,6.0,0,195,1
1.0,1600.0,2.0,0,195,1
1.0,800.0,6.0,0,195,1
1.0,2000.0,8.0,0,195,1
1.0,800.0,10.0,0,195,1
1.0,1400.0,6.0,1,196,1
1.0,800.0,8.0,1,196,1
1.0,1600.0,2.0,1,196,1
1.0,2000.0,8.0,1,196,1
1.0,800.0,12.0,1,196,1
1.0,800.0,6.0,1,196,1
1.0,1200.0,6.0,1,196,1
1.0,1600.0,6.0,1,196,1
1.0,1600.0,12.0,1,196,1
1.0,1000.0,4.0,1,196,1
1.0,1200.0,2.0,1,196,1
1.0,1000.0,6.0,1,196,1
1.0,1600.0,4.0,1,196,1
1.0,1000.0,2.0,1,196,1
1.0,2000.0,2.0,1,196,1
1.0,800.0,4.0,1,196,1
1.0,1400.0,8.0,1,196,1
1.0,1200.0,4.0,1,196,1
1.0,1600.0,10.0,1,196,1
1.0,2000.0,6.0,1,196,1
1.0,1200.0,8.0,1,196,1
1.0,1000.0,12.0,1,196,1
1.0,1200.0,12.0,1,196,1
1.0,1200.0,10.0,1,196,1
1.0,1800.0,6.0,1,196,1
1.0,800.0,10.0,1,196,1
1.0,1600.0,8.0,1,196,1
1.0,1400.0,2.0,1,196,1
1.0,1800.0,12.0,1,196,1
1.0,1800.0,8.0,1,196,1
1.0,1800.0,10.0,1,196,1
1.0,1000.0,10.0,1,196,1
1.0,2000.0,12.0,1,196,1
1.0,1000.0,8.0,1,196,1
1.0,1400.0,4.0,1,196,1
1.0,1400.0,10.0,1,196,1
1.0,1400.0,12.0,1,196,1
1.0,2000.0,10.0,1,196,1
1.0,800.0,2.0,1,196,1
1.0,1800.0,4.0,1,196,1
1.0,1800.0,2.0,1,196,1
1.0,2000.0,4.0,1,196,1
0.0,1400.0,10.0,0,196,1
1.0,1600.0,2.0,0,196,1
0.0,1600.0,12.0,0,196,1
0.0,1600.0,6.0,0,196,1
1.0,800.0,2.0,0,196,1
0.0,1800.0,10.0,0,196,1
0.0,800.0,6.0,0,196,1
0.0,800.0,8.0,0,196,1
1.0,800.0,4.0,0,196,1
1.0,1200.0,4.0,0,196,1
0.0,1600.0,8.0,0,196,1
0.0,1200.0,12.0,0,196,1
0.0,1800.0,12.0,0,196,1
1.0,2000.0,2.0,0,196,1
1.0,1400.0,4.0,0,196,1
0.0,1000.0,10.0,0,196,1
0.0,2000.0,12.0,0,196,1
0.0,1400.0,12.0,0,196,1
1.0,1800.0,2.0,0,196,1
0.0,800.0,10.0,0,196,1
0.0,2000.0,10.0,0,196,1
0.0,1200.0,8.0,0,196,1
0.0,1400.0,8.0,0,196,1
1.0,800.0,12.0,0,196,1
0.0,1800.0,8.0,0,196,1
1.0,1800.0,4.0,0,196,1
1.0,1000.0,8.0,0,196,1
0.0,1400.0,6.0,0,196,1
1.0,1200.0,2.0,0,196,1
1.0,1600.0,4.0,0,196,1
0.0,1600.0,10.0,0,196,1
0.0,2000.0,6.0,0,196,1
0.0,1800.0,6.0,0,196,1
1.0,1000.0,4.0,0,196,1
0.0,1000.0,6.0,0,196,1
1.0,2000.0,4.0,0,196,1
0.0,1200.0,10.0,0,196,1
1.0,1000.0,2.0,0,196,1
0.0,1000.0,12.0,0,196,1
0.0,1200.0,6.0,0,196,1
1.0,1400.0,2.0,0,196,1
0.0,2000.0,8.0,0,196,1
0.0,1600.0,8.0,0,197,1
0.0,2000.0,4.0,0,197,1
0.0,1400.0,8.0,0,197,1
1.0,800.0,2.0,0,197,1
0.0,2000.0,12.0,0,197,1
0.0,1800.0,10.0,0,197,1
0.0,1000.0,6.0,0,197,1
0.0,1400.0,12.0,0,197,1
0.0,1000.0,10.0,0,197,1
0.0,1600.0,10.0,0,197,1
0.0,800.0,6.0,0,197,1
0.0,1600.0,12.0,0,197,1
0.0,1200.0,6.0,0,197,1
0.0,800.0,12.0,0,197,1
0.0,800.0,10.0,0,197,1
0.0,2000.0,8.0,0,197,1
0.0,1400.0,6.0,0,197,1
0.0,1800.0,12.0,0,197,1
0.0,1600.0,4.0,0,197,1
0.0,1800.0,4.0,0,197,1
0.0,1200.0,10.0,0,197,1
0.0,1400.0,10.0,0,197,1
0.0,1000.0,8.0,0,197,1
0.0,800.0,4.0,0,197,1
0.0,1200.0,4.0,0,197,1
0.0,1600.0,6.0,0,197,1
0.0,800.0,8.0,0,197,1
0.0,2000.0,6.0,0,197,1
0.0,1600.0,2.0,0,197,1
0.0,1800.0,8.0,0,197,1
0.0,1400.0,4.0,0,197,1
0.0,1000.0,12.0,0,197,1
0.0,1200.0,2.0,0,197,1
0.0,1000.0,2.0,0,197,1
0.0,1200.0,12.0,0,197,1
0.0,2000.0,2.0,0,197,1
0.0,1200.0,8.0,0,197,1
0.0,2000.0,10.0,0,197,1
0.0,1400.0,2.0,0,197,1
0.0,1800.0,6.0,0,197,1
0.0,1800.0,2.0,0,197,1
0.0,1000.0,4.0,0,197,1
0.0,1600.0,8.0,1,197,1
0.0,800.0,8.0,1,197,1
0.0,2000.0,12.0,1,197,1
0.0,800.0,4.0,1,197,1
0.0,1400.0,2.0,1,197,1
0.0,1000.0,12.0,1,197,1
0.0,2000.0,6.0,1,197,1
0.0,1400.0,4.0,1,197,1
0.0,1800.0,12.0,1,197,1
0.0,800.0,10.0,1,197,1
0.0,2000.0,4.0,1,197,1
0.0,1000.0,4.0,1,197,1
0.0,1600.0,2.0,1,197,1
0.0,800.0,12.0,1,197,1
0.0,1200.0,10.0,1,197,1
0.0,1400.0,10.0,1,197,1
0.0,1600.0,12.0,1,197,1
0.0,2000.0,2.0,1,197,1
0.0,1600.0,6.0,1,197,1
0.0,1400.0,8.0,1,197,1
0.0,1200.0,6.0,1,197,1
0.0,1400.0,12.0,1,197,1
0.0,1000.0,6.0,1,197,1
0.0,1400.0,6.0,1,197,1
0.0,1000.0,10.0,1,197,1
0.0,1800.0,6.0,1,197,1
0.0,1200.0,8.0,1,197,1
0.0,1000.0,8.0,1,197,1
0.0,1200.0,2.0,1,197,1
0.0,1800.0,10.0,1,197,1
0.0,1200.0,4.0,1,197,1
0.0,1200.0,12.0,1,197,1
0.0,2000.0,8.0,1,197,1
0.0,1800.0,4.0,1,197,1
0.0,800.0,6.0,1,197,1
0.0,1800.0,8.0,1,197,1
0.0,1800.0,2.0,1,197,1
0.0,1600.0,10.0,1,197,1
0.0,1600.0,4.0,1,197,1
0.0,2000.0,10.0,1,197,1
0.0,1000.0,2.0,1,197,1
0.0,800.0,2.0,1,197,1
1.0,1000.0,6.0,1,198,0
1.0,1200.0,6.0,1,198,0
1.0,1400.0,10.0,1,198,0
0.0,1200.0,2.0,1,198,0
1.0,1800.0,6.0,1,198,0
1.0,1600.0,10.0,1,198,0
1.0,1000.0,8.0,1,198,0
1.0,2000.0,8.0,1,198,0
1.0,800.0,4.0,1,198,0
1.0,1400.0,12.0,1,198,0
1.0,1200.0,4.0,1,198,0
1.0,2000.0,4.0,1,198,0
1.0,1800.0,4.0,1,198,0
1.0,800.0,10.0,1,198,0
0.0,800.0,2.0,1,198,0
1.0,1000.0,2.0,1,198,0
0.0,2000.0,6.0,1,198,0
0.0,1000.0,4.0,1,198,0
1.0,2000.0,2.0,1,198,0
1.0,2000.0,10.0,1,198,0
1.0,1600.0,2.0,1,198,0
1.0,800.0,12.0,1,198,0
1.0,1600.0,6.0,1,198,0
1.0,1200.0,12.0,1,198,0
1.0,1800.0,2.0,1,198,0
1.0,1800.0,8.0,1,198,0
1.0,1600.0,4.0,1,198,0
1.0,1400.0,2.0,1,198,0
1.0,1400.0,4.0,1,198,0
0.0,1600.0,12.0,1,198,0
0.0,1800.0,12.0,1,198,0
0.0,1600.0,8.0,1,198,0
0.0,1000.0,10.0,1,198,0
1.0,800.0,8.0,1,198,0
1.0,1000.0,12.0,1,198,0
1.0,1400.0,8.0,1,198,0
1.0,1800.0,10.0,1,198,0
1.0,1200.0,8.0,1,198,0
1.0,1200.0,10.0,1,198,0
1.0,2000.0,12.0,1,198,0
0.0,800.0,6.0,1,198,0
0.0,1400.0,6.0,1,198,0
1.0,1400.0,6.0,0,198,0
0.0,800.0,10.0,0,198,0
1.0,800.0,4.0,0,198,0
1.0,1800.0,6.0,0,198,0
1.0,800.0,8.0,0,198,0
0.0,1800.0,8.0,0,198,0
0.0,1800.0,2.0,0,198,0
1.0,1400.0,12.0,0,198,0
0.0,1200.0,8.0,0,198,0
0.0,1800.0,10.0,0,198,0
0.0,2000.0,4.0,0,198,0
1.0,1000.0,10.0,0,198,0
1.0,1200.0,2.0,0,198,0
1.0,1800.0,12.0,0,198,0
1.0,1600.0,10.0,0,198,0
1.0,1600.0,4.0,0,198,0
1.0,2000.0,8.0,0,198,0
1.0,1600.0,6.0,0,198,0
1.0,2000.0,2.0,0,198,0
1.0,800.0,12.0,0,198,0
1.0,1400.0,10.0,0,198,0
1.0,800.0,6.0,0,198,0
1.0,1600.0,2.0,0,198,0
1.0,1000.0,12.0,0,198,0
0.0,2000.0,6.0,0,198,0
1.0,1400.0,4.0,0,198,0
1.0,1600.0,8.0,0,198,0
1.0,1000.0,6.0,0,198,0
1.0,1000.0,4.0,0,198,0
1.0,1000.0,2.0,0,198,0
0.0,1400.0,8.0,0,198,0
1.0,1200.0,4.0,0,198,0
1.0,1000.0,8.0,0,198,0
1.0,1200.0,6.0,0,198,0
1.0,1400.0,2.0,0,198,0
1.0,1800.0,4.0,0,198,0
0.0,2000.0,10.0,0,198,0
0.0,1200.0,12.0,0,198,0
0.0,2000.0,12.0,0,198,0
0.0,1600.0,12.0,0,198,0
1.0,1200.0,10.0,0,198,0
1.0,800.0,2.0,0,198,0
0.0,1400.0,12.0,0,199,0
1.0,1800.0,4.0,0,199,0
1.0,2000.0,10.0,0,199,0
1.0,1400.0,2.0,0,199,0
1.0,1800.0,8.0,0,199,0
1.0,1600.0,12.0,0,199,0
0.0,800.0,2.0,0,199,0
1.0,1800.0,2.0,0,199,0
1.0,2000.0,6.0,0,199,0
0.0,1000.0,6.0,0,199,0
1.0,2000.0,2.0,0,199,0
0.0,800.0,6.0,0,199,0
1.0,1000.0,4.0,0,199,0
1.0,1400.0,4.0,0,199,0
1.0,1400.0,6.0,0,199,0
0.0,1000.0,8.0,0,199,0
1.0,2000.0,12.0,0,199,0
0.0,1200.0,6.0,0,199,0
0.0,1400.0,10.0,0,199,0
1.0,1800.0,6.0,0,199,0
0.0,800.0,12.0,0,199,0
1.0,2000.0,8.0,0,199,0
0.0,1200.0,10.0,0,199,0
0.0,1200.0,12.0,0,199,0
0.0,1200.0,8.0,0,199,0
0.0,800.0,10.0,0,199,0
1.0,1800.0,10.0,0,199,0
0.0,1000.0,12.0,0,199,0
0.0,1000.0,10.0,0,199,0
0.0,800.0,4.0,0,199,0
1.0,1400.0,8.0,0,199,0
1.0,1600.0,10.0,0,199,0
1.0,2000.0,4.0,0,199,0
1.0,1200.0,4.0,0,199,0
1.0,1600.0,8.0,0,199,0
1.0,1600.0,6.0,0,199,0
0.0,800.0,8.0,0,199,0
1.0,1800.0,12.0,0,199,0
1.0,1000.0,2.0,0,199,0
1.0,1200.0,2.0,0,199,0
1.0,1600.0,4.0,0,199,0
1.0,1600.0,2.0,0,199,0
1.0,1000.0,10.0,1,199,0
1.0,2000.0,12.0,1,199,0
1.0,1400.0,12.0,1,199,0
1.0,1400.0,6.0,1,199,0
1.0,1400.0,8.0,1,199,0
1.0,2000.0,2.0,1,199,0
1.0,1200.0,8.0,1,199,0
0.0,800.0,10.0,1,199,0
1.0,1800.0,10.0,1,199,0
1.0,1000.0,12.0,1,199,0
1.0,1600.0,4.0,1,199,0
0.0,800.0,2.0,1,199,0
0.0,800.0,4.0,1,199,0
1.0,2000.0,8.0,1,199,0
1.0,1200.0,10.0,1,199,0
1.0,1400.0,2.0,1,199,0
1.0,1600.0,6.0,1,199,0
1.0,1600.0,10.0,1,199,0
1.0,2000.0,4.0,1,199,0
1.0,2000.0,10.0,1,199,0
1.0,1000.0,4.0,1,199,0
1.0,1200.0,2.0,1,199,0
0.0,800.0,6.0,1,199,0
1.0,1200.0,6.0,1,199,0
1.0,1800.0,4.0,1,199,0
0.0,1800.0,12.0,1,199,0
1.0,2000.0,6.0,1,199,0
0.0,800.0,8.0,1,199,0
1.0,1000.0,6.0,1,199,0
1.0,1600.0,8.0,1,199,0
1.0,1600.0,12.0,1,199,0
1.0,1800.0,8.0,1,199,0
1.0,1800.0,6.0,1,199,0
1.0,1000.0,8.0,1,199,0
1.0,1400.0,4.0,1,199,0
1.0,1000.0,2.0,1,199,0
1.0,1600.0,2.0,1,199,0
0.0,800.0,12.0,1,199,0
1.0,1400.0,10.0,1,199,0
1.0,1200.0,12.0,1,199,0
1.0,1800.0,2.0,1,199,0
1.0,1200.0,4.0,1,199,0
1.0,1800.0,10.0,0,200,1
1.0,1000.0,8.0,0,200,1
1.0,2000.0,12.0,0,200,1
1.0,1000.0,4.0,0,200,1
1.0,800.0,4.0,0,200,1
1.0,2000.0,2.0,0,200,1
1.0,2000.0,8.0,0,200,1
1.0,800.0,12.0,0,200,1
1.0,1800.0,8.0,0,200,1
1.0,1600.0,10.0,0,200,1
1.0,1600.0,6.0,0,200,1
1.0,1800.0,6.0,0,200,1
1.0,1200.0,10.0,0,200,1
1.0,1000.0,12.0,0,200,1
1.0,1600.0,4.0,0,200,1
1.0,1000.0,2.0,0,200,1
1.0,1400.0,2.0,0,200,1
1.0,1200.0,6.0,0,200,1
1.0,800.0,10.0,0,200,1
1.0,1600.0,8.0,0,200,1
1.0,1000.0,6.0,0,200,1
1.0,1800.0,4.0,0,200,1
1.0,1400.0,6.0,0,200,1
0.0,1600.0,12.0,0,200,1
1.0,2000.0,6.0,0,200,1
0.0,1800.0,12.0,0,200,1
0.0,1400.0,12.0,0,200,1
1.0,1200.0,8.0,0,200,1
1.0,1800.0,2.0,0,200,1
1.0,1400.0,8.0,0,200,1
1.0,1200.0,12.0,0,200,1
1.0,2000.0,4.0,0,200,1
1.0,1400.0,4.0,0,200,1
1.0,1600.0,2.0,0,200,1
1.0,1200.0,2.0,0,200,1
1.0,1000.0,10.0,0,200,1
1.0,1400.0,10.0,0,200,1
1.0,1200.0,4.0,0,200,1
1.0,800.0,2.0,0,200,1
1.0,800.0,8.0,0,200,1
1.0,2000.0,10.0,0,200,1
1.0,800.0,6.0,0,200,1
1.0,1000.0,12.0,1,200,1
1.0,1400.0,12.0,1,200,1
1.0,800.0,12.0,1,200,1
1.0,1000.0,6.0,1,200,1
1.0,1200.0,4.0,1,200,1
1.0,800.0,4.0,1,200,1
1.0,2000.0,12.0,1,200,1
1.0,1600.0,10.0,1,200,1
1.0,1200.0,2.0,1,200,1
1.0,1400.0,2.0,1,200,1
1.0,1200.0,8.0,1,200,1
1.0,1600.0,6.0,1,200,1
1.0,1200.0,10.0,1,200,1
1.0,800.0,8.0,1,200,1
1.0,1600.0,2.0,1,200,1
1.0,1400.0,6.0,1,200,1
1.0,1200.0,12.0,1,200,1
1.0,1600.0,8.0,1,200,1
1.0,1600.0,4.0,1,200,1
1.0,1800.0,12.0,1,200,1
1.0,1400.0,8.0,1,200,1
1.0,1000.0,2.0,1,200,1
1.0,800.0,2.0,1,200,1
1.0,1000.0,4.0,1,200,1
1.0,1600.0,12.0,1,200,1
1.0,1800.0,10.0,1,200,1
1.0,2000.0,10.0,1,200,1
1.0,2000.0,2.0,1,200,1
1.0,1200.0,6.0,1,200,1
1.0,2000.0,4.0,1,200,1
1.0,1000.0,10.0,1,200,1
1.0,800.0,10.0,1,200,1
1.0,1800.0,4.0,1,200,1
1.0,1800.0,8.0,1,200,1
1.0,2000.0,8.0,1,200,1
1.0,800.0,6.0,1,200,1
1.0,1800.0,2.0,1,200,1
1.0,1800.0,6.0,1,200,1
1.0,1000.0,8.0,1,200,1
1.0,1400.0,10.0,1,200,1
1.0,2000.0,6.0,1,200,1
1.0,1400.0,4.0,1,200,1
0.0,1800.0,4.0,1,201,0
0.0,1400.0,2.0,1,201,0
0.0,2000.0,12.0,1,201,0
0.0,1200.0,2.0,1,201,0
0.0,1000.0,4.0,1,201,0
0.0,1200.0,4.0,1,201,0
0.0,2000.0,8.0,1,201,0
0.0,1200.0,8.0,1,201,0
0.0,1800.0,8.0,1,201,0
0.0,1600.0,2.0,1,201,0
0.0,1400.0,4.0,1,201,0
0.0,1800.0,2.0,1,201,0
0.0,2000.0,4.0,1,201,0
0.0,1200.0,6.0,1,201,0
0.0,1600.0,12.0,1,201,0
0.0,2000.0,2.0,1,201,0
0.0,800.0,8.0,1,201,0
0.0,1000.0,2.0,1,201,0
0.0,1200.0,10.0,1,201,0
0.0,800.0,4.0,1,201,0
0.0,1600.0,6.0,1,201,0
0.0,800.0,12.0,1,201,0
0.0,1600.0,4.0,1,201,0
0.0,1400.0,6.0,1,201,0
0.0,2000.0,6.0,1,201,0
0.0,800.0,6.0,1,201,0
0.0,1000.0,6.0,1,201,0
0.0,800.0,10.0,1,201,0
0.0,1400.0,12.0,1,201,0
0.0,1000.0,8.0,1,201,0
0.0,2000.0,10.0,1,201,0
0.0,1000.0,10.0,1,201,0
0.0,1800.0,12.0,1,201,0
0.0,1600.0,8.0,1,201,0
0.0,1000.0,12.0,1,201,0
0.0,800.0,2.0,1,201,0
0.0,1400.0,10.0,1,201,0
0.0,1400.0,8.0,1,201,0
0.0,1600.0,10.0,1,201,0
0.0,1800.0,10.0,1,201,0
0.0,1800.0,6.0,1,201,0
0.0,1200.0,12.0,1,201,0
0.0,1200.0,6.0,0,201,0
0.0,1400.0,2.0,0,201,0
0.0,1200.0,10.0,0,201,0
0.0,1200.0,2.0,0,201,0
0.0,800.0,8.0,0,201,0
0.0,1200.0,12.0,0,201,0
0.0,1400.0,10.0,0,201,0
0.0,1000.0,12.0,0,201,0
0.0,800.0,10.0,0,201,0
0.0,1600.0,12.0,0,201,0
0.0,800.0,6.0,0,201,0
0.0,1000.0,8.0,0,201,0
0.0,800.0,2.0,0,201,0
0.0,2000.0,6.0,0,201,0
0.0,1600.0,6.0,0,201,0
0.0,1600.0,10.0,0,201,0
0.0,2000.0,10.0,0,201,0
0.0,2000.0,2.0,0,201,0
0.0,1200.0,8.0,0,201,0
0.0,1800.0,8.0,0,201,0
0.0,1600.0,8.0,0,201,0
0.0,1000.0,4.0,0,201,0
0.0,1400.0,8.0,0,201,0
0.0,1600.0,2.0,0,201,0
0.0,1200.0,4.0,0,201,0
0.0,1400.0,12.0,0,201,0
0.0,1000.0,10.0,0,201,0
0.0,2000.0,4.0,0,201,0
0.0,1600.0,4.0,0,201,0
0.0,1800.0,10.0,0,201,0
0.0,1000.0,2.0,0,201,0
0.0,800.0,4.0,0,201,0
0.0,1800.0,2.0,0,201,0
0.0,1000.0,6.0,0,201,0
0.0,1800.0,4.0,0,201,0
0.0,1800.0,6.0,0,201,0
0.0,1800.0,12.0,0,201,0
0.0,1400.0,6.0,0,201,0
0.0,1400.0,4.0,0,201,0
0.0,2000.0,12.0,0,201,0
0.0,2000.0,8.0,0,201,0
0.0,800.0,12.0,0,201,0
1.0,1000.0,2.0,0,202,1
1.0,1400.0,4.0,0,202,1
1.0,1400.0,12.0,0,202,1
1.0,1600.0,2.0,0,202,1
1.0,1800.0,10.0,0,202,1
1.0,1800.0,6.0,0,202,1
1.0,1800.0,4.0,0,202,1
1.0,1600.0,10.0,0,202,1
1.0,800.0,10.0,0,202,1
1.0,1200.0,12.0,0,202,1
0.0,2000.0,2.0,0,202,1
1.0,1400.0,10.0,0,202,1
1.0,800.0,2.0,0,202,1
1.0,1200.0,8.0,0,202,1
1.0,1200.0,10.0,0,202,1
1.0,800.0,8.0,0,202,1
1.0,1000.0,10.0,0,202,1
1.0,1600.0,8.0,0,202,1
1.0,1400.0,6.0,0,202,1
1.0,1000.0,8.0,0,202,1
1.0,1200.0,6.0,0,202,1
1.0,800.0,6.0,0,202,1
1.0,1000.0,6.0,0,202,1
1.0,1800.0,8.0,0,202,1
1.0,1400.0,8.0,0,202,1
1.0,2000.0,6.0,0,202,1
1.0,1800.0,12.0,0,202,1
1.0,2000.0,12.0,0,202,1
1.0,1000.0,4.0,0,202,1
1.0,800.0,4.0,0,202,1
1.0,1200.0,4.0,0,202,1
1.0,1600.0,12.0,0,202,1
1.0,2000.0,4.0,0,202,1
1.0,800.0,12.0,0,202,1
1.0,1600.0,6.0,0,202,1
1.0,2000.0,10.0,0,202,1
1.0,1600.0,4.0,0,202,1
1.0,1800.0,2.0,0,202,1
1.0,1400.0,2.0,0,202,1
1.0,1000.0,12.0,0,202,1
1.0,1200.0,2.0,0,202,1
1.0,2000.0,8.0,0,202,1
1.0,1600.0,6.0,1,202,1
1.0,800.0,10.0,1,202,1
1.0,1600.0,8.0,1,202,1
1.0,800.0,8.0,1,202,1
1.0,1800.0,8.0,1,202,1
1.0,1400.0,12.0,1,202,1
1.0,1800.0,6.0,1,202,1
1.0,1400.0,6.0,1,202,1
1.0,1800.0,12.0,1,202,1
1.0,800.0,4.0,1,202,1
1.0,1800.0,2.0,1,202,1
1.0,1400.0,8.0,1,202,1
1.0,1000.0,8.0,1,202,1
1.0,1200.0,2.0,1,202,1
1.0,1000.0,12.0,1,202,1
1.0,1400.0,4.0,1,202,1
1.0,1600.0,12.0,1,202,1
1.0,1000.0,10.0,1,202,1
1.0,1000.0,4.0,1,202,1
1.0,2000.0,2.0,1,202,1
1.0,1000.0,2.0,1,202,1
1.0,1200.0,10.0,1,202,1
1.0,1800.0,4.0,1,202,1
1.0,1000.0,6.0,1,202,1
1.0,1600.0,2.0,1,202,1
1.0,2000.0,10.0,1,202,1
1.0,1200.0,6.0,1,202,1
1.0,2000.0,12.0,1,202,1
1.0,2000.0,4.0,1,202,1
1.0,1400.0,10.0,1,202,1
1.0,1400.0,2.0,1,202,1
1.0,1200.0,12.0,1,202,1
1.0,800.0,6.0,1,202,1
1.0,1800.0,10.0,1,202,1
1.0,1600.0,10.0,1,202,1
1.0,2000.0,6.0,1,202,1
1.0,800.0,2.0,1,202,1
1.0,1600.0,4.0,1,202,1
1.0,1200.0,4.0,1,202,1
1.0,2000.0,8.0,1,202,1
1.0,800.0,12.0,1,202,1
1.0,1200.0,8.0,1,202,1
0.0,2000.0,12.0,1,203,1
0.0,1600.0,6.0,1,203,1
1.0,800.0,2.0,1,203,1
1.0,1600.0,2.0,1,203,1
1.0,1800.0,2.0,1,203,1
0.0,1400.0,12.0,1,203,1
0.0,800.0,6.0,1,203,1
0.0,800.0,8.0,1,203,1
0.0,1400.0,8.0,1,203,1
0.0,1800.0,10.0,1,203,1
1.0,1000.0,4.0,1,203,1
0.0,1800.0,12.0,1,203,1
0.0,1400.0,10.0,1,203,1
1.0,1400.0,2.0,1,203,1
0.0,1200.0,12.0,1,203,1
0.0,800.0,12.0,1,203,1
0.0,1200.0,6.0,1,203,1
0.0,1200.0,10.0,1,203,1
1.0,1400.0,6.0,1,203,1
0.0,1000.0,10.0,1,203,1
0.0,1000.0,6.0,1,203,1
0.0,800.0,10.0,1,203,1
0.0,1000.0,8.0,1,203,1
1.0,1600.0,4.0,1,203,1
1.0,800.0,4.0,1,203,1
0.0,1600.0,10.0,1,203,1
0.0,1600.0,8.0,1,203,1
1.0,1000.0,2.0,1,203,1
0.0,1000.0,12.0,1,203,1
0.0,2000.0,8.0,1,203,1
1.0,1400.0,4.0,1,203,1
1.0,1200.0,4.0,1,203,1
1.0,1200.0,2.0,1,203,1
1.0,1800.0,4.0,1,203,1
0.0,2000.0,10.0,1,203,1
1.0,2000.0,4.0,1,203,1
0.0,1600.0,12.0,1,203,1
0.0,1800.0,8.0,1,203,1
1.0,1800.0,6.0,1,203,1
1.0,2000.0,2.0,1,203,1
1.0,2000.0,6.0,1,203,1
0.0,1200.0,8.0,1,203,1
1.0,1200.0,2.0,0,203,1
0.0,800.0,10.0,0,203,1
0.0,2000.0,12.0,0,203,1
1.0,800.0,4.0,0,203,1
0.0,1000.0,6.0,0,203,1
0.0,1400.0,6.0,0,203,1
0.0,1600.0,8.0,0,203,1
0.0,1800.0,10.0,0,203,1
1.0,1800.0,2.0,0,203,1
1.0,1400.0,2.0,0,203,1
0.0,2000.0,6.0,0,203,1
0.0,1800.0,8.0,0,203,1
0.0,2000.0,10.0,0,203,1
0.0,1200.0,12.0,0,203,1
1.0,1400.0,4.0,0,203,1
1.0,1800.0,4.0,0,203,1
1.0,1600.0,2.0,0,203,1
0.0,1800.0,12.0,0,203,1
0.0,1600.0,6.0,0,203,1
0.0,1600.0,12.0,0,203,1
1.0,2000.0,2.0,0,203,1
0.0,1800.0,6.0,0,203,1
0.0,1000.0,8.0,0,203,1
1.0,1000.0,2.0,0,203,1
0.0,1000.0,10.0,0,203,1
1.0,1600.0,4.0,0,203,1
0.0,1000.0,12.0,0,203,1
0.0,800.0,12.0,0,203,1
0.0,800.0,6.0,0,203,1
1.0,1200.0,4.0,0,203,1
0.0,800.0,8.0,0,203,1
0.0,1400.0,10.0,0,203,1
0.0,1600.0,10.0,0,203,1
1.0,1000.0,4.0,0,203,1
0.0,1200.0,10.0,0,203,1
0.0,2000.0,8.0,0,203,1
1.0,2000.0,4.0,0,203,1
0.0,1400.0,12.0,0,203,1
0.0,1200.0,8.0,0,203,1
0.0,1200.0,6.0,0,203,1
0.0,1400.0,8.0,0,203,1
1.0,800.0,2.0,0,203,1
1.0,1200.0,2.0,0,204,0
1.0,800.0,10.0,0,204,0
1.0,1000.0,8.0,0,204,0
1.0,1800.0,4.0,0,204,0
1.0,1000.0,10.0,0,204,0
1.0,1600.0,2.0,0,204,0
1.0,2000.0,10.0,0,204,0
1.0,800.0,6.0,0,204,0
1.0,2000.0,8.0,0,204,0
1.0,2000.0,12.0,0,204,0
1.0,2000.0,2.0,0,204,0
1.0,1600.0,10.0,0,204,0
1.0,1400.0,8.0,0,204,0
1.0,1600.0,6.0,0,204,0
1.0,1400.0,2.0,0,204,0
1.0,1400.0,4.0,0,204,0
1.0,1000.0,2.0,0,204,0
1.0,1800.0,10.0,0,204,0
1.0,1200.0,4.0,0,204,0
1.0,1200.0,8.0,0,204,0
1.0,1200.0,10.0,0,204,0
1.0,1400.0,12.0,0,204,0
1.0,1400.0,10.0,0,204,0
1.0,1800.0,8.0,0,204,0
1.0,800.0,4.0,0,204,0
1.0,1800.0,2.0,0,204,0
1.0,1200.0,12.0,0,204,0
1.0,1000.0,12.0,0,204,0
1.0,1400.0,6.0,0,204,0
1.0,1600.0,12.0,0,204,0
1.0,1600.0,8.0,0,204,0
1.0,1600.0,4.0,0,204,0
1.0,1200.0,6.0,0,204,0
1.0,2000.0,4.0,0,204,0
1.0,2000.0,6.0,0,204,0
1.0,1800.0,6.0,0,204,0
1.0,1800.0,12.0,0,204,0
1.0,800.0,8.0,0,204,0
1.0,800.0,2.0,0,204,0
1.0,1000.0,6.0,0,204,0
1.0,800.0,12.0,0,204,0
1.0,1000.0,4.0,0,204,0
1.0,1400.0,2.0,1,204,0
1.0,1600.0,4.0,1,204,0
1.0,2000.0,6.0,1,204,0
1.0,800.0,12.0,1,204,0
1.0,1200.0,6.0,1,204,0
1.0,800.0,4.0,1,204,0
1.0,1200.0,12.0,1,204,0
1.0,2000.0,4.0,1,204,0
1.0,1600.0,2.0,1,204,0
1.0,1400.0,6.0,1,204,0
1.0,1600.0,12.0,1,204,0
1.0,1600.0,10.0,1,204,0
1.0,2000.0,10.0,1,204,0
1.0,1400.0,4.0,1,204,0
1.0,1000.0,10.0,1,204,0
1.0,1400.0,8.0,1,204,0
1.0,1400.0,12.0,1,204,0
1.0,800.0,6.0,1,204,0
1.0,1800.0,4.0,1,204,0
1.0,1000.0,6.0,1,204,0
1.0,1400.0,10.0,1,204,0
1.0,800.0,2.0,1,204,0
1.0,1800.0,10.0,1,204,0
1.0,1800.0,8.0,1,204,0
1.0,1800.0,6.0,1,204,0
1.0,1800.0,2.0,1,204,0
1.0,1200.0,2.0,1,204,0
1.0,2000.0,12.0,1,204,0
1.0,800.0,10.0,1,204,0
1.0,800.0,8.0,1,204,0
1.0,1800.0,12.0,1,204,0
1.0,1600.0,6.0,1,204,0
1.0,2000.0,8.0,1,204,0
1.0,1000.0,2.0,1,204,0
1.0,1200.0,4.0,1,204,0
1.0,1000.0,12.0,1,204,0
1.0,1000.0,4.0,1,204,0
1.0,1200.0,8.0,1,204,0
1.0,2000.0,2.0,1,204,0
1.0,1000.0,8.0,1,204,0
1.0,1600.0,8.0,1,204,0
1.0,1200.0,10.0,1,204,0
1.0,800.0,8.0,0,205,0
1.0,800.0,2.0,0,205,0
1.0,1800.0,8.0,0,205,0
1.0,2000.0,4.0,0,205,0
1.0,1600.0,6.0,0,205,0
1.0,1000.0,4.0,0,205,0
1.0,1400.0,12.0,0,205,0
1.0,1400.0,4.0,0,205,0
1.0,1000.0,8.0,0,205,0
1.0,1200.0,4.0,0,205,0
1.0,1800.0,12.0,0,205,0
1.0,800.0,10.0,0,205,0
1.0,1600.0,2.0,0,205,0
1.0,800.0,12.0,0,205,0
1.0,1200.0,8.0,0,205,0
1.0,800.0,4.0,0,205,0
1.0,1600.0,12.0,0,205,0
1.0,1200.0,10.0,0,205,0
1.0,1000.0,2.0,0,205,0
1.0,1600.0,10.0,0,205,0
1.0,1400.0,10.0,0,205,0
1.0,1000.0,10.0,0,205,0
1.0,1800.0,10.0,0,205,0
1.0,1200.0,12.0,0,205,0
1.0,1800.0,2.0,0,205,0
1.0,2000.0,12.0,0,205,0
1.0,1200.0,2.0,0,205,0
1.0,2000.0,8.0,0,205,0
1.0,1800.0,6.0,0,205,0
1.0,1600.0,8.0,0,205,0
1.0,1400.0,6.0,0,205,0
1.0,1000.0,6.0,0,205,0
1.0,1000.0,12.0,0,205,0
1.0,1400.0,8.0,0,205,0
1.0,1600.0,4.0,0,205,0
1.0,1800.0,4.0,0,205,0
1.0,1400.0,2.0,0,205,0
1.0,1200.0,6.0,0,205,0
1.0,2000.0,2.0,0,205,0
1.0,2000.0,10.0,0,205,0
1.0,2000.0,6.0,0,205,0
1.0,800.0,6.0,0,205,0
1.0,1000.0,6.0,1,205,0
1.0,1200.0,6.0,1,205,0
1.0,1000.0,10.0,1,205,0
1.0,1000.0,12.0,1,205,0
1.0,1400.0,4.0,1,205,0
1.0,2000.0,10.0,1,205,0
1.0,1400.0,2.0,1,205,0
1.0,1200.0,12.0,1,205,0
1.0,1600.0,2.0,1,205,0
1.0,2000.0,2.0,1,205,0
1.0,1400.0,12.0,1,205,0
1.0,2000.0,4.0,1,205,0
1.0,1000.0,4.0,1,205,0
1.0,1800.0,10.0,1,205,0
1.0,1200.0,2.0,1,205,0
1.0,2000.0,8.0,1,205,0
1.0,1000.0,8.0,1,205,0
1.0,1800.0,6.0,1,205,0
1.0,800.0,12.0,1,205,0
1.0,800.0,6.0,1,205,0
1.0,1600.0,6.0,1,205,0
1.0,1800.0,12.0,1,205,0
1.0,1600.0,12.0,1,205,0
1.0,1400.0,6.0,1,205,0
1.0,800.0,2.0,1,205,0
1.0,2000.0,12.0,1,205,0
1.0,1800.0,2.0,1,205,0
1.0,800.0,10.0,1,205,0
1.0,2000.0,6.0,1,205,0
1.0,1800.0,8.0,1,205,0
1.0,1600.0,10.0,1,205,0
1.0,1800.0,4.0,1,205,0
1.0,1600.0,4.0,1,205,0
1.0,1400.0,10.0,1,205,0
1.0,1200.0,4.0,1,205,0
1.0,800.0,4.0,1,205,0
1.0,1600.0,8.0,1,205,0
1.0,1200.0,10.0,1,205,0
1.0,1200.0,8.0,1,205,0
1.0,1000.0,2.0,1,205,0
1.0,1400.0,8.0,1,205,0
1.0,800.0,8.0,1,205,0
1.0,800.0,6.0,1,206,1
1.0,1000.0,12.0,1,206,1
1.0,800.0,4.0,1,206,1
1.0,1400.0,12.0,1,206,1
1.0,2000.0,6.0,1,206,1
1.0,1200.0,6.0,1,206,1
1.0,2000.0,4.0,1,206,1
1.0,1000.0,10.0,1,206,1
1.0,1800.0,4.0,1,206,1
1.0,800.0,8.0,1,206,1
1.0,1600.0,6.0,1,206,1
1.0,2000.0,10.0,1,206,1
1.0,1200.0,2.0,1,206,1
1.0,1000.0,6.0,1,206,1
1.0,1600.0,8.0,1,206,1
1.0,1200.0,4.0,1,206,1
1.0,800.0,12.0,1,206,1
1.0,800.0,10.0,1,206,1
1.0,1800.0,12.0,1,206,1
1.0,1200.0,8.0,1,206,1
1.0,1600.0,12.0,1,206,1
1.0,2000.0,2.0,1,206,1
1.0,2000.0,12.0,1,206,1
1.0,1000.0,4.0,1,206,1
1.0,1600.0,10.0,1,206,1
1.0,800.0,2.0,1,206,1
1.0,1800.0,8.0,1,206,1
1.0,1200.0,10.0,1,206,1
1.0,1400.0,2.0,1,206,1
1.0,1000.0,2.0,1,206,1
1.0,2000.0,8.0,1,206,1
1.0,1200.0,12.0,1,206,1
1.0,1800.0,6.0,1,206,1
1.0,1000.0,8.0,1,206,1
1.0,1400.0,4.0,1,206,1
1.0,1600.0,2.0,1,206,1
1.0,1400.0,8.0,1,206,1
1.0,1400.0,10.0,1,206,1
1.0,1800.0,10.0,1,206,1
1.0,1600.0,4.0,1,206,1
1.0,1400.0,6.0,1,206,1
1.0,1800.0,2.0,1,206,1
0.0,1400.0,12.0,0,206,1
1.0,1600.0,6.0,0,206,1
0.0,1600.0,10.0,0,206,1
0.0,800.0,4.0,0,206,1
1.0,1200.0,6.0,0,206,1
1.0,800.0,2.0,0,206,1
0.0,800.0,10.0,0,206,1
0.0,1200.0,10.0,0,206,1
1.0,2000.0,4.0,0,206,1
1.0,1400.0,4.0,0,206,1
1.0,1600.0,4.0,0,206,1
1.0,800.0,6.0,0,206,1
1.0,1400.0,6.0,0,206,1
1.0,2000.0,8.0,0,206,1
0.0,1200.0,8.0,0,206,1
0.0,1800.0,10.0,0,206,1
1.0,2000.0,10.0,0,206,1
1.0,2000.0,6.0,0,206,1
0.0,800.0,8.0,0,206,1
0.0,1800.0,8.0,0,206,1
0.0,800.0,12.0,0,206,1
0.0,1000.0,8.0,0,206,1
1.0,1000.0,4.0,0,206,1
1.0,1800.0,6.0,0,206,1
0.0,1600.0,8.0,0,206,1
0.0,1600.0,12.0,0,206,1
0.0,1200.0,12.0,0,206,1
1.0,2000.0,2.0,0,206,1
1.0,1800.0,2.0,0,206,1
0.0,1800.0,12.0,0,206,1
1.0,1200.0,2.0,0,206,1
1.0,1600.0,2.0,0,206,1
1.0,1000.0,2.0,0,206,1
0.0,1000.0,10.0,0,206,1
0.0,1400.0,10.0,0,206,1
1.0,1000.0,6.0,0,206,1
0.0,1400.0,8.0,0,206,1
1.0,1800.0,4.0,0,206,1
1.0,1400.0,2.0,0,206,1
1.0,1200.0,4.0,0,206,1
0.0,1000.0,12.0,0,206,1
1.0,2000.0,12.0,0,206,1
1.0,1800.0,4.0,1,207,1
0.0,1000.0,10.0,1,207,1
0.0,2000.0,4.0,1,207,1
1.0,1000.0,6.0,1,207,1
0.0,800.0,10.0,1,207,1
1.0,1400.0,10.0,1,207,1
0.0,1000.0,12.0,1,207,1
1.0,1000.0,4.0,1,207,1
1.0,1200.0,6.0,1,207,1
1.0,1600.0,2.0,1,207,1
1.0,1200.0,8.0,1,207,1
1.0,1800.0,8.0,1,207,1
1.0,1600.0,10.0,1,207,1
1.0,1400.0,6.0,1,207,1
1.0,1800.0,2.0,1,207,1
1.0,1000.0,8.0,1,207,1
1.0,800.0,2.0,1,207,1
0.0,1800.0,12.0,1,207,1
1.0,1200.0,10.0,1,207,1
1.0,800.0,4.0,1,207,1
0.0,1400.0,12.0,1,207,1
1.0,1600.0,8.0,1,207,1
0.0,2000.0,2.0,1,207,1
1.0,1000.0,2.0,1,207,1
1.0,1400.0,2.0,1,207,1
1.0,800.0,6.0,1,207,1
1.0,1400.0,8.0,1,207,1
0.0,800.0,12.0,1,207,1
1.0,800.0,8.0,1,207,1
0.0,2000.0,10.0,1,207,1
1.0,1600.0,6.0,1,207,1
1.0,1600.0,4.0,1,207,1
0.0,1600.0,12.0,1,207,1
0.0,2000.0,12.0,1,207,1
1.0,1400.0,4.0,1,207,1
0.0,1200.0,12.0,1,207,1
0.0,2000.0,6.0,1,207,1
0.0,2000.0,8.0,1,207,1
1.0,1200.0,4.0,1,207,1
1.0,1800.0,6.0,1,207,1
1.0,1800.0,10.0,1,207,1
1.0,1200.0,2.0,1,207,1
0.0,2000.0,8.0,0,207,1
1.0,1000.0,4.0,0,207,1
0.0,2000.0,6.0,0,207,1
0.0,800.0,12.0,0,207,1
1.0,1400.0,8.0,0,207,1
1.0,1400.0,2.0,0,207,1
0.0,1600.0,12.0,0,207,1
1.0,1200.0,6.0,0,207,1
1.0,1600.0,8.0,0,207,1
1.0,1800.0,2.0,0,207,1
1.0,1600.0,4.0,0,207,1
1.0,800.0,2.0,0,207,1
1.0,1200.0,4.0,0,207,1
1.0,2000.0,10.0,0,207,1
1.0,1200.0,8.0,0,207,1
1.0,1800.0,8.0,0,207,1
0.0,1000.0,6.0,0,207,1
0.0,1400.0,12.0,0,207,1
1.0,1000.0,8.0,0,207,1
1.0,1000.0,2.0,0,207,1
1.0,1800.0,4.0,0,207,1
1.0,1800.0,10.0,0,207,1
1.0,1600.0,10.0,0,207,1
0.0,800.0,6.0,0,207,1
1.0,2000.0,4.0,0,207,1
0.0,1000.0,10.0,0,207,1
1.0,1400.0,10.0,0,207,1
0.0,1200.0,12.0,0,207,1
0.0,1800.0,12.0,0,207,1
1.0,1800.0,6.0,0,207,1
1.0,1600.0,6.0,0,207,1
1.0,1200.0,2.0,0,207,1
1.0,1400.0,6.0,0,207,1
1.0,1600.0,2.0,0,207,1
1.0,1400.0,4.0,0,207,1
1.0,1200.0,10.0,0,207,1
1.0,800.0,4.0,0,207,1
1.0,2000.0,2.0,0,207,1
0.0,1000.0,12.0,0,207,1
1.0,2000.0,12.0,0,207,1
0.0,800.0,10.0,0,207,1
0.0,800.0,8.0,0,207,1
1.0,1000.0,10.0,1,208,1
1.0,1200.0,2.0,1,208,1
1.0,1600.0,4.0,1,208,1
1.0,1200.0,6.0,1,208,1
1.0,1800.0,6.0,1,208,1
0.0,2000.0,4.0,1,208,1
1.0,1600.0,12.0,1,208,1
1.0,1000.0,6.0,1,208,1
1.0,1000.0,12.0,1,208,1
0.0,2000.0,8.0,1,208,1
1.0,800.0,10.0,1,208,1
1.0,800.0,6.0,1,208,1
0.0,2000.0,2.0,1,208,1
1.0,1600.0,8.0,1,208,1
1.0,1800.0,12.0,1,208,1
1.0,1800.0,8.0,1,208,1
1.0,1200.0,10.0,1,208,1
0.0,2000.0,6.0,1,208,1
1.0,1600.0,2.0,1,208,1
1.0,800.0,4.0,1,208,1
1.0,1200.0,12.0,1,208,1
1.0,1200.0,4.0,1,208,1
1.0,1600.0,6.0,1,208,1
1.0,1400.0,10.0,1,208,1
1.0,1800.0,4.0,1,208,1
0.0,2000.0,10.0,1,208,1
1.0,800.0,2.0,1,208,1
1.0,1000.0,8.0,1,208,1
1.0,1400.0,4.0,1,208,1
1.0,800.0,8.0,1,208,1
1.0,1200.0,8.0,1,208,1
1.0,800.0,12.0,1,208,1
0.0,2000.0,12.0,1,208,1
1.0,1000.0,2.0,1,208,1
1.0,1600.0,10.0,1,208,1
1.0,1000.0,4.0,1,208,1
1.0,1400.0,12.0,1,208,1
1.0,1400.0,6.0,1,208,1
1.0,1400.0,8.0,1,208,1
1.0,1800.0,2.0,1,208,1
1.0,1400.0,2.0,1,208,1
1.0,1800.0,10.0,1,208,1
0.0,2000.0,8.0,0,208,1
0.0,2000.0,6.0,0,208,1
1.0,1000.0,4.0,0,208,1
1.0,1800.0,4.0,0,208,1
1.0,1200.0,10.0,0,208,1
1.0,1000.0,6.0,0,208,1
1.0,1200.0,2.0,0,208,1
1.0,1000.0,12.0,0,208,1
1.0,800.0,12.0,0,208,1
1.0,1200.0,6.0,0,208,1
1.0,1800.0,8.0,0,208,1
1.0,1200.0,8.0,0,208,1
1.0,1000.0,8.0,0,208,1
1.0,1600.0,4.0,0,208,1
0.0,2000.0,10.0,0,208,1
1.0,1400.0,6.0,0,208,1
1.0,1400.0,2.0,0,208,1
0.0,2000.0,12.0,0,208,1
1.0,1400.0,4.0,0,208,1
1.0,1000.0,10.0,0,208,1
1.0,1800.0,6.0,0,208,1
1.0,1200.0,4.0,0,208,1
1.0,1400.0,12.0,0,208,1
1.0,1600.0,8.0,0,208,1
1.0,800.0,8.0,0,208,1
1.0,1800.0,10.0,0,208,1
0.0,2000.0,2.0,0,208,1
0.0,2000.0,4.0,0,208,1
1.0,800.0,2.0,0,208,1
1.0,800.0,4.0,0,208,1
1.0,1400.0,8.0,0,208,1
1.0,800.0,6.0,0,208,1
1.0,1800.0,12.0,0,208,1
1.0,1800.0,2.0,0,208,1
1.0,800.0,10.0,0,208,1
1.0,1000.0,2.0,0,208,1
1.0,1600.0,12.0,0,208,1
1.0,1600.0,2.0,0,208,1
1.0,1600.0,10.0,0,208,1
1.0,1200.0,12.0,0,208,1
1.0,1400.0,10.0,0,208,1
1.0,1600.0,6.0,0,208,1
1.0,1000.0,4.0,1,209,0
1.0,1200.0,12.0,1,209,0
1.0,1000.0,6.0,1,209,0
1.0,800.0,2.0,1,209,0
1.0,1200.0,6.0,1,209,0
1.0,1600.0,4.0,1,209,0
1.0,1400.0,2.0,1,209,0
1.0,1600.0,12.0,1,209,0
1.0,2000.0,2.0,1,209,0
1.0,1800.0,2.0,1,209,0
1.0,1800.0,10.0,1,209,0
1.0,1400.0,4.0,1,209,0
1.0,800.0,8.0,1,209,0
1.0,1400.0,8.0,1,209,0
1.0,1600.0,10.0,1,209,0
1.0,800.0,10.0,1,209,0
1.0,1000.0,12.0,1,209,0
1.0,1200.0,2.0,1,209,0
1.0,1800.0,8.0,1,209,0
1.0,1200.0,4.0,1,209,0
1.0,1000.0,8.0,1,209,0
1.0,1400.0,6.0,1,209,0
1.0,1600.0,2.0,1,209,0
1.0,1600.0,8.0,1,209,0
1.0,1400.0,12.0,1,209,0
1.0,1200.0,8.0,1,209,0
1.0,2000.0,10.0,1,209,0
1.0,800.0,12.0,1,209,0
1.0,1800.0,12.0,1,209,0
1.0,2000.0,12.0,1,209,0
1.0,1800.0,6.0,1,209,0
1.0,1600.0,6.0,1,209,0
1.0,2000.0,8.0,1,209,0
1.0,2000.0,6.0,1,209,0
1.0,2000.0,4.0,1,209,0
1.0,1400.0,10.0,1,209,0
1.0,1000.0,2.0,1,209,0
1.0,1200.0,10.0,1,209,0
1.0,1800.0,4.0,1,209,0
1.0,1000.0,10.0,1,209,0
1.0,800.0,4.0,1,209,0
1.0,800.0,6.0,1,209,0
1.0,1000.0,2.0,0,209,0
1.0,1600.0,8.0,0,209,0
0.0,1800.0,12.0,0,209,0
1.0,1800.0,8.0,0,209,0
1.0,1200.0,4.0,0,209,0
1.0,1600.0,2.0,0,209,0
0.0,1200.0,12.0,0,209,0
1.0,2000.0,4.0,0,209,0
1.0,2000.0,2.0,0,209,0
0.0,1200.0,10.0,0,209,0
0.0,800.0,12.0,0,209,0
0.0,1800.0,10.0,0,209,0
1.0,1800.0,2.0,0,209,0
1.0,2000.0,8.0,0,209,0
1.0,1400.0,2.0,0,209,0
0.0,1400.0,12.0,0,209,0
1.0,1000.0,4.0,0,209,0
1.0,800.0,2.0,0,209,0
1.0,1200.0,2.0,0,209,0
1.0,1400.0,10.0,0,209,0
1.0,1000.0,8.0,0,209,0
0.0,800.0,10.0,0,209,0
0.0,1000.0,10.0,0,209,0
1.0,1800.0,4.0,0,209,0
0.0,1000.0,12.0,0,209,0
1.0,1400.0,4.0,0,209,0
1.0,1200.0,6.0,0,209,0
1.0,800.0,8.0,0,209,0
1.0,1000.0,6.0,0,209,0
1.0,1200.0,8.0,0,209,0
0.0,2000.0,12.0,0,209,0
1.0,2000.0,6.0,0,209,0
1.0,1400.0,6.0,0,209,0
1.0,1600.0,6.0,0,209,0
1.0,800.0,6.0,0,209,0
1.0,800.0,4.0,0,209,0
1.0,1600.0,12.0,0,209,0
1.0,1600.0,10.0,0,209,0
1.0,2000.0,10.0,0,209,0
1.0,1800.0,6.0,0,209,0
1.0,1400.0,8.0,0,209,0
1.0,1600.0,4.0,0,209,0
1.0,1800.0,8.0,0,210,1
1.0,1200.0,4.0,0,210,1
1.0,2000.0,8.0,0,210,1
1.0,800.0,12.0,0,210,1
1.0,1800.0,6.0,0,210,1
1.0,1400.0,6.0,0,210,1
1.0,2000.0,4.0,0,210,1
1.0,2000.0,12.0,0,210,1
1.0,800.0,10.0,0,210,1
1.0,1000.0,4.0,0,210,1
1.0,2000.0,2.0,0,210,1
1.0,1400.0,4.0,0,210,1
1.0,1600.0,2.0,0,210,1
1.0,800.0,4.0,0,210,1
0.0,1400.0,8.0,0,210,1
0.0,800.0,6.0,0,210,1
0.0,1400.0,10.0,0,210,1
1.0,1000.0,6.0,0,210,1
1.0,800.0,2.0,0,210,1
1.0,1600.0,4.0,0,210,1
0.0,1200.0,12.0,0,210,1
1.0,1200.0,2.0,0,210,1
0.0,800.0,8.0,0,210,1
1.0,1800.0,4.0,0,210,1
0.0,1600.0,6.0,0,210,1
0.0,1800.0,10.0,0,210,1
0.0,1400.0,12.0,0,210,1
1.0,1800.0,2.0,0,210,1
0.0,1600.0,10.0,0,210,1
0.0,1000.0,8.0,0,210,1
0.0,1800.0,12.0,0,210,1
1.0,1000.0,2.0,0,210,1
0.0,1600.0,8.0,0,210,1
0.0,1600.0,12.0,0,210,1
0.0,1000.0,10.0,0,210,1
1.0,2000.0,10.0,0,210,1
1.0,1200.0,6.0,0,210,1
1.0,1200.0,8.0,0,210,1
0.0,1200.0,10.0,0,210,1
1.0,1400.0,2.0,0,210,1
1.0,2000.0,6.0,0,210,1
0.0,1000.0,12.0,0,210,1
1.0,1600.0,6.0,1,210,1
1.0,1600.0,2.0,1,210,1
1.0,1800.0,8.0,1,210,1
1.0,800.0,12.0,1,210,1
1.0,1600.0,4.0,1,210,1
1.0,1400.0,10.0,1,210,1
1.0,1400.0,8.0,1,210,1
1.0,2000.0,12.0,1,210,1
1.0,1000.0,4.0,1,210,1
1.0,1200.0,8.0,1,210,1
1.0,1400.0,4.0,1,210,1
0.0,1000.0,10.0,1,210,1
1.0,1800.0,4.0,1,210,1
1.0,2000.0,2.0,1,210,1
0.0,1800.0,10.0,1,210,1
0.0,1200.0,12.0,1,210,1
1.0,800.0,6.0,1,210,1
1.0,800.0,4.0,1,210,1
0.0,800.0,10.0,1,210,1
1.0,1600.0,8.0,1,210,1
1.0,2000.0,8.0,1,210,1
0.0,1600.0,10.0,1,210,1
1.0,800.0,2.0,1,210,1
1.0,2000.0,6.0,1,210,1
1.0,1400.0,2.0,1,210,1
0.0,800.0,8.0,1,210,1
1.0,2000.0,4.0,1,210,1
1.0,1200.0,6.0,1,210,1
1.0,1400.0,6.0,1,210,1
1.0,2000.0,10.0,1,210,1
0.0,1200.0,10.0,1,210,1
1.0,1800.0,2.0,1,210,1
0.0,1600.0,12.0,1,210,1
1.0,1800.0,6.0,1,210,1
0.0,1000.0,12.0,1,210,1
1.0,1000.0,2.0,1,210,1
0.0,1800.0,12.0,1,210,1
1.0,1000.0,6.0,1,210,1
1.0,1200.0,4.0,1,210,1
1.0,1200.0,2.0,1,210,1
0.0,1400.0,12.0,1,210,1
0.0,1000.0,8.0,1,210,1
1.0,1400.0,10.0,0,211,1
0.0,1400.0,4.0,0,211,1
1.0,800.0,12.0,0,211,1
1.0,1200.0,6.0,0,211,1
1.0,1200.0,10.0,0,211,1
0.0,1400.0,6.0,0,211,1
1.0,1200.0,12.0,0,211,1
0.0,1000.0,4.0,0,211,1
0.0,1800.0,10.0,0,211,1
0.0,1800.0,6.0,0,211,1
0.0,2000.0,10.0,0,211,1
0.0,1600.0,12.0,0,211,1
0.0,1400.0,12.0,0,211,1
1.0,800.0,4.0,0,211,1
1.0,1000.0,6.0,0,211,1
0.0,2000.0,4.0,0,211,1
0.0,1000.0,8.0,0,211,1
1.0,1000.0,2.0,0,211,1
0.0,800.0,6.0,0,211,1
1.0,1600.0,4.0,0,211,1
0.0,1800.0,8.0,0,211,1
0.0,2000.0,6.0,0,211,1
0.0,1800.0,12.0,0,211,1
0.0,1600.0,10.0,0,211,1
1.0,1600.0,2.0,0,211,1
0.0,1600.0,8.0,0,211,1
1.0,1200.0,4.0,0,211,1
1.0,1800.0,2.0,0,211,1
1.0,1800.0,4.0,0,211,1
0.0,2000.0,12.0,0,211,1
0.0,1000.0,12.0,0,211,1
0.0,1400.0,8.0,0,211,1
1.0,1200.0,2.0,0,211,1
0.0,1600.0,6.0,0,211,1
0.0,1200.0,8.0,0,211,1
0.0,1000.0,10.0,0,211,1
0.0,800.0,8.0,0,211,1
1.0,800.0,2.0,0,211,1
1.0,1400.0,2.0,0,211,1
0.0,2000.0,8.0,0,211,1
0.0,2000.0,2.0,0,211,1
0.0,800.0,10.0,0,211,1
1.0,800.0,10.0,1,211,1
1.0,1200.0,4.0,1,211,1
1.0,1600.0,12.0,1,211,1
1.0,1800.0,6.0,1,211,1
1.0,2000.0,2.0,1,211,1
1.0,1400.0,4.0,1,211,1
1.0,1600.0,8.0,1,211,1
1.0,2000.0,12.0,1,211,1
1.0,1800.0,2.0,1,211,1
1.0,1600.0,2.0,1,211,1
1.0,1000.0,4.0,1,211,1
1.0,1600.0,10.0,1,211,1
1.0,1800.0,12.0,1,211,1
1.0,1400.0,2.0,1,211,1
1.0,2000.0,8.0,1,211,1
1.0,1400.0,10.0,1,211,1
1.0,800.0,2.0,1,211,1
1.0,1400.0,8.0,1,211,1
1.0,1200.0,12.0,1,211,1
1.0,1800.0,10.0,1,211,1
1.0,800.0,8.0,1,211,1
1.0,800.0,4.0,1,211,1
1.0,1000.0,6.0,1,211,1
1.0,1200.0,10.0,1,211,1
1.0,2000.0,10.0,1,211,1
1.0,1000.0,2.0,1,211,1
1.0,1000.0,12.0,1,211,1
1.0,1000.0,8.0,1,211,1
1.0,1200.0,8.0,1,211,1
1.0,800.0,12.0,1,211,1
1.0,1600.0,4.0,1,211,1
1.0,1000.0,10.0,1,211,1
1.0,800.0,6.0,1,211,1
1.0,1400.0,12.0,1,211,1
1.0,2000.0,4.0,1,211,1
1.0,2000.0,6.0,1,211,1
1.0,1200.0,2.0,1,211,1
1.0,1800.0,8.0,1,211,1
1.0,1800.0,4.0,1,211,1
1.0,1200.0,6.0,1,211,1
1.0,1400.0,6.0,1,211,1
1.0,1600.0,6.0,1,211,1
1.0,1400.0,4.0,1,212,1
1.0,2000.0,2.0,1,212,1
1.0,800.0,2.0,1,212,1
0.0,1400.0,6.0,1,212,1
0.0,800.0,10.0,1,212,1
1.0,1200.0,4.0,1,212,1
1.0,1600.0,2.0,1,212,1
0.0,2000.0,6.0,1,212,1
0.0,800.0,8.0,1,212,1
1.0,1000.0,4.0,1,212,1
0.0,800.0,6.0,1,212,1
1.0,1400.0,2.0,1,212,1
0.0,800.0,12.0,1,212,1
0.0,1200.0,8.0,1,212,1
0.0,2000.0,4.0,1,212,1
0.0,1800.0,8.0,1,212,1
0.0,1200.0,10.0,1,212,1
0.0,1000.0,6.0,1,212,1
0.0,1800.0,12.0,1,212,1
0.0,1600.0,8.0,1,212,1
1.0,800.0,4.0,1,212,1
1.0,1200.0,2.0,1,212,1
0.0,2000.0,8.0,1,212,1
0.0,2000.0,12.0,1,212,1
0.0,1200.0,6.0,1,212,1
1.0,1000.0,2.0,1,212,1
0.0,1000.0,10.0,1,212,1
0.0,1800.0,10.0,1,212,1
0.0,1800.0,6.0,1,212,1
1.0,1800.0,2.0,1,212,1
1.0,1800.0,4.0,1,212,1
0.0,1000.0,8.0,1,212,1
0.0,1600.0,6.0,1,212,1
0.0,1600.0,12.0,1,212,1
0.0,1400.0,12.0,1,212,1
0.0,2000.0,10.0,1,212,1
0.0,1600.0,10.0,1,212,1
1.0,1600.0,4.0,1,212,1
0.0,1000.0,12.0,1,212,1
0.0,1200.0,12.0,1,212,1
0.0,1400.0,8.0,1,212,1
0.0,1400.0,10.0,1,212,1
0.0,1000.0,4.0,0,212,1
0.0,800.0,8.0,0,212,1
0.0,800.0,6.0,0,212,1
0.0,1400.0,12.0,0,212,1
0.0,2000.0,8.0,0,212,1
1.0,1600.0,2.0,0,212,1
0.0,1200.0,12.0,0,212,1
0.0,1800.0,8.0,0,212,1
0.0,1000.0,12.0,0,212,1
0.0,800.0,4.0,0,212,1
0.0,1200.0,8.0,0,212,1
0.0,1600.0,12.0,0,212,1
1.0,1400.0,2.0,0,212,1
0.0,800.0,12.0,0,212,1
0.0,1200.0,4.0,0,212,1
0.0,1800.0,12.0,0,212,1
0.0,800.0,10.0,0,212,1
0.0,1800.0,6.0,0,212,1
0.0,1400.0,8.0,0,212,1
0.0,1600.0,10.0,0,212,1
1.0,1800.0,2.0,0,212,1
0.0,1400.0,4.0,0,212,1
1.0,2000.0,6.0,0,212,1
1.0,2000.0,4.0,0,212,1
0.0,1000.0,6.0,0,212,1
0.0,1600.0,4.0,0,212,1
0.0,2000.0,10.0,0,212,1
0.0,1800.0,10.0,0,212,1
0.0,1200.0,10.0,0,212,1
1.0,2000.0,2.0,0,212,1
0.0,1400.0,6.0,0,212,1
0.0,1600.0,8.0,0,212,1
0.0,1600.0,6.0,0,212,1
0.0,1200.0,6.0,0,212,1
1.0,1200.0,2.0,0,212,1
1.0,800.0,2.0,0,212,1
0.0,1000.0,8.0,0,212,1
1.0,1800.0,4.0,0,212,1
0.0,1400.0,10.0,0,212,1
0.0,2000.0,12.0,0,212,1
1.0,1000.0,2.0,0,212,1
0.0,1000.0,10.0,0,212,1
1.0,1200.0,6.0,1,213,0
1.0,1600.0,12.0,1,213,0
1.0,1200.0,2.0,1,213,0
1.0,1800.0,10.0,1,213,0
1.0,2000.0,8.0,1,213,0
1.0,1400.0,4.0,1,213,0
1.0,1400.0,2.0,1,213,0
1.0,1800.0,8.0,1,213,0
1.0,800.0,4.0,1,213,0
0.0,1800.0,12.0,1,213,0
0.0,1400.0,12.0,1,213,0
1.0,1600.0,8.0,1,213,0
1.0,1000.0,6.0,1,213,0
1.0,1000.0,4.0,1,213,0
1.0,800.0,2.0,1,213,0
0.0,1200.0,12.0,1,213,0
1.0,1800.0,6.0,1,213,0
1.0,800.0,8.0,1,213,0
0.0,800.0,12.0,1,213,0
1.0,800.0,10.0,1,213,0
1.0,1000.0,8.0,1,213,0
1.0,2000.0,6.0,1,213,0
1.0,1600.0,4.0,1,213,0
1.0,1200.0,10.0,1,213,0
1.0,1000.0,2.0,1,213,0
1.0,2000.0,4.0,1,213,0
1.0,2000.0,2.0,1,213,0
1.0,1400.0,8.0,1,213,0
0.0,2000.0,12.0,1,213,0
1.0,1400.0,6.0,1,213,0
1.0,1200.0,4.0,1,213,0
1.0,1200.0,8.0,1,213,0
0.0,1000.0,12.0,1,213,0
1.0,1600.0,2.0,1,213,0
1.0,800.0,6.0,1,213,0
1.0,1600.0,10.0,1,213,0
1.0,2000.0,10.0,1,213,0
1.0,1000.0,10.0,1,213,0
1.0,1800.0,2.0,1,213,0
1.0,1600.0,6.0,1,213,0
1.0,1800.0,4.0,1,213,0
1.0,1400.0,10.0,1,213,0
1.0,1600.0,4.0,0,213,0
1.0,800.0,4.0,0,213,0
1.0,1400.0,8.0,0,213,0
1.0,1200.0,4.0,0,213,0
1.0,2000.0,2.0,0,213,0
1.0,1800.0,6.0,0,213,0
1.0,1400.0,10.0,0,213,0
0.0,1400.0,12.0,0,213,0
1.0,1000.0,6.0,0,213,0
0.0,1200.0,12.0,0,213,0
1.0,1800.0,4.0,0,213,0
1.0,1400.0,6.0,0,213,0
1.0,2000.0,12.0,0,213,0
1.0,2000.0,10.0,0,213,0
1.0,1800.0,12.0,0,213,0
1.0,1600.0,8.0,0,213,0
0.0,1000.0,12.0,0,213,0
0.0,800.0,10.0,0,213,0
1.0,1600.0,2.0,0,213,0
0.0,1000.0,10.0,0,213,0
1.0,1000.0,2.0,0,213,0
1.0,800.0,6.0,0,213,0
1.0,1600.0,10.0,0,213,0
1.0,1800.0,8.0,0,213,0
1.0,1400.0,2.0,0,213,0
1.0,1000.0,4.0,0,213,0
1.0,1400.0,4.0,0,213,0
1.0,1200.0,8.0,0,213,0
1.0,1800.0,10.0,0,213,0
0.0,800.0,12.0,0,213,0
1.0,1000.0,8.0,0,213,0
1.0,800.0,8.0,0,213,0
1.0,2000.0,6.0,0,213,0
1.0,1800.0,2.0,0,213,0
1.0,1200.0,2.0,0,213,0
1.0,1600.0,6.0,0,213,0
1.0,2000.0,4.0,0,213,0
1.0,1200.0,6.0,0,213,0
1.0,1600.0,12.0,0,213,0
1.0,800.0,2.0,0,213,0
1.0,2000.0,8.0,0,213,0
1.0,1200.0,10.0,0,213,0
1.0,1400.0,8.0,1,214,0
0.0,1600.0,6.0,1,214,0
0.0,1000.0,10.0,1,214,0
0.0,1000.0,6.0,1,214,0
0.0,1600.0,12.0,1,214,0
1.0,2000.0,8.0,1,214,0
0.0,1400.0,6.0,1,214,0
1.0,2000.0,10.0,1,214,0
0.0,1600.0,2.0,1,214,0
0.0,800.0,4.0,1,214,0
1.0,2000.0,12.0,1,214,0
0.0,1600.0,8.0,1,214,0
0.0,800.0,6.0,1,214,0
0.0,800.0,12.0,1,214,0
0.0,1000.0,4.0,1,214,0
1.0,1400.0,2.0,1,214,0
0.0,1200.0,6.0,1,214,0
1.0,1400.0,10.0,1,214,0
1.0,1800.0,8.0,1,214,0
1.0,2000.0,6.0,1,214,0
1.0,1800.0,6.0,1,214,0
1.0,1800.0,4.0,1,214,0
1.0,1800.0,2.0,1,214,0
0.0,1000.0,8.0,1,214,0
0.0,1200.0,10.0,1,214,0
1.0,1200.0,4.0,1,214,0
1.0,1800.0,10.0,1,214,0
1.0,1200.0,2.0,1,214,0
0.0,1400.0,12.0,1,214,0
1.0,2000.0,2.0,1,214,0
1.0,1000.0,2.0,1,214,0
0.0,1200.0,12.0,1,214,0
0.0,1000.0,12.0,1,214,0
1.0,1800.0,12.0,1,214,0
0.0,800.0,2.0,1,214,0
0.0,800.0,10.0,1,214,0
0.0,800.0,8.0,1,214,0
1.0,1200.0,8.0,1,214,0
1.0,1400.0,4.0,1,214,0
1.0,2000.0,4.0,1,214,0
1.0,1600.0,4.0,1,214,0
0.0,1600.0,10.0,1,214,0
1.0,1800.0,8.0,0,214,0
1.0,1000.0,6.0,0,214,0
1.0,1200.0,4.0,0,214,0
1.0,1400.0,12.0,0,214,0
1.0,1600.0,4.0,0,214,0
0.0,800.0,12.0,0,214,0
0.0,800.0,8.0,0,214,0
1.0,1400.0,8.0,0,214,0
1.0,2000.0,2.0,0,214,0
1.0,1600.0,12.0,0,214,0
1.0,1200.0,10.0,0,214,0
1.0,1800.0,10.0,0,214,0
1.0,1600.0,8.0,0,214,0
0.0,800.0,2.0,0,214,0
0.0,1000.0,8.0,0,214,0
1.0,2000.0,8.0,0,214,0
1.0,1800.0,4.0,0,214,0
0.0,800.0,10.0,0,214,0
1.0,1200.0,6.0,0,214,0
1.0,1000.0,4.0,0,214,0
1.0,1600.0,10.0,0,214,0
1.0,2000.0,12.0,0,214,0
1.0,1000.0,12.0,0,214,0
1.0,1800.0,12.0,0,214,0
1.0,1000.0,10.0,0,214,0
1.0,1200.0,8.0,0,214,0
1.0,2000.0,6.0,0,214,0
1.0,1600.0,6.0,0,214,0
0.0,800.0,4.0,0,214,0
1.0,1600.0,2.0,0,214,0
1.0,1400.0,4.0,0,214,0
1.0,1000.0,2.0,0,214,0
1.0,2000.0,10.0,0,214,0
1.0,1800.0,6.0,0,214,0
1.0,1400.0,10.0,0,214,0
1.0,800.0,6.0,0,214,0
1.0,1200.0,2.0,0,214,0
1.0,2000.0,4.0,0,214,0
1.0,1400.0,2.0,0,214,0
1.0,1800.0,2.0,0,214,0
1.0,1400.0,6.0,0,214,0
1.0,1200.0,12.0,0,214,0
1.0,800.0,10.0,0,215,1
1.0,1800.0,8.0,0,215,1
1.0,1800.0,6.0,0,215,1
1.0,2000.0,8.0,0,215,1
1.0,1200.0,6.0,0,215,1
1.0,1200.0,10.0,0,215,1
1.0,1800.0,4.0,0,215,1
1.0,1400.0,8.0,0,215,1
1.0,1200.0,12.0,0,215,1
1.0,1400.0,4.0,0,215,1
1.0,1400.0,10.0,0,215,1
1.0,1800.0,10.0,0,215,1
1.0,2000.0,2.0,0,215,1
1.0,1400.0,12.0,0,215,1
1.0,1400.0,6.0,0,215,1
1.0,1600.0,6.0,0,215,1
1.0,2000.0,12.0,0,215,1
1.0,1000.0,4.0,0,215,1
1.0,1600.0,2.0,0,215,1
1.0,1800.0,12.0,0,215,1
1.0,800.0,6.0,0,215,1
1.0,1200.0,8.0,0,215,1
1.0,1000.0,10.0,0,215,1
1.0,1600.0,10.0,0,215,1
1.0,2000.0,4.0,0,215,1
1.0,1600.0,8.0,0,215,1
1.0,2000.0,10.0,0,215,1
1.0,1200.0,2.0,0,215,1
1.0,1800.0,2.0,0,215,1
1.0,1000.0,6.0,0,215,1
1.0,1400.0,2.0,0,215,1
1.0,800.0,8.0,0,215,1
1.0,1600.0,12.0,0,215,1
1.0,1200.0,4.0,0,215,1
1.0,1000.0,8.0,0,215,1
1.0,800.0,12.0,0,215,1
1.0,1600.0,4.0,0,215,1
1.0,2000.0,6.0,0,215,1
1.0,800.0,4.0,0,215,1
1.0,1000.0,12.0,0,215,1
1.0,800.0,2.0,0,215,1
1.0,1000.0,2.0,0,215,1
1.0,2000.0,4.0,1,215,1
1.0,1800.0,10.0,1,215,1
1.0,1600.0,10.0,1,215,1
1.0,2000.0,6.0,1,215,1
1.0,1600.0,8.0,1,215,1
1.0,1400.0,2.0,1,215,1
1.0,2000.0,8.0,1,215,1
1.0,1800.0,12.0,1,215,1
1.0,1800.0,4.0,1,215,1
1.0,1800.0,8.0,1,215,1
1.0,1400.0,10.0,1,215,1
1.0,2000.0,12.0,1,215,1
0.0,800.0,12.0,1,215,1
1.0,1600.0,2.0,1,215,1
1.0,1400.0,8.0,1,215,1
1.0,1000.0,4.0,1,215,1
1.0,1400.0,12.0,1,215,1
1.0,1000.0,2.0,1,215,1
1.0,800.0,2.0,1,215,1
1.0,1200.0,4.0,1,215,1
1.0,2000.0,10.0,1,215,1
1.0,1400.0,6.0,1,215,1
1.0,1600.0,4.0,1,215,1
1.0,1800.0,6.0,1,215,1
1.0,1200.0,8.0,1,215,1
1.0,1200.0,10.0,1,215,1
1.0,1400.0,4.0,1,215,1
1.0,800.0,4.0,1,215,1
1.0,1600.0,12.0,1,215,1
1.0,800.0,6.0,1,215,1
1.0,800.0,10.0,1,215,1
1.0,1000.0,12.0,1,215,1
1.0,1000.0,10.0,1,215,1
1.0,1200.0,6.0,1,215,1
1.0,1800.0,2.0,1,215,1
1.0,800.0,8.0,1,215,1
1.0,1200.0,2.0,1,215,1
1.0,1000.0,6.0,1,215,1
1.0,1000.0,8.0,1,215,1
1.0,1600.0,6.0,1,215,1
1.0,1200.0,12.0,1,215,1
1.0,2000.0,2.0,1,215,1
1.0,1800.0,12.0,1,216,0
1.0,1200.0,6.0,1,216,0
0.0,800.0,6.0,1,216,0
1.0,1600.0,2.0,1,216,0
1.0,1800.0,4.0,1,216,0
0.0,1400.0,12.0,1,216,0
1.0,1200.0,4.0,1,216,0
0.0,800.0,8.0,1,216,0
0.0,1000.0,2.0,1,216,0
1.0,2000.0,12.0,1,216,0
1.0,2000.0,8.0,1,216,0
0.0,1000.0,10.0,1,216,0
1.0,1400.0,6.0,1,216,0
1.0,1800.0,6.0,1,216,0
1.0,1400.0,10.0,1,216,0
1.0,1800.0,2.0,1,216,0
0.0,800.0,10.0,1,216,0
1.0,1200.0,2.0,1,216,0
1.0,1400.0,4.0,1,216,0
1.0,1000.0,4.0,1,216,0
1.0,1600.0,8.0,1,216,0
1.0,1000.0,8.0,1,216,0
1.0,1200.0,8.0,1,216,0
1.0,2000.0,6.0,1,216,0
0.0,800.0,4.0,1,216,0
1.0,2000.0,4.0,1,216,0
0.0,1600.0,10.0,1,216,0
1.0,1400.0,8.0,1,216,0
1.0,1600.0,6.0,1,216,0
1.0,1400.0,2.0,1,216,0
0.0,1600.0,12.0,1,216,0
1.0,1800.0,10.0,1,216,0
0.0,1000.0,12.0,1,216,0
1.0,1600.0,4.0,1,216,0
0.0,800.0,2.0,1,216,0
1.0,1000.0,6.0,1,216,0
0.0,800.0,12.0,1,216,0
1.0,1800.0,8.0,1,216,0
1.0,2000.0,2.0,1,216,0
1.0,2000.0,10.0,1,216,0
0.0,1200.0,12.0,1,216,0
0.0,1200.0,10.0,1,216,0
1.0,1400.0,10.0,0,216,0
1.0,1200.0,6.0,0,216,0
1.0,1800.0,10.0,0,216,0
1.0,1600.0,8.0,0,216,0
0.0,1800.0,12.0,0,216,0
0.0,1600.0,10.0,0,216,0
0.0,1000.0,8.0,0,216,0
0.0,800.0,12.0,0,216,0
1.0,1800.0,2.0,0,216,0
1.0,1200.0,4.0,0,216,0
1.0,1800.0,4.0,0,216,0
1.0,1000.0,6.0,0,216,0
1.0,2000.0,8.0,0,216,0
1.0,1200.0,10.0,0,216,0
0.0,800.0,6.0,0,216,0
1.0,2000.0,4.0,0,216,0
0.0,1600.0,12.0,0,216,0
1.0,1600.0,4.0,0,216,0
0.0,1200.0,12.0,0,216,0
1.0,1200.0,2.0,0,216,0
0.0,1000.0,12.0,0,216,0
1.0,1000.0,2.0,0,216,0
0.0,800.0,10.0,0,216,0
0.0,1000.0,10.0,0,216,0
1.0,1400.0,8.0,0,216,0
1.0,1400.0,4.0,0,216,0
1.0,1400.0,2.0,0,216,0
0.0,1000.0,4.0,0,216,0
1.0,2000.0,2.0,0,216,0
0.0,800.0,4.0,0,216,0
0.0,800.0,2.0,0,216,0
1.0,2000.0,6.0,0,216,0
1.0,1200.0,8.0,0,216,0
1.0,1800.0,8.0,0,216,0
1.0,2000.0,10.0,0,216,0
1.0,1400.0,6.0,0,216,0
1.0,1800.0,6.0,0,216,0
0.0,800.0,8.0,0,216,0
1.0,1600.0,6.0,0,216,0
1.0,2000.0,12.0,0,216,0
0.0,1400.0,12.0,0,216,0
1.0,1600.0,2.0,0,216,0
1.0,1400.0,12.0,1,217,1
1.0,1000.0,8.0,1,217,1
0.0,800.0,12.0,1,217,1
1.0,1800.0,4.0,1,217,1
0.0,2000.0,10.0,1,217,1
1.0,1000.0,2.0,1,217,1
1.0,1600.0,10.0,1,217,1
1.0,1800.0,2.0,1,217,1
1.0,1600.0,2.0,1,217,1
0.0,800.0,4.0,1,217,1
1.0,1200.0,4.0,1,217,1
0.0,1000.0,12.0,1,217,1
1.0,800.0,2.0,1,217,1
1.0,1800.0,6.0,1,217,1
0.0,2000.0,12.0,1,217,1
1.0,1400.0,4.0,1,217,1
1.0,1400.0,8.0,1,217,1
1.0,1800.0,10.0,1,217,1
1.0,1200.0,6.0,1,217,1
0.0,800.0,10.0,1,217,1
1.0,1600.0,6.0,1,217,1
1.0,1200.0,2.0,1,217,1
1.0,1600.0,4.0,1,217,1
0.0,800.0,8.0,1,217,1
1.0,1800.0,12.0,1,217,1
0.0,1200.0,12.0,1,217,1
1.0,1000.0,4.0,1,217,1
1.0,1000.0,10.0,1,217,1
0.0,2000.0,6.0,1,217,1
1.0,1200.0,10.0,1,217,1
1.0,1400.0,10.0,1,217,1
0.0,2000.0,2.0,1,217,1
1.0,1600.0,12.0,1,217,1
0.0,2000.0,8.0,1,217,1
1.0,1600.0,8.0,1,217,1
1.0,1200.0,8.0,1,217,1
1.0,1400.0,6.0,1,217,1
1.0,1000.0,6.0,1,217,1
1.0,1800.0,8.0,1,217,1
1.0,1400.0,2.0,1,217,1
0.0,800.0,6.0,1,217,1
0.0,2000.0,4.0,1,217,1
0.0,2000.0,10.0,0,217,1
0.0,1000.0,4.0,0,217,1
1.0,1600.0,4.0,0,217,1
1.0,1400.0,6.0,0,217,1
0.0,800.0,12.0,0,217,1
1.0,1600.0,8.0,0,217,1
1.0,800.0,2.0,0,217,1
0.0,2000.0,2.0,0,217,1
0.0,1200.0,12.0,0,217,1
1.0,1200.0,8.0,0,217,1
1.0,800.0,8.0,0,217,1
1.0,1800.0,4.0,0,217,1
1.0,1000.0,2.0,0,217,1
1.0,800.0,6.0,0,217,1
1.0,1600.0,6.0,0,217,1
1.0,1400.0,4.0,0,217,1
1.0,1200.0,4.0,0,217,1
1.0,1200.0,2.0,0,217,1
1.0,1000.0,6.0,0,217,1
1.0,800.0,10.0,0,217,1
1.0,1400.0,10.0,0,217,1
1.0,1800.0,6.0,0,217,1
0.0,1000.0,12.0,0,217,1
1.0,1400.0,8.0,0,217,1
1.0,1400.0,2.0,0,217,1
0.0,2000.0,8.0,0,217,1
1.0,1200.0,6.0,0,217,1
1.0,800.0,4.0,0,217,1
1.0,1800.0,8.0,0,217,1
1.0,1000.0,10.0,0,217,1
0.0,1600.0,12.0,0,217,1
1.0,1800.0,10.0,0,217,1
1.0,1600.0,10.0,0,217,1
1.0,1600.0,2.0,0,217,1
0.0,1400.0,12.0,0,217,1
0.0,2000.0,6.0,0,217,1
0.0,2000.0,12.0,0,217,1
0.0,2000.0,4.0,0,217,1
1.0,1200.0,10.0,0,217,1
1.0,1800.0,2.0,0,217,1
1.0,1000.0,8.0,0,217,1
0.0,1800.0,12.0,0,217,1
1.0,800.0,2.0,0,218,1
0.0,1800.0,12.0,0,218,1
1.0,800.0,12.0,0,218,1
1.0,1200.0,12.0,0,218,1
0.0,1800.0,2.0,0,218,1
1.0,800.0,8.0,0,218,1
0.0,1800.0,6.0,0,218,1
1.0,1000.0,8.0,0,218,1
1.0,1400.0,12.0,0,218,1
1.0,1000.0,2.0,0,218,1
0.0,2000.0,8.0,0,218,1
1.0,800.0,6.0,0,218,1
1.0,1000.0,12.0,0,218,1
1.0,1600.0,8.0,0,218,1
1.0,1000.0,4.0,0,218,1
1.0,1600.0,4.0,0,218,1
0.0,2000.0,10.0,0,218,1
1.0,1200.0,6.0,0,218,1
1.0,1600.0,10.0,0,218,1
1.0,1600.0,6.0,0,218,1
1.0,800.0,10.0,0,218,1
1.0,1200.0,10.0,0,218,1
1.0,1000.0,10.0,0,218,1
1.0,1800.0,8.0,0,218,1
1.0,2000.0,12.0,0,218,1
1.0,1200.0,4.0,0,218,1
1.0,1800.0,4.0,0,218,1
1.0,1400.0,6.0,0,218,1
1.0,800.0,4.0,0,218,1
1.0,2000.0,2.0,0,218,1
1.0,1400.0,10.0,0,218,1
1.0,1800.0,10.0,0,218,1
1.0,1200.0,8.0,0,218,1
1.0,1600.0,2.0,0,218,1
1.0,1600.0,12.0,0,218,1
1.0,1400.0,8.0,0,218,1
1.0,1400.0,2.0,0,218,1
1.0,2000.0,6.0,0,218,1
1.0,1000.0,6.0,0,218,1
1.0,2000.0,4.0,0,218,1
1.0,1200.0,2.0,0,218,1
1.0,1400.0,4.0,0,218,1
1.0,1600.0,6.0,1,218,1
1.0,2000.0,6.0,1,218,1
1.0,1600.0,4.0,1,218,1
1.0,1000.0,2.0,1,218,1
1.0,1800.0,12.0,1,218,1
1.0,1000.0,10.0,1,218,1
1.0,1400.0,8.0,1,218,1
1.0,1400.0,6.0,1,218,1
1.0,1800.0,8.0,1,218,1
1.0,1200.0,8.0,1,218,1
1.0,1400.0,4.0,1,218,1
1.0,800.0,10.0,1,218,1
1.0,1200.0,4.0,1,218,1
1.0,1400.0,2.0,1,218,1
1.0,1000.0,4.0,1,218,1
1.0,2000.0,8.0,1,218,1
1.0,1000.0,6.0,1,218,1
1.0,800.0,8.0,1,218,1
1.0,1400.0,10.0,1,218,1
1.0,1600.0,2.0,1,218,1
1.0,1600.0,10.0,1,218,1
1.0,2000.0,4.0,1,218,1
1.0,1800.0,6.0,1,218,1
1.0,1800.0,4.0,1,218,1
1.0,2000.0,12.0,1,218,1
1.0,1200.0,6.0,1,218,1
1.0,800.0,2.0,1,218,1
1.0,2000.0,10.0,1,218,1
1.0,800.0,4.0,1,218,1
1.0,800.0,12.0,1,218,1
1.0,1800.0,2.0,1,218,1
1.0,1200.0,12.0,1,218,1
1.0,1600.0,12.0,1,218,1
1.0,1000.0,8.0,1,218,1
1.0,1400.0,12.0,1,218,1
1.0,2000.0,2.0,1,218,1
1.0,1600.0,8.0,1,218,1
1.0,800.0,6.0,1,218,1
1.0,1000.0,12.0,1,218,1
1.0,1800.0,10.0,1,218,1
1.0,1200.0,10.0,1,218,1
1.0,1200.0,2.0,1,218,1
1.0,2000.0,2.0,0,219,1
1.0,1800.0,6.0,0,219,1
1.0,1600.0,6.0,0,219,1
1.0,1800.0,2.0,0,219,1
1.0,1800.0,10.0,0,219,1
1.0,1000.0,10.0,0,219,1
0.0,800.0,10.0,0,219,1
1.0,1400.0,4.0,0,219,1
1.0,2000.0,6.0,0,219,1
1.0,1600.0,8.0,0,219,1
1.0,1000.0,6.0,0,219,1
1.0,1400.0,12.0,0,219,1
1.0,800.0,4.0,0,219,1
1.0,2000.0,10.0,0,219,1
1.0,1800.0,4.0,0,219,1
1.0,1000.0,2.0,0,219,1
1.0,1000.0,12.0,0,219,1
1.0,800.0,6.0,0,219,1
1.0,1400.0,10.0,0,219,1
1.0,800.0,8.0,0,219,1
1.0,1600.0,2.0,0,219,1
1.0,1800.0,8.0,0,219,1
1.0,1200.0,6.0,0,219,1
1.0,1600.0,12.0,0,219,1
1.0,1400.0,8.0,0,219,1
1.0,1200.0,2.0,0,219,1
1.0,2000.0,4.0,0,219,1
1.0,800.0,2.0,0,219,1
1.0,1200.0,10.0,0,219,1
1.0,1200.0,12.0,0,219,1
1.0,1000.0,4.0,0,219,1
1.0,1600.0,4.0,0,219,1
0.0,800.0,12.0,0,219,1
1.0,1400.0,6.0,0,219,1
1.0,1400.0,2.0,0,219,1
1.0,1000.0,8.0,0,219,1
1.0,1200.0,4.0,0,219,1
1.0,1200.0,8.0,0,219,1
1.0,1800.0,12.0,0,219,1
1.0,1600.0,10.0,0,219,1
1.0,2000.0,12.0,0,219,1
1.0,2000.0,8.0,0,219,1
1.0,1800.0,4.0,1,219,1
1.0,1400.0,6.0,1,219,1
1.0,1000.0,12.0,1,219,1
1.0,800.0,4.0,1,219,1
1.0,1800.0,6.0,1,219,1
1.0,1200.0,4.0,1,219,1
1.0,1600.0,6.0,1,219,1
1.0,2000.0,4.0,1,219,1
1.0,2000.0,8.0,1,219,1
1.0,2000.0,2.0,1,219,1
1.0,1800.0,10.0,1,219,1
1.0,1400.0,2.0,1,219,1
1.0,1400.0,8.0,1,219,1
1.0,1400.0,10.0,1,219,1
1.0,1600.0,4.0,1,219,1
1.0,1400.0,12.0,1,219,1
1.0,1200.0,10.0,1,219,1
1.0,1000.0,10.0,1,219,1
1.0,1800.0,12.0,1,219,1
0.0,800.0,12.0,1,219,1
1.0,1600.0,10.0,1,219,1
1.0,800.0,6.0,1,219,1
1.0,1000.0,8.0,1,219,1
1.0,1800.0,8.0,1,219,1
1.0,2000.0,12.0,1,219,1
1.0,1200.0,6.0,1,219,1
1.0,1800.0,2.0,1,219,1
1.0,1000.0,2.0,1,219,1
1.0,800.0,10.0,1,219,1
1.0,1400.0,4.0,1,219,1
1.0,1200.0,12.0,1,219,1
1.0,1000.0,4.0,1,219,1
1.0,1000.0,6.0,1,219,1
1.0,1600.0,2.0,1,219,1
1.0,2000.0,6.0,1,219,1
1.0,1200.0,8.0,1,219,1
1.0,2000.0,10.0,1,219,1
1.0,1600.0,12.0,1,219,1
1.0,1600.0,8.0,1,219,1
1.0,800.0,8.0,1,219,1
1.0,1200.0,2.0,1,219,1
1.0,800.0,2.0,1,219,1
1.0,800.0,8.0,1,220,1
1.0,1800.0,2.0,1,220,1
1.0,1200.0,10.0,1,220,1
1.0,1000.0,2.0,1,220,1
1.0,800.0,4.0,1,220,1
0.0,2000.0,10.0,1,220,1
0.0,1400.0,12.0,1,220,1
0.0,2000.0,2.0,1,220,1
1.0,1600.0,4.0,1,220,1
1.0,1200.0,6.0,1,220,1
1.0,800.0,6.0,1,220,1
1.0,800.0,12.0,1,220,1
1.0,1600.0,12.0,1,220,1
1.0,1600.0,2.0,1,220,1
1.0,1200.0,2.0,1,220,1
1.0,1400.0,4.0,1,220,1
1.0,1800.0,6.0,1,220,1
1.0,1600.0,10.0,1,220,1
1.0,800.0,2.0,1,220,1
1.0,1600.0,8.0,1,220,1
1.0,1000.0,4.0,1,220,1
1.0,1000.0,10.0,1,220,1
1.0,2000.0,6.0,1,220,1
1.0,1800.0,10.0,1,220,1
0.0,1800.0,12.0,1,220,1
0.0,800.0,10.0,1,220,1
1.0,1400.0,8.0,1,220,1
1.0,2000.0,8.0,1,220,1
0.0,1200.0,12.0,1,220,1
1.0,1400.0,10.0,1,220,1
1.0,1200.0,8.0,1,220,1
1.0,1200.0,4.0,1,220,1
1.0,1800.0,8.0,1,220,1
1.0,1000.0,6.0,1,220,1
1.0,2000.0,12.0,1,220,1
1.0,1400.0,2.0,1,220,1
0.0,1000.0,12.0,1,220,1
1.0,1800.0,4.0,1,220,1
1.0,1400.0,6.0,1,220,1
1.0,1000.0,8.0,1,220,1
1.0,1600.0,6.0,1,220,1
1.0,2000.0,4.0,1,220,1
1.0,1200.0,8.0,0,220,1
1.0,1400.0,8.0,0,220,1
1.0,2000.0,8.0,0,220,1
0.0,1000.0,12.0,0,220,1
1.0,1800.0,6.0,0,220,1
0.0,1000.0,10.0,0,220,1
1.0,1600.0,10.0,0,220,1
0.0,1200.0,12.0,0,220,1
1.0,1600.0,6.0,0,220,1
1.0,1200.0,2.0,0,220,1
0.0,800.0,12.0,0,220,1
1.0,1800.0,4.0,0,220,1
1.0,2000.0,4.0,0,220,1
1.0,1400.0,2.0,0,220,1
0.0,1800.0,10.0,0,220,1
0.0,1400.0,10.0,0,220,1
0.0,800.0,8.0,0,220,1
1.0,1800.0,2.0,0,220,1
1.0,1800.0,8.0,0,220,1
0.0,1800.0,12.0,0,220,1
1.0,1600.0,8.0,0,220,1
1.0,1200.0,4.0,0,220,1
1.0,800.0,2.0,0,220,1
1.0,1000.0,6.0,0,220,1
0.0,800.0,10.0,0,220,1
1.0,1600.0,4.0,0,220,1
0.0,1600.0,12.0,0,220,1
0.0,1400.0,12.0,0,220,1
1.0,2000.0,10.0,0,220,1
1.0,2000.0,2.0,0,220,1
1.0,1600.0,2.0,0,220,1
1.0,1200.0,6.0,0,220,1
1.0,1000.0,4.0,0,220,1
0.0,1200.0,10.0,0,220,1
1.0,1000.0,2.0,0,220,1
1.0,1400.0,6.0,0,220,1
1.0,2000.0,12.0,0,220,1
1.0,1400.0,4.0,0,220,1
1.0,1000.0,8.0,0,220,1
1.0,2000.0,6.0,0,220,1
1.0,800.0,4.0,0,220,1
0.0,800.0,6.0,0,220,1
1.0,1800.0,12.0,1,221,0
1.0,2000.0,4.0,1,221,0
1.0,1800.0,4.0,1,221,0
1.0,1200.0,6.0,1,221,0
1.0,1600.0,12.0,1,221,0
1.0,1000.0,8.0,1,221,0
1.0,1000.0,4.0,1,221,0
1.0,1000.0,6.0,1,221,0
1.0,1400.0,6.0,1,221,0
1.0,1200.0,2.0,1,221,0
1.0,2000.0,6.0,1,221,0
1.0,1200.0,8.0,1,221,0
1.0,1800.0,8.0,1,221,0
1.0,1200.0,4.0,1,221,0
0.0,800.0,10.0,1,221,0
0.0,800.0,8.0,1,221,0
1.0,1600.0,4.0,1,221,0
1.0,1800.0,6.0,1,221,0
0.0,800.0,12.0,1,221,0
1.0,1800.0,10.0,1,221,0
1.0,1600.0,6.0,1,221,0
1.0,800.0,2.0,1,221,0
1.0,1400.0,8.0,1,221,0
1.0,2000.0,2.0,1,221,0
1.0,1400.0,12.0,1,221,0
1.0,1400.0,4.0,1,221,0
1.0,1400.0,2.0,1,221,0
1.0,1000.0,12.0,1,221,0
1.0,1600.0,8.0,1,221,0
1.0,2000.0,12.0,1,221,0
1.0,1600.0,2.0,1,221,0
1.0,1000.0,2.0,1,221,0
1.0,1800.0,2.0,1,221,0
1.0,1200.0,10.0,1,221,0
1.0,1600.0,10.0,1,221,0
1.0,1200.0,12.0,1,221,0
1.0,2000.0,8.0,1,221,0
0.0,800.0,4.0,1,221,0
0.0,800.0,6.0,1,221,0
1.0,1000.0,10.0,1,221,0
1.0,1400.0,10.0,1,221,0
1.0,2000.0,10.0,1,221,0
1.0,1400.0,2.0,0,221,0
1.0,2000.0,6.0,0,221,0
1.0,1000.0,8.0,0,221,0
1.0,1800.0,6.0,0,221,0
1.0,2000.0,12.0,0,221,0
1.0,1800.0,4.0,0,221,0
1.0,1200.0,6.0,0,221,0
1.0,1400.0,6.0,0,221,0
1.0,1000.0,6.0,0,221,0
1.0,1200.0,4.0,0,221,0
1.0,1600.0,2.0,0,221,0
1.0,1600.0,8.0,0,221,0
1.0,1000.0,2.0,0,221,0
1.0,1600.0,12.0,0,221,0
1.0,1400.0,4.0,0,221,0
1.0,800.0,4.0,0,221,0
0.0,800.0,8.0,0,221,0
1.0,1000.0,10.0,0,221,0
1.0,1000.0,4.0,0,221,0
1.0,1600.0,10.0,0,221,0
1.0,1000.0,12.0,0,221,0
1.0,1400.0,8.0,0,221,0
1.0,1200.0,2.0,0,221,0
1.0,1800.0,2.0,0,221,0
1.0,1800.0,8.0,0,221,0
1.0,1800.0,12.0,0,221,0
1.0,2000.0,10.0,0,221,0
1.0,1200.0,12.0,0,221,0
1.0,1400.0,12.0,0,221,0
1.0,1800.0,10.0,0,221,0
1.0,800.0,2.0,0,221,0
0.0,800.0,12.0,0,221,0
1.0,1600.0,4.0,0,221,0
1.0,1200.0,8.0,0,221,0
0.0,800.0,6.0,0,221,0
1.0,1400.0,10.0,0,221,0
1.0,2000.0,8.0,0,221,0
1.0,1200.0,10.0,0,221,0
0.0,800.0,10.0,0,221,0
1.0,2000.0,2.0,0,221,0
1.0,1600.0,6.0,0,221,0
1.0,2000.0,4.0,0,221,0
1.0,2000.0,8.0,1,222,1
1.0,2000.0,4.0,1,222,1
1.0,1800.0,2.0,1,222,1
0.0,800.0,8.0,1,222,1
0.0,1600.0,10.0,1,222,1
1.0,1800.0,4.0,1,222,1
0.0,800.0,10.0,1,222,1
1.0,1200.0,4.0,1,222,1
1.0,1800.0,6.0,1,222,1
0.0,1600.0,12.0,1,222,1
0.0,1800.0,12.0,1,222,1
1.0,800.0,2.0,1,222,1
0.0,1400.0,10.0,1,222,1
0.0,1400.0,12.0,1,222,1
0.0,1800.0,8.0,1,222,1
1.0,1000.0,6.0,1,222,1
1.0,1600.0,4.0,1,222,1
1.0,1400.0,2.0,1,222,1
0.0,1000.0,12.0,1,222,1
1.0,800.0,4.0,1,222,1
1.0,1600.0,2.0,1,222,1
1.0,1200.0,8.0,1,222,1
1.0,1000.0,8.0,1,222,1
1.0,1000.0,2.0,1,222,1
1.0,1400.0,4.0,1,222,1
1.0,1400.0,8.0,1,222,1
1.0,1000.0,4.0,1,222,1
0.0,1000.0,10.0,1,222,1
1.0,800.0,6.0,1,222,1
0.0,800.0,12.0,1,222,1
0.0,2000.0,12.0,1,222,1
1.0,1200.0,2.0,1,222,1
0.0,2000.0,2.0,1,222,1
1.0,1400.0,6.0,1,222,1
1.0,1600.0,6.0,1,222,1
0.0,2000.0,10.0,1,222,1
0.0,1200.0,12.0,1,222,1
0.0,1200.0,10.0,1,222,1
0.0,1800.0,10.0,1,222,1
0.0,2000.0,6.0,1,222,1
0.0,1600.0,8.0,1,222,1
1.0,1200.0,6.0,1,222,1
0.0,1600.0,10.0,0,222,1
0.0,1800.0,10.0,0,222,1
1.0,1400.0,2.0,0,222,1
1.0,800.0,6.0,0,222,1
0.0,2000.0,2.0,0,222,1
1.0,1400.0,4.0,0,222,1
1.0,1200.0,2.0,0,222,1
0.0,2000.0,10.0,0,222,1
0.0,1400.0,10.0,0,222,1
1.0,1800.0,8.0,0,222,1
1.0,1000.0,4.0,0,222,1
1.0,1000.0,8.0,0,222,1
1.0,1800.0,6.0,0,222,1
0.0,1600.0,12.0,0,222,1
0.0,1200.0,10.0,0,222,1
1.0,1400.0,8.0,0,222,1
0.0,1000.0,10.0,0,222,1
1.0,1000.0,2.0,0,222,1
1.0,1000.0,6.0,0,222,1
1.0,1200.0,8.0,0,222,1
1.0,1800.0,4.0,0,222,1
1.0,1600.0,2.0,0,222,1
1.0,800.0,8.0,0,222,1
0.0,1400.0,12.0,0,222,1
1.0,800.0,4.0,0,222,1
1.0,1400.0,6.0,0,222,1
0.0,2000.0,4.0,0,222,1
1.0,1600.0,4.0,0,222,1
1.0,1000.0,12.0,0,222,1
1.0,1200.0,4.0,0,222,1
0.0,1200.0,12.0,0,222,1
1.0,1800.0,2.0,0,222,1
0.0,2000.0,6.0,0,222,1
0.0,800.0,2.0,0,222,1
0.0,2000.0,8.0,0,222,1
1.0,1600.0,6.0,0,222,1
0.0,800.0,10.0,0,222,1
0.0,800.0,12.0,0,222,1
0.0,1800.0,12.0,0,222,1
1.0,1600.0,8.0,0,222,1
0.0,2000.0,12.0,0,222,1
1.0,1200.0,6.0,0,222,1
1.0,1000.0,8.0,1,223,1
1.0,1000.0,12.0,1,223,1
0.0,800.0,12.0,1,223,1
1.0,1800.0,12.0,1,223,1
1.0,1400.0,8.0,1,223,1
1.0,1000.0,10.0,1,223,1
1.0,1400.0,4.0,1,223,1
1.0,2000.0,6.0,1,223,1
1.0,1000.0,4.0,1,223,1
0.0,1400.0,12.0,1,223,1
1.0,800.0,4.0,1,223,1
1.0,1600.0,10.0,1,223,1
1.0,800.0,10.0,1,223,1
1.0,1400.0,6.0,1,223,1
1.0,1200.0,8.0,1,223,1
1.0,1600.0,12.0,1,223,1
1.0,2000.0,10.0,1,223,1
1.0,1600.0,6.0,1,223,1
1.0,2000.0,4.0,1,223,1
1.0,1200.0,10.0,1,223,1
1.0,1600.0,4.0,1,223,1
1.0,1200.0,2.0,1,223,1
1.0,1600.0,2.0,1,223,1
1.0,1200.0,6.0,1,223,1
1.0,800.0,6.0,1,223,1
1.0,1000.0,6.0,1,223,1
1.0,800.0,2.0,1,223,1
1.0,800.0,8.0,1,223,1
1.0,2000.0,12.0,1,223,1
1.0,1600.0,8.0,1,223,1
1.0,1800.0,8.0,1,223,1
1.0,1800.0,10.0,1,223,1
1.0,1200.0,4.0,1,223,1
1.0,2000.0,8.0,1,223,1
1.0,1800.0,4.0,1,223,1
1.0,1200.0,12.0,1,223,1
1.0,1800.0,2.0,1,223,1
1.0,1400.0,10.0,1,223,1
1.0,1800.0,6.0,1,223,1
1.0,1400.0,2.0,1,223,1
1.0,1000.0,2.0,1,223,1
1.0,2000.0,2.0,1,223,1
1.0,1200.0,8.0,0,223,1
1.0,1600.0,6.0,0,223,1
0.0,1600.0,12.0,0,223,1
1.0,2000.0,6.0,0,223,1
0.0,800.0,12.0,0,223,1
1.0,2000.0,8.0,0,223,1
1.0,1800.0,2.0,0,223,1
1.0,1400.0,2.0,0,223,1
1.0,1400.0,8.0,0,223,1
1.0,1000.0,6.0,0,223,1
1.0,2000.0,2.0,0,223,1
1.0,800.0,4.0,0,223,1
1.0,1200.0,6.0,0,223,1
1.0,2000.0,12.0,0,223,1
0.0,1200.0,10.0,0,223,1
1.0,800.0,6.0,0,223,1
0.0,800.0,10.0,0,223,1
1.0,1800.0,4.0,0,223,1
1.0,800.0,2.0,0,223,1
1.0,1200.0,2.0,0,223,1
1.0,1600.0,10.0,0,223,1
1.0,1400.0,4.0,0,223,1
0.0,1000.0,12.0,0,223,1
1.0,1600.0,4.0,0,223,1
0.0,1200.0,12.0,0,223,1
1.0,1800.0,12.0,0,223,1
0.0,1000.0,10.0,0,223,1
0.0,1400.0,10.0,0,223,1
1.0,1400.0,6.0,0,223,1
0.0,1000.0,8.0,0,223,1
1.0,2000.0,4.0,0,223,1
1.0,1800.0,6.0,0,223,1
0.0,1400.0,12.0,0,223,1
1.0,1800.0,8.0,0,223,1
1.0,1800.0,10.0,0,223,1
1.0,1000.0,2.0,0,223,1
1.0,1000.0,4.0,0,223,1
0.0,800.0,8.0,0,223,1
1.0,1600.0,8.0,0,223,1
1.0,2000.0,10.0,0,223,1
1.0,1200.0,4.0,0,223,1
1.0,1600.0,2.0,0,223,1
1.0,1800.0,4.0,1,224,0
1.0,1800.0,2.0,1,224,0
1.0,1600.0,8.0,1,224,0
1.0,2000.0,10.0,1,224,0
1.0,1800.0,12.0,1,224,0
1.0,1600.0,12.0,1,224,0
1.0,1400.0,10.0,1,224,0
1.0,1200.0,6.0,1,224,0
1.0,1600.0,4.0,1,224,0
1.0,2000.0,8.0,1,224,0
1.0,2000.0,6.0,1,224,0
1.0,800.0,6.0,1,224,0
1.0,2000.0,4.0,1,224,0
1.0,1600.0,10.0,1,224,0
1.0,800.0,12.0,1,224,0
1.0,1000.0,6.0,1,224,0
1.0,1400.0,4.0,1,224,0
1.0,1200.0,8.0,1,224,0
1.0,800.0,10.0,1,224,0
1.0,1000.0,12.0,1,224,0
1.0,1000.0,8.0,1,224,0
1.0,800.0,4.0,1,224,0
1.0,1200.0,10.0,1,224,0
1.0,1200.0,12.0,1,224,0
1.0,1400.0,12.0,1,224,0
1.0,1000.0,4.0,1,224,0
1.0,2000.0,12.0,1,224,0
1.0,800.0,8.0,1,224,0
1.0,1800.0,10.0,1,224,0
1.0,1400.0,8.0,1,224,0
1.0,1400.0,2.0,1,224,0
1.0,1600.0,2.0,1,224,0
1.0,1000.0,2.0,1,224,0
1.0,1800.0,8.0,1,224,0
1.0,1800.0,6.0,1,224,0
1.0,1400.0,6.0,1,224,0
1.0,1600.0,6.0,1,224,0
1.0,800.0,2.0,1,224,0
1.0,1200.0,2.0,1,224,0
1.0,1000.0,10.0,1,224,0
1.0,2000.0,2.0,1,224,0
1.0,1200.0,4.0,1,224,0
1.0,1200.0,10.0,0,224,0
1.0,1800.0,12.0,0,224,0
1.0,800.0,10.0,0,224,0
1.0,1800.0,4.0,0,224,0
1.0,1600.0,6.0,0,224,0
1.0,1200.0,2.0,0,224,0
1.0,2000.0,12.0,0,224,0
1.0,1000.0,8.0,0,224,0
1.0,1800.0,8.0,0,224,0
1.0,2000.0,8.0,0,224,0
1.0,1800.0,6.0,0,224,0
1.0,1200.0,4.0,0,224,0
1.0,1400.0,12.0,0,224,0
1.0,1200.0,12.0,0,224,0
1.0,1000.0,12.0,0,224,0
1.0,800.0,8.0,0,224,0
1.0,1000.0,6.0,0,224,0
1.0,1200.0,8.0,0,224,0
1.0,1000.0,2.0,0,224,0
1.0,2000.0,4.0,0,224,0
1.0,800.0,12.0,0,224,0
1.0,2000.0,2.0,0,224,0
1.0,1400.0,4.0,0,224,0
1.0,1000.0,4.0,0,224,0
1.0,1600.0,10.0,0,224,0
1.0,1200.0,6.0,0,224,0
1.0,2000.0,10.0,0,224,0
1.0,1400.0,2.0,0,224,0
1.0,1800.0,2.0,0,224,0
1.0,800.0,2.0,0,224,0
1.0,1000.0,10.0,0,224,0
1.0,2000.0,6.0,0,224,0
1.0,1800.0,10.0,0,224,0
1.0,1600.0,2.0,0,224,0
1.0,800.0,6.0,0,224,0
1.0,1600.0,8.0,0,224,0
1.0,1600.0,4.0,0,224,0
1.0,1400.0,10.0,0,224,0
1.0,800.0,4.0,0,224,0
1.0,1600.0,12.0,0,224,0
1.0,1400.0,6.0,0,224,0
1.0,1400.0,8.0,0,224,0
0.0,2000.0,4.0,1,225,0
1.0,1200.0,6.0,1,225,0
1.0,1800.0,2.0,1,225,0
1.0,1200.0,12.0,1,225,0
1.0,1600.0,10.0,1,225,0
1.0,1400.0,4.0,1,225,0
0.0,1000.0,4.0,1,225,0
1.0,1400.0,10.0,1,225,0
0.0,1600.0,2.0,1,225,0
1.0,1000.0,8.0,1,225,0
1.0,1000.0,2.0,1,225,0
1.0,1800.0,8.0,1,225,0
1.0,2000.0,6.0,1,225,0
0.0,800.0,8.0,1,225,0
0.0,800.0,12.0,1,225,0
1.0,1600.0,12.0,1,225,0
1.0,1400.0,2.0,1,225,0
1.0,1000.0,6.0,1,225,0
1.0,1800.0,6.0,1,225,0
1.0,1800.0,12.0,1,225,0
1.0,1400.0,8.0,1,225,0
1.0,1400.0,12.0,1,225,0
0.0,800.0,4.0,1,225,0
1.0,1800.0,10.0,1,225,0
1.0,2000.0,12.0,1,225,0
0.0,1200.0,4.0,1,225,0
1.0,1000.0,10.0,1,225,0
0.0,800.0,2.0,1,225,0
1.0,2000.0,8.0,1,225,0
1.0,2000.0,2.0,1,225,0
0.0,800.0,6.0,1,225,0
1.0,1200.0,10.0,1,225,0
1.0,1600.0,8.0,1,225,0
1.0,1800.0,4.0,1,225,0
1.0,1600.0,6.0,1,225,0
1.0,1600.0,4.0,1,225,0
1.0,1200.0,2.0,1,225,0
1.0,1400.0,6.0,1,225,0
1.0,2000.0,10.0,1,225,0
0.0,1200.0,8.0,1,225,0
1.0,800.0,10.0,1,225,0
1.0,1000.0,12.0,1,225,0
1.0,1600.0,6.0,0,225,0
1.0,1800.0,2.0,0,225,0
1.0,2000.0,10.0,0,225,0
0.0,800.0,6.0,0,225,0
1.0,1600.0,10.0,0,225,0
0.0,800.0,8.0,0,225,0
0.0,1200.0,10.0,0,225,0
1.0,1400.0,12.0,0,225,0
1.0,1000.0,12.0,0,225,0
0.0,1000.0,4.0,0,225,0
1.0,1800.0,12.0,0,225,0
1.0,1400.0,6.0,0,225,0
1.0,1800.0,8.0,0,225,0
1.0,1600.0,8.0,0,225,0
1.0,1200.0,8.0,0,225,0
0.0,1600.0,2.0,0,225,0
1.0,2000.0,6.0,0,225,0
1.0,1000.0,10.0,0,225,0
0.0,1400.0,2.0,0,225,0
0.0,800.0,4.0,0,225,0
1.0,1800.0,10.0,0,225,0
1.0,2000.0,8.0,0,225,0
1.0,2000.0,4.0,0,225,0
0.0,800.0,12.0,0,225,0
1.0,1800.0,4.0,0,225,0
1.0,1400.0,4.0,0,225,0
0.0,1000.0,2.0,0,225,0
1.0,2000.0,12.0,0,225,0
1.0,1400.0,10.0,0,225,0
0.0,1000.0,6.0,0,225,0
1.0,2000.0,2.0,0,225,0
0.0,800.0,2.0,0,225,0
0.0,1200.0,12.0,0,225,0
1.0,1000.0,8.0,0,225,0
0.0,800.0,10.0,0,225,0
1.0,1600.0,4.0,0,225,0
1.0,1600.0,12.0,0,225,0
0.0,1200.0,6.0,0,225,0
0.0,1200.0,4.0,0,225,0
1.0,1800.0,6.0,0,225,0
1.0,1400.0,8.0,0,225,0
0.0,1200.0,2.0,0,225,0
1.0,1000.0,6.0,1,226,1
1.0,800.0,6.0,1,226,1
0.0,1800.0,12.0,1,226,1
0.0,1400.0,8.0,1,226,1
0.0,1800.0,6.0,1,226,1
0.0,1600.0,10.0,1,226,1
0.0,1800.0,10.0,1,226,1
0.0,1200.0,6.0,1,226,1
1.0,1600.0,6.0,1,226,1
0.0,1600.0,12.0,1,226,1
0.0,1600.0,8.0,1,226,1
0.0,2000.0,6.0,1,226,1
0.0,2000.0,10.0,1,226,1
0.0,1000.0,12.0,1,226,1
1.0,2000.0,2.0,1,226,1
1.0,800.0,4.0,1,226,1
1.0,1600.0,4.0,1,226,1
1.0,1400.0,4.0,1,226,1
1.0,800.0,2.0,1,226,1
0.0,2000.0,8.0,1,226,1
1.0,1000.0,2.0,1,226,1
0.0,800.0,12.0,1,226,1
1.0,1000.0,4.0,1,226,1
1.0,1200.0,4.0,1,226,1
0.0,1200.0,12.0,1,226,1
0.0,1000.0,10.0,1,226,1
0.0,2000.0,12.0,1,226,1
0.0,1000.0,8.0,1,226,1
0.0,1200.0,10.0,1,226,1
0.0,1400.0,10.0,1,226,1
1.0,2000.0,4.0,1,226,1
1.0,1600.0,2.0,1,226,1
1.0,1400.0,2.0,1,226,1
1.0,1800.0,4.0,1,226,1
0.0,1800.0,8.0,1,226,1
0.0,800.0,8.0,1,226,1
1.0,1800.0,2.0,1,226,1
1.0,1400.0,6.0,1,226,1
0.0,800.0,10.0,1,226,1
0.0,1400.0,12.0,1,226,1
0.0,1200.0,8.0,1,226,1
1.0,1200.0,2.0,1,226,1
0.0,1400.0,6.0,0,226,1
1.0,1400.0,4.0,0,226,1
1.0,800.0,2.0,0,226,1
1.0,1600.0,4.0,0,226,1
1.0,1800.0,4.0,0,226,1
0.0,2000.0,6.0,0,226,1
1.0,1600.0,2.0,0,226,1
1.0,2000.0,4.0,0,226,1
0.0,1000.0,8.0,0,226,1
0.0,800.0,8.0,0,226,1
0.0,2000.0,8.0,0,226,1
0.0,1000.0,6.0,0,226,1
0.0,800.0,10.0,0,226,1
0.0,1800.0,12.0,0,226,1
0.0,2000.0,12.0,0,226,1
0.0,800.0,12.0,0,226,1
1.0,1000.0,2.0,0,226,1
1.0,800.0,4.0,0,226,1
1.0,1000.0,4.0,0,226,1
0.0,1800.0,8.0,0,226,1
0.0,1400.0,10.0,0,226,1
0.0,1200.0,10.0,0,226,1
0.0,1200.0,8.0,0,226,1
0.0,1600.0,10.0,0,226,1
1.0,1400.0,2.0,0,226,1
0.0,1600.0,8.0,0,226,1
0.0,1600.0,12.0,0,226,1
0.0,1400.0,8.0,0,226,1
0.0,1000.0,12.0,0,226,1
0.0,1200.0,6.0,0,226,1
0.0,1400.0,12.0,0,226,1
0.0,1800.0,6.0,0,226,1
0.0,1200.0,12.0,0,226,1
0.0,800.0,6.0,0,226,1
0.0,1600.0,6.0,0,226,1
1.0,2000.0,2.0,0,226,1
0.0,1800.0,10.0,0,226,1
1.0,1800.0,2.0,0,226,1
1.0,1200.0,2.0,0,226,1
0.0,2000.0,10.0,0,226,1
1.0,1200.0,4.0,0,226,1
0.0,1000.0,10.0,0,226,1
1.0,1200.0,10.0,1,227,1
1.0,1200.0,4.0,1,227,1
1.0,1400.0,2.0,1,227,1
1.0,2000.0,8.0,1,227,1
1.0,2000.0,10.0,1,227,1
1.0,800.0,12.0,1,227,1
1.0,1800.0,2.0,1,227,1
1.0,1000.0,4.0,1,227,1
1.0,800.0,10.0,1,227,1
1.0,1000.0,6.0,1,227,1
1.0,1000.0,10.0,1,227,1
1.0,1800.0,4.0,1,227,1
1.0,1600.0,6.0,1,227,1
1.0,1600.0,4.0,1,227,1
1.0,800.0,2.0,1,227,1
1.0,800.0,8.0,1,227,1
1.0,1200.0,12.0,1,227,1
1.0,1000.0,8.0,1,227,1
1.0,1200.0,2.0,1,227,1
1.0,1800.0,8.0,1,227,1
1.0,1000.0,12.0,1,227,1
1.0,2000.0,2.0,1,227,1
1.0,1200.0,8.0,1,227,1
1.0,1400.0,6.0,1,227,1
1.0,1600.0,10.0,1,227,1
1.0,2000.0,6.0,1,227,1
1.0,1200.0,6.0,1,227,1
1.0,2000.0,4.0,1,227,1
1.0,1600.0,8.0,1,227,1
1.0,2000.0,12.0,1,227,1
1.0,800.0,4.0,1,227,1
1.0,1400.0,4.0,1,227,1
1.0,1400.0,8.0,1,227,1
1.0,1400.0,10.0,1,227,1
1.0,1600.0,2.0,1,227,1
1.0,1600.0,12.0,1,227,1
1.0,1800.0,10.0,1,227,1
1.0,1800.0,12.0,1,227,1
1.0,1800.0,6.0,1,227,1
1.0,800.0,6.0,1,227,1
1.0,1400.0,12.0,1,227,1
1.0,1000.0,2.0,1,227,1
1.0,1000.0,12.0,0,227,1
1.0,2000.0,4.0,0,227,1
1.0,1200.0,12.0,0,227,1
1.0,1600.0,6.0,0,227,1
1.0,1400.0,6.0,0,227,1
1.0,1800.0,10.0,0,227,1
1.0,1000.0,8.0,0,227,1
1.0,2000.0,10.0,0,227,1
1.0,1200.0,8.0,0,227,1
1.0,1200.0,6.0,0,227,1
1.0,800.0,4.0,0,227,1
1.0,1600.0,10.0,0,227,1
1.0,2000.0,2.0,0,227,1
1.0,2000.0,8.0,0,227,1
1.0,1800.0,4.0,0,227,1
1.0,2000.0,12.0,0,227,1
1.0,1000.0,4.0,0,227,1
1.0,1800.0,6.0,0,227,1
1.0,1400.0,4.0,0,227,1
1.0,1600.0,8.0,0,227,1
1.0,800.0,12.0,0,227,1
1.0,1400.0,12.0,0,227,1
1.0,1000.0,6.0,0,227,1
1.0,800.0,10.0,0,227,1
1.0,1800.0,12.0,0,227,1
1.0,1000.0,2.0,0,227,1
1.0,1800.0,8.0,0,227,1
1.0,1000.0,10.0,0,227,1
1.0,1200.0,2.0,0,227,1
1.0,1200.0,4.0,0,227,1
1.0,1800.0,2.0,0,227,1
1.0,1600.0,2.0,0,227,1
1.0,1200.0,10.0,0,227,1
1.0,1600.0,4.0,0,227,1
1.0,800.0,8.0,0,227,1
1.0,1400.0,8.0,0,227,1
1.0,1400.0,2.0,0,227,1
1.0,1400.0,10.0,0,227,1
1.0,1600.0,12.0,0,227,1
1.0,800.0,2.0,0,227,1
1.0,2000.0,6.0,0,227,1
1.0,800.0,6.0,0,227,1
1.0,2000.0,12.0,0,228,0
1.0,1600.0,8.0,0,228,0
1.0,1400.0,4.0,0,228,0
1.0,1000.0,8.0,0,228,0
1.0,1400.0,10.0,0,228,0
1.0,1200.0,6.0,0,228,0
1.0,1000.0,2.0,0,228,0
1.0,1000.0,6.0,0,228,0
1.0,1600.0,10.0,0,228,0
1.0,1400.0,6.0,0,228,0
1.0,2000.0,10.0,0,228,0
1.0,1000.0,4.0,0,228,0
1.0,1200.0,8.0,0,228,0
1.0,1400.0,8.0,0,228,0
1.0,1800.0,10.0,0,228,0
0.0,1200.0,10.0,0,228,0
1.0,1600.0,4.0,0,228,0
1.0,1800.0,2.0,0,228,0
1.0,1400.0,2.0,0,228,0
0.0,1600.0,12.0,0,228,0
1.0,800.0,2.0,0,228,0
1.0,1800.0,6.0,0,228,0
0.0,1000.0,10.0,0,228,0
1.0,1800.0,4.0,0,228,0
1.0,800.0,4.0,0,228,0
1.0,1800.0,8.0,0,228,0
0.0,800.0,6.0,0,228,0
0.0,800.0,10.0,0,228,0
1.0,1200.0,2.0,0,228,0
0.0,1000.0,12.0,0,228,0
0.0,1400.0,12.0,0,228,0
1.0,2000.0,8.0,0,228,0
1.0,2000.0,4.0,0,228,0
1.0,1200.0,4.0,0,228,0
0.0,800.0,12.0,0,228,0
1.0,1600.0,2.0,0,228,0
1.0,2000.0,2.0,0,228,0
0.0,1200.0,12.0,0,228,0
0.0,1800.0,12.0,0,228,0
1.0,2000.0,6.0,0,228,0
1.0,800.0,8.0,0,228,0
1.0,1600.0,6.0,0,228,0
1.0,1200.0,2.0,1,228,0
1.0,1200.0,4.0,1,228,0
1.0,1600.0,8.0,1,228,0
1.0,1800.0,2.0,1,228,0
1.0,2000.0,6.0,1,228,0
1.0,2000.0,10.0,1,228,0
1.0,1400.0,4.0,1,228,0
1.0,800.0,4.0,1,228,0
1.0,1200.0,6.0,1,228,0
1.0,1200.0,10.0,1,228,0
1.0,2000.0,4.0,1,228,0
1.0,800.0,12.0,1,228,0
1.0,1800.0,10.0,1,228,0
1.0,1800.0,6.0,1,228,0
1.0,1400.0,2.0,1,228,0
1.0,800.0,2.0,1,228,0
1.0,800.0,10.0,1,228,0
1.0,1000.0,10.0,1,228,0
1.0,800.0,8.0,1,228,0
1.0,1400.0,8.0,1,228,0
1.0,1000.0,4.0,1,228,0
1.0,1600.0,6.0,1,228,0
1.0,2000.0,2.0,1,228,0
1.0,1000.0,2.0,1,228,0
1.0,1600.0,4.0,1,228,0
1.0,800.0,6.0,1,228,0
1.0,1800.0,4.0,1,228,0
1.0,1800.0,12.0,1,228,0
1.0,2000.0,8.0,1,228,0
1.0,1200.0,8.0,1,228,0
1.0,1600.0,12.0,1,228,0
1.0,1600.0,2.0,1,228,0
1.0,1800.0,8.0,1,228,0
1.0,1000.0,6.0,1,228,0
1.0,2000.0,12.0,1,228,0
1.0,1000.0,8.0,1,228,0
1.0,1200.0,12.0,1,228,0
1.0,1000.0,12.0,1,228,0
1.0,1400.0,6.0,1,228,0
1.0,1400.0,10.0,1,228,0
1.0,1400.0,12.0,1,228,0
1.0,1600.0,10.0,1,228,0
1.0,1800.0,4.0,1,229,0
1.0,800.0,6.0,1,229,0
1.0,2000.0,4.0,1,229,0
1.0,1000.0,12.0,1,229,0
1.0,1600.0,2.0,1,229,0
1.0,1800.0,12.0,1,229,0
1.0,1200.0,12.0,1,229,0
1.0,2000.0,8.0,1,229,0
1.0,1000.0,4.0,1,229,0
1.0,2000.0,12.0,1,229,0
1.0,1600.0,12.0,1,229,0
1.0,1400.0,2.0,1,229,0
1.0,1400.0,8.0,1,229,0
1.0,800.0,8.0,1,229,0
1.0,800.0,4.0,1,229,0
1.0,1000.0,8.0,1,229,0
1.0,1200.0,2.0,1,229,0
1.0,1400.0,6.0,1,229,0
1.0,1600.0,10.0,1,229,0
1.0,1200.0,10.0,1,229,0
1.0,1600.0,8.0,1,229,0
1.0,1000.0,2.0,1,229,0
1.0,800.0,10.0,1,229,0
1.0,800.0,2.0,1,229,0
1.0,800.0,12.0,1,229,0
1.0,1600.0,4.0,1,229,0
1.0,1000.0,10.0,1,229,0
1.0,1200.0,8.0,1,229,0
1.0,2000.0,2.0,1,229,0
1.0,1200.0,6.0,1,229,0
1.0,1800.0,10.0,1,229,0
1.0,1800.0,6.0,1,229,0
1.0,1400.0,4.0,1,229,0
1.0,1200.0,4.0,1,229,0
1.0,1600.0,6.0,1,229,0
1.0,2000.0,6.0,1,229,0
1.0,1400.0,10.0,1,229,0
1.0,1800.0,8.0,1,229,0
1.0,1400.0,12.0,1,229,0
1.0,1800.0,2.0,1,229,0
1.0,1000.0,6.0,1,229,0
1.0,2000.0,10.0,1,229,0
1.0,1800.0,2.0,0,229,0
1.0,2000.0,12.0,0,229,0
1.0,1200.0,12.0,0,229,0
1.0,1800.0,4.0,0,229,0
1.0,800.0,4.0,0,229,0
1.0,1400.0,8.0,0,229,0
0.0,800.0,10.0,0,229,0
1.0,1600.0,8.0,0,229,0
1.0,1000.0,10.0,0,229,0
1.0,1000.0,8.0,0,229,0
1.0,1800.0,8.0,0,229,0
1.0,1400.0,6.0,0,229,0
1.0,1200.0,2.0,0,229,0
1.0,2000.0,8.0,0,229,0
1.0,1200.0,8.0,0,229,0
1.0,2000.0,4.0,0,229,0
1.0,1000.0,6.0,0,229,0
1.0,1600.0,12.0,0,229,0
1.0,1400.0,12.0,0,229,0
1.0,1600.0,2.0,0,229,0
1.0,2000.0,2.0,0,229,0
0.0,1000.0,12.0,0,229,0
1.0,1800.0,12.0,0,229,0
1.0,1600.0,10.0,0,229,0
1.0,1000.0,2.0,0,229,0
1.0,1400.0,2.0,0,229,0
1.0,1800.0,6.0,0,229,0
1.0,800.0,6.0,0,229,0
1.0,2000.0,6.0,0,229,0
1.0,1000.0,4.0,0,229,0
1.0,2000.0,10.0,0,229,0
1.0,1600.0,4.0,0,229,0
0.0,800.0,8.0,0,229,0
1.0,1400.0,10.0,0,229,0
0.0,800.0,12.0,0,229,0
1.0,1200.0,4.0,0,229,0
1.0,1400.0,4.0,0,229,0
1.0,1800.0,10.0,0,229,0
1.0,1600.0,6.0,0,229,0
1.0,800.0,2.0,0,229,0
1.0,1200.0,6.0,0,229,0
1.0,1200.0,10.0,0,229,0
1.0,1600.0,12.0,0,230,1
1.0,1000.0,4.0,0,230,1
1.0,1400.0,2.0,0,230,1
0.0,800.0,12.0,0,230,1
1.0,1000.0,10.0,0,230,1
1.0,1800.0,2.0,0,230,1
1.0,1200.0,2.0,0,230,1
1.0,1200.0,6.0,0,230,1
1.0,1000.0,2.0,0,230,1
1.0,1800.0,4.0,0,230,1
1.0,800.0,2.0,0,230,1
0.0,1400.0,12.0,0,230,1
1.0,1600.0,4.0,0,230,1
1.0,1800.0,6.0,0,230,1
1.0,1400.0,6.0,0,230,1
1.0,1800.0,8.0,0,230,1
1.0,1200.0,10.0,0,230,1
1.0,1400.0,8.0,0,230,1
0.0,2000.0,10.0,0,230,1
0.0,2000.0,8.0,0,230,1
1.0,1600.0,8.0,0,230,1
1.0,1400.0,10.0,0,230,1
1.0,800.0,4.0,0,230,1
1.0,1600.0,10.0,0,230,1
1.0,1600.0,6.0,0,230,1
1.0,2000.0,12.0,0,230,1
1.0,1200.0,8.0,0,230,1
0.0,800.0,10.0,0,230,1
1.0,1600.0,2.0,0,230,1
1.0,1800.0,10.0,0,230,1
1.0,1400.0,4.0,0,230,1
1.0,1000.0,8.0,0,230,1
1.0,800.0,8.0,0,230,1
1.0,1000.0,6.0,0,230,1
1.0,1200.0,12.0,0,230,1
1.0,1200.0,4.0,0,230,1
1.0,1800.0,12.0,0,230,1
1.0,2000.0,6.0,0,230,1
0.0,1000.0,12.0,0,230,1
1.0,800.0,6.0,0,230,1
1.0,2000.0,2.0,0,230,1
1.0,2000.0,4.0,0,230,1
1.0,1800.0,10.0,1,230,1
1.0,1000.0,12.0,1,230,1
1.0,1200.0,2.0,1,230,1
1.0,1400.0,10.0,1,230,1
0.0,1000.0,10.0,1,230,1
1.0,1000.0,6.0,1,230,1
1.0,1200.0,6.0,1,230,1
0.0,1400.0,12.0,1,230,1
0.0,800.0,10.0,1,230,1
1.0,1600.0,6.0,1,230,1
1.0,1000.0,4.0,1,230,1
1.0,800.0,6.0,1,230,1
1.0,1800.0,6.0,1,230,1
1.0,800.0,2.0,1,230,1
1.0,1800.0,4.0,1,230,1
1.0,1400.0,4.0,1,230,1
1.0,2000.0,8.0,1,230,1
1.0,1400.0,6.0,1,230,1
1.0,2000.0,12.0,1,230,1
1.0,1400.0,2.0,1,230,1
1.0,1200.0,8.0,1,230,1
1.0,1200.0,4.0,1,230,1
1.0,1200.0,10.0,1,230,1
1.0,1800.0,2.0,1,230,1
1.0,1600.0,8.0,1,230,1
1.0,2000.0,6.0,1,230,1
1.0,2000.0,2.0,1,230,1
1.0,1400.0,8.0,1,230,1
1.0,2000.0,4.0,1,230,1
1.0,1600.0,10.0,1,230,1
1.0,800.0,4.0,1,230,1
1.0,1600.0,4.0,1,230,1
1.0,1800.0,8.0,1,230,1
1.0,1000.0,8.0,1,230,1
0.0,1200.0,12.0,1,230,1
1.0,2000.0,10.0,1,230,1
1.0,1600.0,12.0,1,230,1
1.0,1800.0,12.0,1,230,1
1.0,1600.0,2.0,1,230,1
1.0,800.0,8.0,1,230,1
1.0,1000.0,2.0,1,230,1
0.0,800.0,12.0,1,230,1
1.0,1200.0,2.0,0,231,1
1.0,800.0,8.0,0,231,1
1.0,1800.0,8.0,0,231,1
1.0,1000.0,4.0,0,231,1
1.0,800.0,2.0,0,231,1
1.0,1000.0,6.0,0,231,1
1.0,800.0,12.0,0,231,1
1.0,1000.0,10.0,0,231,1
1.0,1200.0,8.0,0,231,1
1.0,1200.0,10.0,0,231,1
1.0,1400.0,8.0,0,231,1
1.0,1600.0,4.0,0,231,1
1.0,1400.0,10.0,0,231,1
1.0,1800.0,6.0,0,231,1
1.0,2000.0,10.0,0,231,1
1.0,1000.0,12.0,0,231,1
1.0,1600.0,12.0,0,231,1
1.0,800.0,10.0,0,231,1
1.0,1600.0,2.0,0,231,1
1.0,1200.0,6.0,0,231,1
1.0,1400.0,12.0,0,231,1
1.0,1400.0,4.0,0,231,1
1.0,1200.0,12.0,0,231,1
1.0,1800.0,12.0,0,231,1
1.0,1600.0,10.0,0,231,1
1.0,800.0,6.0,0,231,1
1.0,1400.0,6.0,0,231,1
1.0,1200.0,4.0,0,231,1
1.0,2000.0,12.0,0,231,1
1.0,2000.0,4.0,0,231,1
1.0,1800.0,2.0,0,231,1
1.0,1800.0,10.0,0,231,1
1.0,2000.0,8.0,0,231,1
1.0,1400.0,2.0,0,231,1
1.0,2000.0,2.0,0,231,1
1.0,1000.0,8.0,0,231,1
1.0,2000.0,6.0,0,231,1
1.0,800.0,4.0,0,231,1
1.0,1800.0,4.0,0,231,1
1.0,1000.0,2.0,0,231,1
1.0,1600.0,6.0,0,231,1
1.0,1600.0,8.0,0,231,1
1.0,1000.0,6.0,1,231,1
1.0,800.0,6.0,1,231,1
1.0,1400.0,12.0,1,231,1
1.0,1200.0,8.0,1,231,1
1.0,1800.0,8.0,1,231,1
1.0,1600.0,4.0,1,231,1
1.0,1800.0,4.0,1,231,1
1.0,1200.0,6.0,1,231,1
1.0,1000.0,2.0,1,231,1
1.0,1200.0,12.0,1,231,1
1.0,1800.0,10.0,1,231,1
1.0,2000.0,10.0,1,231,1
1.0,800.0,8.0,1,231,1
1.0,1600.0,8.0,1,231,1
1.0,1000.0,4.0,1,231,1
1.0,1200.0,2.0,1,231,1
1.0,1000.0,8.0,1,231,1
1.0,1200.0,4.0,1,231,1
1.0,2000.0,2.0,1,231,1
1.0,800.0,12.0,1,231,1
1.0,1400.0,8.0,1,231,1
1.0,2000.0,6.0,1,231,1
1.0,1000.0,12.0,1,231,1
1.0,1200.0,10.0,1,231,1
1.0,1800.0,2.0,1,231,1
1.0,1400.0,10.0,1,231,1
1.0,1600.0,12.0,1,231,1
1.0,1400.0,4.0,1,231,1
1.0,2000.0,12.0,1,231,1
1.0,800.0,4.0,1,231,1
1.0,1400.0,6.0,1,231,1
1.0,1800.0,12.0,1,231,1
1.0,1000.0,10.0,1,231,1
1.0,1600.0,2.0,1,231,1
1.0,800.0,2.0,1,231,1
1.0,1800.0,6.0,1,231,1
1.0,1600.0,6.0,1,231,1
1.0,1600.0,10.0,1,231,1
1.0,2000.0,8.0,1,231,1
1.0,1400.0,2.0,1,231,1
1.0,2000.0,4.0,1,231,1
1.0,800.0,10.0,1,231,1
1.0,1400.0,2.0,0,232,1
1.0,1000.0,2.0,0,232,1
1.0,800.0,2.0,0,232,1
1.0,2000.0,10.0,0,232,1
1.0,1800.0,12.0,0,232,1
1.0,1200.0,2.0,0,232,1
1.0,1000.0,4.0,0,232,1
1.0,1200.0,12.0,0,232,1
1.0,1800.0,2.0,0,232,1
1.0,1000.0,6.0,0,232,1
1.0,1200.0,6.0,0,232,1
1.0,2000.0,6.0,0,232,1
1.0,1000.0,12.0,0,232,1
1.0,1400.0,4.0,0,232,1
1.0,1600.0,12.0,0,232,1
1.0,1400.0,10.0,0,232,1
1.0,800.0,6.0,0,232,1
1.0,1800.0,6.0,0,232,1
1.0,1600.0,6.0,0,232,1
1.0,2000.0,8.0,0,232,1
1.0,2000.0,2.0,0,232,1
1.0,800.0,4.0,0,232,1
1.0,1800.0,4.0,0,232,1
1.0,800.0,12.0,0,232,1
1.0,1600.0,8.0,0,232,1
1.0,1600.0,10.0,0,232,1
1.0,1400.0,8.0,0,232,1
1.0,800.0,8.0,0,232,1
1.0,1000.0,8.0,0,232,1
1.0,1800.0,8.0,0,232,1
1.0,1000.0,10.0,0,232,1
1.0,1600.0,2.0,0,232,1
1.0,1200.0,8.0,0,232,1
1.0,2000.0,12.0,0,232,1
1.0,1200.0,10.0,0,232,1
1.0,800.0,10.0,0,232,1
1.0,1200.0,4.0,0,232,1
1.0,1400.0,6.0,0,232,1
1.0,1400.0,12.0,0,232,1
1.0,2000.0,4.0,0,232,1
1.0,1600.0,4.0,0,232,1
1.0,1800.0,10.0,0,232,1
1.0,800.0,6.0,1,232,1
1.0,800.0,12.0,1,232,1
1.0,1000.0,10.0,1,232,1
1.0,1200.0,2.0,1,232,1
1.0,2000.0,2.0,1,232,1
1.0,1600.0,10.0,1,232,1
1.0,1600.0,8.0,1,232,1
1.0,1400.0,8.0,1,232,1
1.0,1600.0,12.0,1,232,1
1.0,1200.0,6.0,1,232,1
1.0,1400.0,2.0,1,232,1
1.0,1600.0,6.0,1,232,1
1.0,1200.0,8.0,1,232,1
1.0,2000.0,8.0,1,232,1
1.0,1800.0,10.0,1,232,1
1.0,1200.0,4.0,1,232,1
1.0,1000.0,6.0,1,232,1
1.0,1400.0,6.0,1,232,1
1.0,1800.0,12.0,1,232,1
1.0,1400.0,12.0,1,232,1
1.0,2000.0,4.0,1,232,1
1.0,2000.0,10.0,1,232,1
1.0,800.0,2.0,1,232,1
1.0,1600.0,2.0,1,232,1
1.0,1000.0,12.0,1,232,1
1.0,1400.0,10.0,1,232,1
1.0,1400.0,4.0,1,232,1
1.0,1800.0,2.0,1,232,1
1.0,1200.0,10.0,1,232,1
1.0,2000.0,12.0,1,232,1
1.0,1000.0,8.0,1,232,1
1.0,1600.0,4.0,1,232,1
1.0,1800.0,6.0,1,232,1
1.0,1000.0,2.0,1,232,1
1.0,1800.0,8.0,1,232,1
1.0,800.0,4.0,1,232,1
1.0,2000.0,6.0,1,232,1
1.0,800.0,10.0,1,232,1
1.0,800.0,8.0,1,232,1
1.0,1800.0,4.0,1,232,1
1.0,1000.0,4.0,1,232,1
1.0,1200.0,12.0,1,232,1
1.0,1800.0,4.0,1,233,0
1.0,1400.0,12.0,1,233,0
1.0,1200.0,12.0,1,233,0
1.0,800.0,2.0,1,233,0
1.0,1000.0,8.0,1,233,0
1.0,1200.0,8.0,1,233,0
1.0,1600.0,6.0,1,233,0
1.0,1000.0,4.0,1,233,0
1.0,1600.0,10.0,1,233,0
1.0,1800.0,6.0,1,233,0
1.0,1600.0,12.0,1,233,0
1.0,1200.0,10.0,1,233,0
1.0,1000.0,6.0,1,233,0
1.0,1000.0,10.0,1,233,0
1.0,2000.0,12.0,1,233,0
1.0,1000.0,12.0,1,233,0
1.0,2000.0,6.0,1,233,0
1.0,1400.0,4.0,1,233,0
1.0,1000.0,2.0,1,233,0
1.0,1800.0,12.0,1,233,0
1.0,1200.0,6.0,1,233,0
1.0,800.0,4.0,1,233,0
1.0,1600.0,4.0,1,233,0
1.0,1600.0,2.0,1,233,0
1.0,2000.0,10.0,1,233,0
1.0,1400.0,10.0,1,233,0
1.0,1800.0,10.0,1,233,0
1.0,1400.0,8.0,1,233,0
1.0,800.0,6.0,1,233,0
1.0,1800.0,2.0,1,233,0
1.0,800.0,10.0,1,233,0
1.0,1200.0,2.0,1,233,0
1.0,800.0,8.0,1,233,0
1.0,1200.0,4.0,1,233,0
1.0,1800.0,8.0,1,233,0
1.0,2000.0,2.0,1,233,0
1.0,1600.0,8.0,1,233,0
1.0,1400.0,6.0,1,233,0
1.0,2000.0,4.0,1,233,0
1.0,800.0,12.0,1,233,0
1.0,1400.0,2.0,1,233,0
1.0,2000.0,8.0,1,233,0
1.0,1000.0,12.0,0,233,0
1.0,1800.0,4.0,0,233,0
1.0,1400.0,6.0,0,233,0
1.0,1400.0,2.0,0,233,0
1.0,2000.0,4.0,0,233,0
1.0,2000.0,10.0,0,233,0
1.0,1800.0,2.0,0,233,0
1.0,800.0,4.0,0,233,0
1.0,800.0,12.0,0,233,0
1.0,1400.0,12.0,0,233,0
1.0,1400.0,8.0,0,233,0
1.0,1200.0,10.0,0,233,0
1.0,1600.0,2.0,0,233,0
1.0,1800.0,12.0,0,233,0
1.0,800.0,6.0,0,233,0
1.0,800.0,8.0,0,233,0
1.0,1800.0,6.0,0,233,0
1.0,2000.0,2.0,0,233,0
1.0,800.0,10.0,0,233,0
1.0,1200.0,6.0,0,233,0
1.0,1600.0,10.0,0,233,0
1.0,1000.0,2.0,0,233,0
1.0,2000.0,8.0,0,233,0
1.0,1200.0,2.0,0,233,0
1.0,2000.0,12.0,0,233,0
1.0,1200.0,12.0,0,233,0
1.0,1800.0,8.0,0,233,0
1.0,1600.0,6.0,0,233,0
1.0,1200.0,4.0,0,233,0
1.0,1600.0,8.0,0,233,0
1.0,1600.0,12.0,0,233,0
1.0,1400.0,4.0,0,233,0
1.0,2000.0,6.0,0,233,0
1.0,1000.0,8.0,0,233,0
1.0,1800.0,10.0,0,233,0
1.0,1600.0,4.0,0,233,0
1.0,1200.0,8.0,0,233,0
1.0,1000.0,4.0,0,233,0
1.0,800.0,2.0,0,233,0
1.0,1400.0,10.0,0,233,0
1.0,1000.0,10.0,0,233,0
1.0,1000.0,6.0,0,233,0
1.0,1000.0,2.0,0,234,1
1.0,1600.0,2.0,0,234,1
1.0,800.0,4.0,0,234,1
1.0,1600.0,12.0,0,234,1
1.0,1600.0,10.0,0,234,1
1.0,1400.0,6.0,0,234,1
1.0,800.0,2.0,0,234,1
1.0,800.0,6.0,0,234,1
1.0,2000.0,4.0,0,234,1
1.0,2000.0,10.0,0,234,1
1.0,800.0,8.0,0,234,1
1.0,1400.0,8.0,0,234,1
1.0,1600.0,4.0,0,234,1
1.0,800.0,12.0,0,234,1
1.0,1200.0,2.0,0,234,1
1.0,1200.0,4.0,0,234,1
1.0,2000.0,6.0,0,234,1
1.0,1800.0,6.0,0,234,1
1.0,2000.0,2.0,0,234,1
1.0,1400.0,10.0,0,234,1
1.0,1200.0,10.0,0,234,1
1.0,1400.0,4.0,0,234,1
1.0,2000.0,8.0,0,234,1
1.0,1400.0,2.0,0,234,1
1.0,1000.0,6.0,0,234,1
1.0,1800.0,12.0,0,234,1
1.0,2000.0,12.0,0,234,1
1.0,1000.0,12.0,0,234,1
1.0,1800.0,4.0,0,234,1
1.0,1000.0,10.0,0,234,1
1.0,1600.0,6.0,0,234,1
1.0,1000.0,4.0,0,234,1
1.0,1800.0,10.0,0,234,1
1.0,1200.0,8.0,0,234,1
1.0,800.0,10.0,0,234,1
1.0,1200.0,6.0,0,234,1
1.0,1400.0,12.0,0,234,1
1.0,1800.0,2.0,0,234,1
1.0,1000.0,8.0,0,234,1
1.0,1200.0,12.0,0,234,1
1.0,1800.0,8.0,0,234,1
1.0,1600.0,8.0,0,234,1
1.0,1000.0,6.0,1,234,1
1.0,1000.0,12.0,1,234,1
1.0,800.0,2.0,1,234,1
1.0,1600.0,2.0,1,234,1
1.0,1800.0,8.0,1,234,1
1.0,1800.0,6.0,1,234,1
1.0,1400.0,6.0,1,234,1
1.0,1000.0,2.0,1,234,1
1.0,1400.0,10.0,1,234,1
1.0,1200.0,4.0,1,234,1
1.0,2000.0,8.0,1,234,1
1.0,1400.0,2.0,1,234,1
1.0,2000.0,4.0,1,234,1
1.0,2000.0,2.0,1,234,1
1.0,2000.0,12.0,1,234,1
1.0,1600.0,10.0,1,234,1
1.0,800.0,6.0,1,234,1
1.0,800.0,8.0,1,234,1
1.0,1200.0,8.0,1,234,1
1.0,2000.0,10.0,1,234,1
1.0,2000.0,6.0,1,234,1
1.0,1000.0,10.0,1,234,1
1.0,800.0,12.0,1,234,1
1.0,1800.0,10.0,1,234,1
1.0,1000.0,8.0,1,234,1
1.0,1000.0,4.0,1,234,1
1.0,1600.0,6.0,1,234,1
1.0,1600.0,8.0,1,234,1
1.0,1200.0,6.0,1,234,1
1.0,1600.0,12.0,1,234,1
1.0,1800.0,12.0,1,234,1
1.0,1400.0,8.0,1,234,1
1.0,1800.0,4.0,1,234,1
1.0,1800.0,2.0,1,234,1
1.0,800.0,4.0,1,234,1
1.0,1400.0,12.0,1,234,1
1.0,1200.0,12.0,1,234,1
1.0,1200.0,2.0,1,234,1
1.0,1400.0,4.0,1,234,1
1.0,800.0,10.0,1,234,1
1.0,1200.0,10.0,1,234,1
1.0,1600.0,4.0,1,234,1
0.0,1000.0,12.0,0,235,0
0.0,800.0,6.0,0,235,0
0.0,1000.0,10.0,0,235,0
0.0,1200.0,12.0,0,235,0
1.0,2000.0,8.0,0,235,0
1.0,2000.0,2.0,0,235,0
1.0,2000.0,10.0,0,235,0
0.0,1400.0,12.0,0,235,0
0.0,1800.0,12.0,0,235,0
0.0,1200.0,8.0,0,235,0
1.0,2000.0,4.0,0,235,0
0.0,800.0,4.0,0,235,0
0.0,1600.0,12.0,0,235,0
0.0,800.0,10.0,0,235,0
0.0,800.0,8.0,0,235,0
1.0,1000.0,2.0,0,235,0
1.0,1600.0,6.0,0,235,0
0.0,1400.0,6.0,0,235,0
1.0,1400.0,2.0,0,235,0
0.0,1600.0,8.0,0,235,0
0.0,1800.0,10.0,0,235,0
0.0,1000.0,8.0,0,235,0
0.0,800.0,12.0,0,235,0
0.0,1400.0,4.0,0,235,0
0.0,1200.0,4.0,0,235,0
1.0,1800.0,4.0,0,235,0
1.0,1600.0,2.0,0,235,0
0.0,1200.0,6.0,0,235,0
0.0,1200.0,10.0,0,235,0
0.0,1400.0,8.0,0,235,0
0.0,1600.0,4.0,0,235,0
0.0,1800.0,8.0,0,235,0
1.0,1800.0,2.0,0,235,0
0.0,1400.0,10.0,0,235,0
0.0,1000.0,6.0,0,235,0
0.0,1000.0,4.0,0,235,0
1.0,1200.0,2.0,0,235,0
1.0,800.0,2.0,0,235,0
0.0,1600.0,10.0,0,235,0
0.0,1800.0,6.0,0,235,0
0.0,2000.0,12.0,0,235,0
1.0,2000.0,6.0,0,235,0
1.0,1600.0,2.0,1,235,0
1.0,2000.0,12.0,1,235,0
1.0,1800.0,12.0,1,235,0
1.0,800.0,12.0,1,235,0
1.0,800.0,6.0,1,235,0
1.0,1600.0,8.0,1,235,0
1.0,1200.0,8.0,1,235,0
1.0,1800.0,8.0,1,235,0
1.0,1000.0,4.0,1,235,0
1.0,1400.0,6.0,1,235,0
1.0,800.0,4.0,1,235,0
1.0,2000.0,2.0,1,235,0
1.0,2000.0,6.0,1,235,0
1.0,1800.0,4.0,1,235,0
1.0,1000.0,8.0,1,235,0
1.0,800.0,8.0,1,235,0
1.0,1600.0,12.0,1,235,0
1.0,800.0,10.0,1,235,0
1.0,1800.0,6.0,1,235,0
1.0,2000.0,10.0,1,235,0
1.0,2000.0,8.0,1,235,0
1.0,1600.0,10.0,1,235,0
1.0,1400.0,10.0,1,235,0
1.0,1800.0,10.0,1,235,0
1.0,1200.0,10.0,1,235,0
1.0,1800.0,2.0,1,235,0
1.0,1600.0,4.0,1,235,0
1.0,1000.0,10.0,1,235,0
1.0,1200.0,2.0,1,235,0
1.0,800.0,2.0,1,235,0
1.0,1200.0,6.0,1,235,0
1.0,1000.0,12.0,1,235,0
1.0,1000.0,6.0,1,235,0
1.0,1200.0,12.0,1,235,0
1.0,2000.0,4.0,1,235,0
1.0,1200.0,4.0,1,235,0
1.0,1400.0,4.0,1,235,0
1.0,1600.0,6.0,1,235,0
1.0,1400.0,12.0,1,235,0
1.0,1000.0,2.0,1,235,0
1.0,1400.0,8.0,1,235,0
1.0,1400.0,2.0,1,235,0
0.0,1600.0,4.0,1,236,1
0.0,1000.0,10.0,1,236,1
0.0,1600.0,10.0,1,236,1
0.0,1200.0,2.0,1,236,1
1.0,2000.0,8.0,1,236,1
0.0,1000.0,2.0,1,236,1
0.0,1600.0,2.0,1,236,1
0.0,800.0,8.0,1,236,1
0.0,1800.0,2.0,1,236,1
0.0,1000.0,12.0,1,236,1
0.0,1200.0,12.0,1,236,1
0.0,1800.0,4.0,1,236,1
0.0,1000.0,8.0,1,236,1
0.0,1800.0,12.0,1,236,1
1.0,2000.0,4.0,1,236,1
0.0,1800.0,10.0,1,236,1
0.0,1200.0,4.0,1,236,1
0.0,1200.0,6.0,1,236,1
0.0,1600.0,12.0,1,236,1
0.0,2000.0,6.0,1,236,1
0.0,800.0,12.0,1,236,1
0.0,1400.0,10.0,1,236,1
0.0,1400.0,12.0,1,236,1
0.0,1400.0,6.0,1,236,1
0.0,1200.0,10.0,1,236,1
0.0,800.0,6.0,1,236,1
0.0,1800.0,6.0,1,236,1
0.0,800.0,4.0,1,236,1
1.0,2000.0,2.0,1,236,1
0.0,800.0,2.0,1,236,1
0.0,1800.0,8.0,1,236,1
0.0,1200.0,8.0,1,236,1
1.0,2000.0,12.0,1,236,1
0.0,1400.0,2.0,1,236,1
0.0,1000.0,6.0,1,236,1
1.0,2000.0,10.0,1,236,1
0.0,1600.0,8.0,1,236,1
0.0,1600.0,6.0,1,236,1
0.0,800.0,10.0,1,236,1
0.0,1400.0,8.0,1,236,1
0.0,1400.0,4.0,1,236,1
0.0,1000.0,4.0,1,236,1
0.0,800.0,4.0,0,236,1
0.0,1600.0,4.0,0,236,1
0.0,1600.0,12.0,0,236,1
0.0,1000.0,8.0,0,236,1
0.0,1200.0,4.0,0,236,1
0.0,1800.0,2.0,0,236,1
0.0,1000.0,12.0,0,236,1
0.0,1800.0,10.0,0,236,1
0.0,1800.0,6.0,0,236,1
0.0,1200.0,10.0,0,236,1
1.0,2000.0,12.0,0,236,1
0.0,1400.0,12.0,0,236,1
0.0,1800.0,8.0,0,236,1
0.0,1400.0,8.0,0,236,1
0.0,800.0,8.0,0,236,1
0.0,1000.0,6.0,0,236,1
0.0,1400.0,2.0,0,236,1
1.0,2000.0,6.0,0,236,1
0.0,1400.0,6.0,0,236,1
0.0,1200.0,2.0,0,236,1
0.0,800.0,2.0,0,236,1
1.0,2000.0,8.0,0,236,1
0.0,1400.0,10.0,0,236,1
0.0,1600.0,2.0,0,236,1
1.0,2000.0,4.0,0,236,1
0.0,1600.0,10.0,0,236,1
0.0,800.0,10.0,0,236,1
0.0,800.0,12.0,0,236,1
0.0,1000.0,4.0,0,236,1
0.0,1200.0,8.0,0,236,1
0.0,1200.0,12.0,0,236,1
0.0,800.0,6.0,0,236,1
0.0,1400.0,4.0,0,236,1
1.0,2000.0,2.0,0,236,1
0.0,1000.0,2.0,0,236,1
0.0,1600.0,6.0,0,236,1
0.0,1800.0,12.0,0,236,1
0.0,1000.0,10.0,0,236,1
1.0,2000.0,10.0,0,236,1
0.0,1200.0,6.0,0,236,1
0.0,1600.0,8.0,0,236,1
0.0,1800.0,4.0,0,236,1
1.0,1200.0,4.0,1,237,1
1.0,2000.0,4.0,1,237,1
1.0,2000.0,12.0,1,237,1
1.0,1600.0,8.0,1,237,1
1.0,1200.0,10.0,1,237,1
1.0,1200.0,2.0,1,237,1
0.0,1400.0,10.0,1,237,1
1.0,2000.0,2.0,1,237,1
1.0,800.0,4.0,1,237,1
1.0,1400.0,2.0,1,237,1
1.0,1800.0,12.0,1,237,1
1.0,1200.0,12.0,1,237,1
1.0,1600.0,10.0,1,237,1
1.0,1000.0,2.0,1,237,1
0.0,1800.0,2.0,1,237,1
1.0,2000.0,6.0,1,237,1
1.0,1400.0,8.0,1,237,1
0.0,1800.0,8.0,1,237,1
1.0,1000.0,10.0,1,237,1
1.0,2000.0,10.0,1,237,1
1.0,1600.0,6.0,1,237,1
0.0,1600.0,2.0,1,237,1
1.0,800.0,2.0,1,237,1
1.0,800.0,10.0,1,237,1
1.0,800.0,6.0,1,237,1
1.0,1000.0,4.0,1,237,1
1.0,1600.0,4.0,1,237,1
1.0,1800.0,4.0,1,237,1
1.0,1800.0,10.0,1,237,1
1.0,1800.0,6.0,1,237,1
1.0,1000.0,6.0,1,237,1
1.0,1400.0,12.0,1,237,1
1.0,1200.0,6.0,1,237,1
1.0,1000.0,12.0,1,237,1
1.0,2000.0,8.0,1,237,1
1.0,1200.0,8.0,1,237,1
1.0,800.0,8.0,1,237,1
1.0,800.0,12.0,1,237,1
1.0,1400.0,4.0,1,237,1
1.0,1400.0,6.0,1,237,1
1.0,1600.0,12.0,1,237,1
1.0,1000.0,8.0,1,237,1
0.0,1200.0,10.0,0,237,1
0.0,1400.0,6.0,0,237,1
1.0,1200.0,2.0,0,237,1
1.0,2000.0,12.0,0,237,1
1.0,1800.0,8.0,0,237,1
1.0,1000.0,12.0,0,237,1
1.0,1600.0,2.0,0,237,1
1.0,1400.0,2.0,0,237,1
1.0,1000.0,8.0,0,237,1
1.0,1600.0,10.0,0,237,1
1.0,1200.0,6.0,0,237,1
1.0,2000.0,6.0,0,237,1
1.0,1600.0,8.0,0,237,1
1.0,1800.0,10.0,0,237,1
1.0,1800.0,2.0,0,237,1
1.0,800.0,10.0,0,237,1
1.0,1000.0,6.0,0,237,1
1.0,1000.0,10.0,0,237,1
1.0,2000.0,10.0,0,237,1
1.0,800.0,4.0,0,237,1
1.0,1400.0,10.0,0,237,1
1.0,1800.0,6.0,0,237,1
1.0,1200.0,8.0,0,237,1
1.0,2000.0,4.0,0,237,1
1.0,1800.0,4.0,0,237,1
1.0,1200.0,12.0,0,237,1
1.0,800.0,12.0,0,237,1
1.0,1000.0,2.0,0,237,1
1.0,1800.0,12.0,0,237,1
1.0,2000.0,2.0,0,237,1
1.0,800.0,8.0,0,237,1
1.0,1200.0,4.0,0,237,1
1.0,1600.0,4.0,0,237,1
1.0,800.0,2.0,0,237,1
1.0,1400.0,8.0,0,237,1
1.0,1600.0,6.0,0,237,1
1.0,1400.0,4.0,0,237,1
1.0,1400.0,12.0,0,237,1
1.0,1600.0,12.0,0,237,1
1.0,800.0,6.0,0,237,1
1.0,1000.0,4.0,0,237,1
1.0,2000.0,8.0,0,237,1
1.0,1600.0,4.0,1,238,0
1.0,800.0,4.0,1,238,0
1.0,1200.0,8.0,1,238,0
1.0,1800.0,12.0,1,238,0
1.0,1800.0,10.0,1,238,0
1.0,1000.0,6.0,1,238,0
1.0,800.0,2.0,1,238,0
1.0,1200.0,10.0,1,238,0
1.0,1200.0,12.0,1,238,0
1.0,2000.0,10.0,1,238,0
1.0,1400.0,12.0,1,238,0
1.0,2000.0,8.0,1,238,0
1.0,1800.0,4.0,1,238,0
1.0,1600.0,2.0,1,238,0
1.0,2000.0,2.0,1,238,0
1.0,1800.0,8.0,1,238,0
1.0,2000.0,12.0,1,238,0
1.0,1400.0,4.0,1,238,0
1.0,800.0,10.0,1,238,0
1.0,1600.0,8.0,1,238,0
1.0,1600.0,10.0,1,238,0
1.0,2000.0,4.0,1,238,0
1.0,1800.0,6.0,1,238,0
1.0,1200.0,6.0,1,238,0
1.0,1600.0,6.0,1,238,0
1.0,800.0,6.0,1,238,0
1.0,1000.0,2.0,1,238,0
1.0,1000.0,10.0,1,238,0
1.0,1000.0,8.0,1,238,0
1.0,1400.0,6.0,1,238,0
1.0,2000.0,6.0,1,238,0
1.0,1400.0,8.0,1,238,0
1.0,1200.0,2.0,1,238,0
1.0,1600.0,12.0,1,238,0
1.0,1400.0,10.0,1,238,0
1.0,1000.0,12.0,1,238,0
1.0,800.0,8.0,1,238,0
1.0,1400.0,2.0,1,238,0
1.0,1200.0,4.0,1,238,0
1.0,1800.0,2.0,1,238,0
1.0,1000.0,4.0,1,238,0
1.0,800.0,12.0,1,238,0
1.0,1800.0,12.0,0,238,0
1.0,2000.0,4.0,0,238,0
1.0,1000.0,10.0,0,238,0
1.0,2000.0,6.0,0,238,0
1.0,800.0,4.0,0,238,0
1.0,1200.0,2.0,0,238,0
1.0,2000.0,2.0,0,238,0
1.0,1400.0,6.0,0,238,0
1.0,800.0,8.0,0,238,0
1.0,1800.0,2.0,0,238,0
0.0,800.0,12.0,0,238,0
0.0,800.0,10.0,0,238,0
1.0,2000.0,12.0,0,238,0
1.0,1000.0,12.0,0,238,0
1.0,1600.0,8.0,0,238,0
1.0,1400.0,2.0,0,238,0
1.0,1200.0,4.0,0,238,0
1.0,1600.0,6.0,0,238,0
1.0,1200.0,12.0,0,238,0
1.0,800.0,2.0,0,238,0
1.0,1200.0,8.0,0,238,0
1.0,1400.0,12.0,0,238,0
1.0,1600.0,10.0,0,238,0
1.0,1000.0,6.0,0,238,0
1.0,1000.0,4.0,0,238,0
1.0,1800.0,6.0,0,238,0
1.0,1800.0,8.0,0,238,0
1.0,1800.0,4.0,0,238,0
1.0,1200.0,10.0,0,238,0
1.0,1000.0,2.0,0,238,0
1.0,1800.0,10.0,0,238,0
1.0,1000.0,8.0,0,238,0
1.0,1400.0,10.0,0,238,0
1.0,2000.0,8.0,0,238,0
1.0,1200.0,6.0,0,238,0
1.0,1600.0,4.0,0,238,0
1.0,1600.0,2.0,0,238,0
1.0,1600.0,12.0,0,238,0
1.0,1400.0,8.0,0,238,0
1.0,1400.0,4.0,0,238,0
1.0,2000.0,10.0,0,238,0
1.0,800.0,6.0,0,238,0
0.0,1000.0,8.0,1,239,1
0.0,800.0,8.0,1,239,1
0.0,1600.0,12.0,1,239,1
1.0,1200.0,8.0,1,239,1
1.0,1200.0,6.0,1,239,1
0.0,1000.0,12.0,1,239,1
1.0,1800.0,8.0,1,239,1
0.0,1600.0,10.0,1,239,1
1.0,1400.0,6.0,1,239,1
1.0,1600.0,4.0,1,239,1
1.0,1400.0,2.0,1,239,1
1.0,2000.0,8.0,1,239,1
0.0,1400.0,12.0,1,239,1
1.0,2000.0,2.0,1,239,1
1.0,1800.0,2.0,1,239,1
0.0,800.0,6.0,1,239,1
0.0,1400.0,10.0,1,239,1
1.0,2000.0,4.0,1,239,1
1.0,1400.0,8.0,1,239,1
0.0,1200.0,12.0,1,239,1
1.0,2000.0,10.0,1,239,1
1.0,1800.0,6.0,1,239,1
1.0,1200.0,2.0,1,239,1
0.0,1200.0,10.0,1,239,1
0.0,800.0,10.0,1,239,1
1.0,1800.0,10.0,1,239,1
1.0,1400.0,4.0,1,239,1
0.0,1000.0,10.0,1,239,1
0.0,1800.0,12.0,1,239,1
1.0,1800.0,4.0,1,239,1
1.0,1000.0,4.0,1,239,1
1.0,1600.0,2.0,1,239,1
1.0,2000.0,12.0,1,239,1
1.0,800.0,4.0,1,239,1
1.0,1600.0,8.0,1,239,1
1.0,1000.0,6.0,1,239,1
1.0,800.0,2.0,1,239,1
0.0,800.0,12.0,1,239,1
1.0,1000.0,2.0,1,239,1
1.0,1600.0,6.0,1,239,1
1.0,2000.0,6.0,1,239,1
1.0,1200.0,4.0,1,239,1
0.0,1400.0,12.0,0,239,1
0.0,1600.0,8.0,0,239,1
0.0,1200.0,4.0,0,239,1
0.0,2000.0,12.0,0,239,1
0.0,1800.0,12.0,0,239,1
1.0,1600.0,2.0,0,239,1
1.0,1600.0,4.0,0,239,1
0.0,1600.0,10.0,0,239,1
0.0,1000.0,8.0,0,239,1
0.0,1800.0,6.0,0,239,1
1.0,1000.0,2.0,0,239,1
1.0,1800.0,2.0,0,239,1
0.0,1400.0,8.0,0,239,1
0.0,1000.0,6.0,0,239,1
0.0,1400.0,6.0,0,239,1
0.0,1000.0,12.0,0,239,1
0.0,2000.0,10.0,0,239,1
1.0,2000.0,2.0,0,239,1
1.0,1400.0,4.0,0,239,1
0.0,1800.0,8.0,0,239,1
0.0,1200.0,6.0,0,239,1
0.0,1800.0,10.0,0,239,1
1.0,1000.0,4.0,0,239,1
0.0,800.0,8.0,0,239,1
0.0,800.0,6.0,0,239,1
0.0,1200.0,10.0,0,239,1
0.0,1000.0,10.0,0,239,1
1.0,1200.0,2.0,0,239,1
1.0,800.0,4.0,0,239,1
1.0,1400.0,2.0,0,239,1
0.0,800.0,10.0,0,239,1
1.0,1800.0,4.0,0,239,1
0.0,1200.0,8.0,0,239,1
0.0,2000.0,8.0,0,239,1
1.0,2000.0,6.0,0,239,1
0.0,800.0,12.0,0,239,1
0.0,1400.0,10.0,0,239,1
0.0,1600.0,6.0,0,239,1
1.0,800.0,2.0,0,239,1
0.0,1600.0,12.0,0,239,1
1.0,2000.0,4.0,0,239,1
0.0,1200.0,12.0,0,239,1
1.0,1400.0,8.0,1,240,0
1.0,1400.0,10.0,1,240,0
1.0,1400.0,12.0,1,240,0
1.0,2000.0,10.0,1,240,0
1.0,1200.0,10.0,1,240,0
1.0,800.0,10.0,1,240,0
1.0,1000.0,6.0,1,240,0
1.0,1800.0,4.0,1,240,0
1.0,1600.0,10.0,1,240,0
1.0,1400.0,6.0,1,240,0
1.0,2000.0,4.0,1,240,0
1.0,1600.0,6.0,1,240,0
1.0,1000.0,8.0,1,240,0
1.0,1000.0,2.0,1,240,0
1.0,1600.0,4.0,1,240,0
1.0,1800.0,6.0,1,240,0
1.0,1200.0,8.0,1,240,0
1.0,2000.0,2.0,1,240,0
1.0,800.0,4.0,1,240,0
1.0,2000.0,12.0,1,240,0
1.0,1000.0,12.0,1,240,0
1.0,800.0,2.0,1,240,0
1.0,1200.0,6.0,1,240,0
1.0,1400.0,4.0,1,240,0
1.0,1400.0,2.0,1,240,0
1.0,1800.0,10.0,1,240,0
1.0,2000.0,8.0,1,240,0
1.0,1200.0,2.0,1,240,0
1.0,1200.0,4.0,1,240,0
1.0,800.0,12.0,1,240,0
1.0,1600.0,2.0,1,240,0
1.0,1800.0,8.0,1,240,0
1.0,1200.0,12.0,1,240,0
1.0,1800.0,2.0,1,240,0
1.0,1600.0,12.0,1,240,0
1.0,1000.0,10.0,1,240,0
1.0,1800.0,12.0,1,240,0
1.0,2000.0,6.0,1,240,0
1.0,800.0,8.0,1,240,0
1.0,800.0,6.0,1,240,0
1.0,1000.0,4.0,1,240,0
1.0,1600.0,8.0,1,240,0
1.0,800.0,6.0,0,240,0
1.0,1000.0,10.0,0,240,0
1.0,1400.0,4.0,0,240,0
1.0,1800.0,4.0,0,240,0
1.0,1400.0,2.0,0,240,0
1.0,2000.0,8.0,0,240,0
1.0,1600.0,6.0,0,240,0
1.0,1800.0,6.0,0,240,0
1.0,1800.0,8.0,0,240,0
1.0,1000.0,8.0,0,240,0
1.0,1600.0,2.0,0,240,0
1.0,1400.0,12.0,0,240,0
1.0,1800.0,2.0,0,240,0
1.0,1200.0,2.0,0,240,0
1.0,800.0,8.0,0,240,0
1.0,800.0,12.0,0,240,0
1.0,1600.0,8.0,0,240,0
1.0,800.0,4.0,0,240,0
1.0,1800.0,10.0,0,240,0
1.0,2000.0,4.0,0,240,0
1.0,2000.0,6.0,0,240,0
1.0,1400.0,8.0,0,240,0
1.0,1600.0,12.0,0,240,0
1.0,1000.0,12.0,0,240,0
1.0,1600.0,4.0,0,240,0
1.0,1600.0,10.0,0,240,0
1.0,1200.0,10.0,0,240,0
1.0,1200.0,6.0,0,240,0
1.0,2000.0,10.0,0,240,0
1.0,2000.0,12.0,0,240,0
1.0,1200.0,4.0,0,240,0
1.0,800.0,10.0,0,240,0
1.0,1200.0,8.0,0,240,0
1.0,1000.0,4.0,0,240,0
1.0,1000.0,2.0,0,240,0
1.0,800.0,2.0,0,240,0
1.0,1400.0,10.0,0,240,0
1.0,1800.0,12.0,0,240,0
1.0,1000.0,6.0,0,240,0
1.0,1200.0,12.0,0,240,0
1.0,1400.0,6.0,0,240,0
1.0,2000.0,2.0,0,240,0
1.0,1400.0,4.0,0,241,0
1.0,1400.0,2.0,0,241,0
1.0,1800.0,8.0,0,241,0
1.0,800.0,12.0,0,241,0
1.0,1800.0,12.0,0,241,0
1.0,1400.0,6.0,0,241,0
1.0,1000.0,10.0,0,241,0
1.0,1200.0,2.0,0,241,0
1.0,1600.0,12.0,0,241,0
1.0,1400.0,10.0,0,241,0
1.0,2000.0,8.0,0,241,0
1.0,1000.0,6.0,0,241,0
1.0,1400.0,8.0,0,241,0
1.0,1800.0,2.0,0,241,0
1.0,800.0,4.0,0,241,0
1.0,1000.0,4.0,0,241,0
1.0,800.0,10.0,0,241,0
1.0,1200.0,8.0,0,241,0
1.0,1600.0,10.0,0,241,0
1.0,1400.0,12.0,0,241,0
1.0,1800.0,4.0,0,241,0
1.0,1200.0,4.0,0,241,0
1.0,1200.0,12.0,0,241,0
1.0,1600.0,2.0,0,241,0
1.0,1800.0,6.0,0,241,0
1.0,1000.0,8.0,0,241,0
1.0,1600.0,4.0,0,241,0
1.0,1200.0,6.0,0,241,0
1.0,1600.0,8.0,0,241,0
1.0,1800.0,10.0,0,241,0
1.0,1000.0,2.0,0,241,0
1.0,2000.0,4.0,0,241,0
1.0,1600.0,6.0,0,241,0
1.0,1200.0,10.0,0,241,0
1.0,2000.0,6.0,0,241,0
1.0,800.0,2.0,0,241,0
1.0,2000.0,10.0,0,241,0
1.0,1000.0,12.0,0,241,0
1.0,2000.0,2.0,0,241,0
1.0,800.0,8.0,0,241,0
1.0,2000.0,12.0,0,241,0
1.0,800.0,6.0,0,241,0
1.0,1400.0,4.0,1,241,0
1.0,1000.0,4.0,1,241,0
1.0,800.0,12.0,1,241,0
1.0,1600.0,10.0,1,241,0
1.0,1600.0,4.0,1,241,0
1.0,1600.0,2.0,1,241,0
1.0,800.0,10.0,1,241,0
1.0,1000.0,12.0,1,241,0
1.0,1800.0,10.0,1,241,0
1.0,1200.0,12.0,1,241,0
1.0,1200.0,10.0,1,241,0
1.0,2000.0,6.0,1,241,0
1.0,1400.0,6.0,1,241,0
1.0,1000.0,6.0,1,241,0
1.0,2000.0,8.0,1,241,0
1.0,2000.0,10.0,1,241,0
1.0,1600.0,6.0,1,241,0
1.0,1200.0,6.0,1,241,0
1.0,800.0,8.0,1,241,0
1.0,1800.0,2.0,1,241,0
1.0,1000.0,2.0,1,241,0
1.0,1000.0,8.0,1,241,0
1.0,800.0,4.0,1,241,0
1.0,1400.0,8.0,1,241,0
1.0,2000.0,12.0,1,241,0
1.0,1800.0,12.0,1,241,0
1.0,800.0,2.0,1,241,0
1.0,2000.0,4.0,1,241,0
1.0,1800.0,4.0,1,241,0
1.0,800.0,6.0,1,241,0
1.0,1200.0,8.0,1,241,0
1.0,1400.0,10.0,1,241,0
1.0,1200.0,2.0,1,241,0
1.0,1800.0,6.0,1,241,0
1.0,1400.0,2.0,1,241,0
1.0,1600.0,8.0,1,241,0
1.0,2000.0,2.0,1,241,0
1.0,1400.0,12.0,1,241,0
1.0,1800.0,8.0,1,241,0
1.0,1200.0,4.0,1,241,0
1.0,1600.0,12.0,1,241,0
1.0,1000.0,10.0,1,241,0
1.0,1000.0,8.0,0,242,1
1.0,1200.0,12.0,0,242,1
1.0,1800.0,10.0,0,242,1
1.0,1600.0,8.0,0,242,1
1.0,1200.0,2.0,0,242,1
1.0,2000.0,8.0,0,242,1
1.0,1400.0,6.0,0,242,1
1.0,2000.0,12.0,0,242,1
1.0,1600.0,12.0,0,242,1
1.0,1800.0,6.0,0,242,1
1.0,1000.0,2.0,0,242,1
1.0,1000.0,6.0,0,242,1
1.0,1200.0,4.0,0,242,1
1.0,1200.0,6.0,0,242,1
1.0,800.0,6.0,0,242,1
1.0,1400.0,10.0,0,242,1
1.0,1200.0,8.0,0,242,1
1.0,1600.0,4.0,0,242,1
1.0,1800.0,2.0,0,242,1
1.0,2000.0,6.0,0,242,1
1.0,2000.0,10.0,0,242,1
1.0,1000.0,12.0,0,242,1
1.0,1400.0,8.0,0,242,1
1.0,1400.0,12.0,0,242,1
1.0,800.0,2.0,0,242,1
1.0,1800.0,12.0,0,242,1
1.0,800.0,12.0,0,242,1
1.0,1800.0,4.0,0,242,1
1.0,800.0,4.0,0,242,1
1.0,1200.0,10.0,0,242,1
1.0,1000.0,10.0,0,242,1
1.0,1600.0,6.0,0,242,1
1.0,1600.0,2.0,0,242,1
1.0,1600.0,10.0,0,242,1
1.0,1400.0,2.0,0,242,1
1.0,2000.0,2.0,0,242,1
1.0,800.0,8.0,0,242,1
1.0,1400.0,4.0,0,242,1
1.0,1000.0,4.0,0,242,1
1.0,1800.0,8.0,0,242,1
1.0,2000.0,4.0,0,242,1
1.0,800.0,10.0,0,242,1
1.0,2000.0,8.0,1,242,1
1.0,800.0,2.0,1,242,1
1.0,800.0,10.0,1,242,1
1.0,1800.0,6.0,1,242,1
1.0,1800.0,4.0,1,242,1
1.0,1000.0,2.0,1,242,1
1.0,1000.0,6.0,1,242,1
1.0,1400.0,8.0,1,242,1
1.0,1800.0,2.0,1,242,1
1.0,1800.0,10.0,1,242,1
1.0,800.0,4.0,1,242,1
1.0,1400.0,10.0,1,242,1
1.0,1600.0,6.0,1,242,1
1.0,1000.0,4.0,1,242,1
1.0,1600.0,2.0,1,242,1
1.0,1200.0,6.0,1,242,1
1.0,1400.0,6.0,1,242,1
1.0,2000.0,4.0,1,242,1
1.0,1600.0,12.0,1,242,1
1.0,1200.0,8.0,1,242,1
1.0,800.0,6.0,1,242,1
0.0,800.0,12.0,1,242,1
1.0,1400.0,4.0,1,242,1
1.0,1600.0,4.0,1,242,1
1.0,1000.0,12.0,1,242,1
1.0,2000.0,12.0,1,242,1
0.0,1200.0,12.0,1,242,1
1.0,1200.0,10.0,1,242,1
1.0,2000.0,6.0,1,242,1
1.0,2000.0,2.0,1,242,1
1.0,1400.0,2.0,1,242,1
1.0,800.0,8.0,1,242,1
1.0,2000.0,10.0,1,242,1
1.0,1600.0,10.0,1,242,1
1.0,1000.0,10.0,1,242,1
1.0,1200.0,4.0,1,242,1
1.0,1000.0,8.0,1,242,1
0.0,1400.0,12.0,1,242,1
1.0,1200.0,2.0,1,242,1
0.0,1800.0,12.0,1,242,1
1.0,1600.0,8.0,1,242,1
1.0,1800.0,8.0,1,242,1
0.0,800.0,6.0,0,243,0
1.0,1000.0,2.0,0,243,0
1.0,1000.0,6.0,0,243,0
1.0,1000.0,8.0,0,243,0
1.0,1800.0,10.0,0,243,0
1.0,1200.0,12.0,0,243,0
1.0,800.0,10.0,0,243,0
1.0,2000.0,2.0,0,243,0
1.0,1800.0,2.0,0,243,0
1.0,1600.0,4.0,0,243,0
1.0,1200.0,6.0,0,243,0
1.0,2000.0,8.0,0,243,0
1.0,1600.0,8.0,0,243,0
1.0,1800.0,6.0,0,243,0
1.0,1800.0,12.0,0,243,0
1.0,1000.0,10.0,0,243,0
1.0,1800.0,8.0,0,243,0
1.0,1000.0,4.0,0,243,0
1.0,1200.0,4.0,0,243,0
1.0,1600.0,6.0,0,243,0
1.0,1400.0,4.0,0,243,0
1.0,2000.0,10.0,0,243,0
1.0,2000.0,12.0,0,243,0
1.0,1400.0,12.0,0,243,0
1.0,800.0,4.0,0,243,0
1.0,2000.0,4.0,0,243,0
1.0,1600.0,10.0,0,243,0
1.0,800.0,2.0,0,243,0
1.0,1800.0,4.0,0,243,0
1.0,1200.0,8.0,0,243,0
1.0,1400.0,2.0,0,243,0
1.0,1600.0,12.0,0,243,0
1.0,1400.0,8.0,0,243,0
1.0,1200.0,2.0,0,243,0
1.0,800.0,12.0,0,243,0
1.0,1000.0,12.0,0,243,0
1.0,2000.0,6.0,0,243,0
1.0,1400.0,6.0,0,243,0
1.0,1200.0,10.0,0,243,0
1.0,1400.0,10.0,0,243,0
1.0,800.0,8.0,0,243,0
1.0,1600.0,2.0,0,243,0
1.0,1000.0,6.0,1,243,0
1.0,1800.0,6.0,1,243,0
1.0,800.0,4.0,1,243,0
1.0,1200.0,8.0,1,243,0
1.0,1600.0,12.0,1,243,0
1.0,2000.0,12.0,1,243,0
1.0,800.0,6.0,1,243,0
1.0,1000.0,8.0,1,243,0
1.0,2000.0,8.0,1,243,0
1.0,800.0,10.0,1,243,0
1.0,800.0,12.0,1,243,0
1.0,2000.0,10.0,1,243,0
1.0,800.0,2.0,1,243,0
1.0,1600.0,8.0,1,243,0
1.0,1800.0,2.0,1,243,0
1.0,1800.0,10.0,1,243,0
1.0,1600.0,10.0,1,243,0
1.0,1800.0,12.0,1,243,0
1.0,1400.0,2.0,1,243,0
1.0,800.0,8.0,1,243,0
1.0,2000.0,4.0,1,243,0
1.0,2000.0,2.0,1,243,0
1.0,1000.0,2.0,1,243,0
1.0,1200.0,12.0,1,243,0
1.0,1400.0,10.0,1,243,0
1.0,1200.0,2.0,1,243,0
1.0,1000.0,12.0,1,243,0
1.0,1600.0,2.0,1,243,0
1.0,1800.0,4.0,1,243,0
1.0,1800.0,8.0,1,243,0
1.0,1400.0,8.0,1,243,0
1.0,1200.0,4.0,1,243,0
1.0,1200.0,10.0,1,243,0
1.0,1400.0,6.0,1,243,0
1.0,2000.0,6.0,1,243,0
1.0,1400.0,12.0,1,243,0
1.0,1000.0,4.0,1,243,0
1.0,1200.0,6.0,1,243,0
1.0,1400.0,4.0,1,243,0
1.0,1600.0,6.0,1,243,0
1.0,1600.0,4.0,1,243,0
1.0,1000.0,10.0,1,243,0
